mode_mnlc_o,mode_mnlc_d,2,3,4,5,6,7,mode
504,513,0.029,0.0,0.0,0.0,0.0,0.0,DLR
504,523,6.908,14.5529995,25.278,27.184,16.689001,3.137,DLR
504,533,21.502,30.176,59.146,51.748,23.684,2.847,DLR
504,538,4.738,15.753,39.521,46.195,27.443,13.82,DLR
504,559,6.2539997,23.861,28.202,27.31,22.68,10.511,DLR
504,573,76.71,114.237,172.287,344.296,180.513,58.552,DLR
504,719,131.902,1204.742,723.271,711.537,284.316,113.742,DLR
504,749,0.899,23.076,39.173,45.502,28.198,13.175,DLR
504,750,6.032,11.661,45.628,32.364998,24.258,13.974,DLR
504,757,34.522,260.29,237.983,263.877,115.019,39.766,DLR
504,842,5.918,54.729,13.234,17.771,2.151,2.5,DLR
504,850,1.214,0.655,5.134,6.692,3.229,0.648,DLR
504,851,1.84,3.812,5.305,5.724,3.3960001,1.553,DLR
504,853,0.791,7.469,6.587,6.224,4.342,1.484,DLR
504,854,1.662,3.829,3.398,3.427,0.294,0.243,DLR
504,855,1.591,7.436,0.949,0.055,0.606,0.0,DLR
504,857,0.0,0.555,1.825,3.4720001,0.862,1.346,DLR
504,858,0.55,7.344,6.197,5.284,1.695,1.237,DLR
504,859,0.0,1.387,2.946,1.88,0.549,1.512,DLR
504,860,2.689,3.866,5.546,5.262,2.055,1.419,DLR
504,861,0.90000004,8.178,5.257,4.119,0.54,1.469,DLR
504,862,0.0,9.843,4.879,7.198,6.239,1.543,DLR
504,864,2.077,3.956,5.321,3.188,2.201,1.526,DLR
504,865,1.674,1.586,6.289,4.867,1.014,1.516,DLR
504,866,0.345,3.357,6.352,4.998,1.705,0.0,DLR
504,867,0.79300004,4.306,3.89,3.777,2.884,2.441,DLR
504,879,0.0,3.638,11.384,3.53,1.185,0.252,DLR
504,882,0.0,2.264,3.514,1.965,2.592,1.55,DLR
504,883,1.241,13.558,5.625,8.624,4.482,1.048,DLR
504,884,6.338,97.811,52.074,47.391,35.832,18.881,DLR
504,886,0.311,2.732,11.712,8.812,9.618,3.924,DLR
504,887,0.165,5.124,5.308,4.936,4.954,0.0,DLR
504,888,0.515,3.038,8.7039995,5.683,3.503,0.63199997,DLR
504,889,14.068,27.16,39.069,37.72,15.514,4.238,DLR
504,890,0.689,2.948,6.307,4.574,6.812,1.359,DLR
504,891,1.054,0.010000001,5.174,3.48,0.697,0.518,DLR
504,893,0.218,10.467,15.436,3.399,2.422,0.503,DLR
504,894,0.45499998,4.614,4.072,2.192,2.645,1.557,DLR
504,895,1.725,4.173,10.457,11.178,4.379,0.77,DLR
504,897,0.0,1.645,3.657,4.744,1.706,1.335,DLR
504,928,0.0,0.832,0.86,0.894,0.691,0.0,DLR
504,940,2.247,6.908,13.631,25.67,5.189,1.339,DLR
513,504,0.0,0.0,0.0,0.0,0.0,0.285,DLR
513,523,26.209,52.261,49.031,167.358,55.157,44.357,DLR
513,533,135.189,409.783,671.624,917.637,93.608,24.007,DLR
513,538,21.647,118.006,108.51,383.057,185.629,121.817,DLR
513,559,15.034,79.221,73.82,192.133,74.87,54.391,DLR
513,573,154.139,445.871,626.861,1277.996,640.837,408.524,DLR
513,749,0.0,0.0,0.037,0.0,0.21800001,0.086,DLR
513,750,0.0,0.0,0.661,0.0,0.598,0.404,DLR
513,757,0.0,0.0,0.0,0.0,0.027,0.0,DLR
513,842,181.647,2176.407,1795.5,2545.41,566.497,177.242,DLR
513,850,1.59,21.14,65.348,100.637,45.067,18.352,DLR
513,851,0.39,0.378,2.616,2.833,1.997,0.574,DLR
513,853,20.121,101.89,156.403,134.357,53.601,18.559,DLR
513,854,28.281,198.33,390.448,646.563,314.706,198.131,DLR
513,855,79.171,773.465,612.18097,621.585,231.896,117.951004,DLR
513,856,12.252,87.188,188.498,355.034,184.834,128.876,DLR
513,857,5.337,40.704,151.554,379.539,186.319,116.24,DLR
513,858,15.782,92.847,274.07,721.613,229.974,193.444,DLR
513,859,0.827,2.805,0.235,0.49,0.924,0.328,DLR
513,860,50.166,438.508,791.237,1269.122,612.845,420.806,DLR
513,861,69.635,948.391,617.793,776.183,403.008,224.201,DLR
513,862,149.049,744.146,1175.057,2443.497,1001.951,668.764,DLR
513,864,0.0,2.171,8.832,8.434,2.304,1.638,DLR
513,865,64.647,432.845,667.016,998.364,512.219,391.066,DLR
513,866,0.449,3.025,23.745,32.512,12.521,12.671,DLR
513,867,2.047,12.959,25.701,28.097,20.498,12.771,DLR
513,879,45.735,348.352,884.253,620.818,307.57,192.451,DLR
513,882,22.662,138.04,175.175,346.574,187.224,128.509,DLR
513,883,40.542,251.349,234.95801,434.305,233.839,160.446,DLR
513,884,16.806,44.729,72.473,345.921,95.364,71.934,DLR
513,886,4.87,29.891,23.454,211.34,85.005,31.428,DLR
513,887,4.179,47.736,13.94,89.153,30.331,12.759,DLR
513,888,6.859,43.249,14.559,120.803,41.285,15.221,DLR
513,889,2.074,0.395,1.758,0.0,0.444,1.103,DLR
513,890,2.574,18.02,10.567,90.126,32.151,12.419,DLR
513,891,3.28,5.816,5.161,26.038,10.57,3.563,DLR
513,893,1.637,21.705,8.932,42.287,12.591,3.936,DLR
513,894,2.132,21.034,7.243,67.52,29.747,10.101,DLR
513,895,2.934,17.801,13.014,125.643,34.454,8.128,DLR
513,897,23.403,59.365,236.618,336.915,201.347,155.095,DLR
513,898,21.035,31.955,93.422,161.76399,96.996,64.057,DLR
513,928,7.673,44.665,110.142,70.775,62.518,39.418,DLR
513,940,35.989,135.005,275.332,616.249,179.48,84.179,DLR
523,504,3.887,18.646,26.888,12.177,1.609,0.82,DLR
523,513,58.264,149.587,79.632,69.172,21.031,6.713,DLR
523,533,2.8,12.043,12.301,8.387,3.1660001,0.077,DLR
523,538,0.558,3.244,14.148,4.8059998,3.059,0.111,DLR
523,559,2.192,13.663,28.009,10.681,1.564,1.146,DLR
523,573,52.093998,155.647,165.533,153.021,58.334,26.626,DLR
523,719,41.242,129.147,119.121,96.077,33.167,8.109,DLR
523,749,2.552,12.601,13.278,8.906,5.03,0.978,DLR
523,750,2.5,4.423,5.991,3.258,2.048,0.55300003,DLR
523,757,13.83,66.699,37.096,48.216,17.613,4.044,DLR
523,842,6.466,5.583,6.0,7.071,0.219,0.0,DLR
523,851,0.0,2.27,3.56,1.49,0.31,0.0,DLR
523,854,0.366,1.905,1.933,1.972,0.392,0.0,DLR
523,856,0.384,3.1890001,0.49,0.654,0.526,0.0,DLR
523,858,4.746,8.913,18.0,14.246,2.457,0.0,DLR
523,860,4.68,30.230999,18.266,9.468,4.399,1.942,DLR
523,861,0.379,7.439,2.946,2.83,0.324,0.0,DLR
523,862,20.898,9.2109995,6.152,2.255,2.8769999,3.468,DLR
523,864,3.307,6.784,5.513,3.169,0.397,0.0,DLR
523,865,4.671,9.127,8.192,3.401,0.417,0.0,DLR
523,866,0.0,2.467,2.7879999,0.639,1.037,0.0,DLR
523,867,2.249,2.205,0.394,3.2810001,0.439,0.0,DLR
523,879,0.261,3.443,4.435,1.498,0.271,0.0,DLR
523,882,4.54,0.0,3.142,1.559,1.034,0.0,DLR
523,883,0.799,12.8,3.144,1.755,2.164,1.709,DLR
523,884,113.876,216.334,230.492,147.596,68.596,25.582,DLR
523,886,0.0,0.442,9.2,6.034,0.65,0.024,DLR
523,887,0.681,0.832,2.493,1.67,1.271,0.036,DLR
523,888,0.0,0.572,2.23,1.634,0.314,0.0,DLR
523,889,9.2439995,11.618,17.418,6.184,1.573,0.0,DLR
523,890,0.0,0.796,8.023,2.38,0.63,0.0,DLR
523,928,0.071,0.065000005,0.025,0.065,0.0,0.0,DLR
523,940,0.564,5.746,2.366,5.603,1.243,0.0,DLR
533,504,1.608,48.107,86.328,68.456,43.287,2.533,DLR
533,513,21.381,463.644,501.387,393.119,232.41,14.349,DLR
533,523,0.407,16.617,15.188,3.884,2.768,0.646,DLR
533,538,0.0,16.24,24.862,12.896,12.908,1.239,DLR
533,559,0.142,17.935,21.88,7.926,9.022,0.801,DLR
533,573,43.715,193.121,237.659,210.013,186.158,24.708,DLR
533,719,21.313,202.387,285.084,213.451,173.624,11.807,DLR
533,749,0.0,20.039999,15.24,15.332,11.718,0.877,DLR
533,750,1.067,3.727,5.059,5.574,2.892,0.858,DLR
533,757,6.5620003,101.727,102.115,82.236,62.391,9.309,DLR
533,842,0.88199997,17.129,29.059,25.431,12.869,0.396,DLR
533,850,0.0,0.0,2.753,1.548,1.994,0.749,DLR
533,851,0.454,2.668,8.907,4.28,6.4570003,0.19600001,DLR
533,853,0.0,12.6119995,4.941,2.823,2.706,0.421,DLR
533,854,0.28100002,2.531,4.625,5.697,3.361,0.49899998,DLR
533,855,2.178,5.343,8.547,2.931,1.8249999,1.409,DLR
533,856,0.0,1.323,5.818,2.357,2.051,0.0,DLR
533,857,0.0,2.595,3.55,3.399,1.774,0.45700002,DLR
533,858,0.626,25.553999,53.278,47.164,24.855999,4.914,DLR
533,859,0.0,2.068,0.255,0.524,0.948,0.51,DLR
533,860,3.021,58.945,77.007,53.435,45.524002,2.104,DLR
533,861,0.184,10.674,9.286,6.971,9.037,0.526,DLR
533,862,0.948,29.299,32.064,24.28,15.186,0.97,DLR
533,864,1.659,59.096,66.467,33.322998,20.131,0.598,DLR
533,865,3.8470001,16.960001,28.92,19.659,19.075,0.966,DLR
533,866,0.0,5.592,5.366,5.485,3.37,0.0,DLR
533,867,0.453,5.523,4.528,2.946,2.877,0.306,DLR
533,879,0.0,4.771,11.945,5.93,4.932,0.422,DLR
533,882,0.878,7.994,12.604,9.084,6.021,0.527,DLR
533,883,0.0,5.855,7.762,7.903,8.637,2.133,DLR
533,884,37.399,464.073,898.836,571.879,587.371,40.255,DLR
533,886,0.75100005,9.742,15.858,7.039,7.0499997,0.27600002,DLR
533,887,0.0,1.985,4.999,2.021,2.835,0.0,DLR
533,888,0.0,1.593,2.825,0.934,1.1060001,0.66,DLR
533,889,2.0479999,5.825,5.341,1.146,0.893,0.262,DLR
533,890,0.0,1.713,3.331,1.237,1.187,0.417,DLR
533,895,0.536,0.776,2.91,2.822,1.137,0.0,DLR
533,897,1.162,3.608,6.907,4.9,5.0889997,0.256,DLR
533,898,1.0139999,2.715,1.916,3.219,2.362,0.371,DLR
533,928,0.04,1.019,2.255,0.373,1.128,0.081,DLR
533,940,0.27,8.625,13.849,19.568,9.041,0.71999997,DLR
538,504,6.288,37.989,38.896,26.871,7.724,1.236,DLR
538,513,54.696,513.589,163.743,136.334,36.131,15.192,DLR
538,523,0.855,21.489,6.848,4.502,2.352,0.28800002,DLR
538,533,7.024,25.062,20.787,13.412,4.866,0.062,DLR
538,559,0.86,2.275,3.788,2.665,0.594,0.883,DLR
538,573,13.7369995,58.67,85.356,86.533,20.49,8.279,DLR
538,719,24.205,215.955,182.276,192.649,57.867,16.04,DLR
538,749,2.949,21.874,13.166,8.253,4.064,2.558,DLR
538,750,0.915,1.283,3.883,4.088,0.092,0.0,DLR
538,757,9.9210005,113.651,57.572,96.506996,16.783,7.022,DLR
538,842,7.222,51.523,20.989,21.344,1.743,0.59,DLR
538,850,0.582,1.412,0.952,3.542,1.25,0.509,DLR
538,851,0.962,1.589,4.984,3.195,0.26,1.693,DLR
538,853,0.0,2.805,4.356,3.363,0.18,0.0,DLR
538,854,1.082,3.264,3.911,1.988,0.781,0.252,DLR
538,855,0.677,16.212,3.514,2.994,0.0,0.0,DLR
538,856,0.0,5.496,2.79,1.327,0.237,0.611,DLR
538,858,7.0379996,69.952,61.637,50.25,18.335,1.1930001,DLR
538,859,0.657,1.456,1.386,1.0649999,0.026,0.0,DLR
538,860,8.71,68.183,22.94,23.813,9.189,3.029,DLR
538,861,1.846,17.339,9.425,4.975,1.015,0.725,DLR
538,862,4.68,12.561,13.53,11.565,2.59,3.386,DLR
538,864,4.048,33.474,11.669,6.42,2.958,0.0,DLR
538,865,2.234,17.312,18.821,9.222,2.888,1.424,DLR
538,866,0.883,6.088,10.483,4.318,1.48,0.0,DLR
538,867,0.0,1.776,2.157,1.515,1.126,0.418,DLR
538,879,0.312,3.598,10.194,1.352,2.384,0.23300001,DLR
538,882,2.541,5.456,7.196,3.175,0.44099998,1.482,DLR
538,883,0.946,8.428,9.986,7.243,1.859,0.378,DLR
538,884,87.607,524.52,429.768,293.516,142.071,35.36,DLR
538,886,0.77599996,3.665,7.478,2.508,2.717,0.502,DLR
538,887,0.0,1.195,1.014,1.798,1.569,0.43800002,DLR
538,888,0.0,1.3100001,2.385,1.218,0.37600002,0.346,DLR
538,889,1.347,6.716,5.808,3.209,0.583,1.8180001,DLR
538,890,0.0,0.0,1.636,1.743,1.755,0.24,DLR
538,893,0.0,3.422,3.706,1.112,0.032,0.983,DLR
538,895,0.438,1.5469999,5.138,3.943,1.35,0.0,DLR
538,897,0.0,2.491,2.681,2.736,0.497,0.662,DLR
538,928,0.174,0.304,0.515,0.203,0.221,0.0,DLR
538,940,1.223,9.196,9.053,6.022,1.516,1.174,DLR
559,504,3.129,20.351,27.313,16.498,5.659,0.994,DLR
559,513,33.929,192.223,98.044,76.827,20.983,7.787,DLR
559,523,0.893,37.263,7.051,5.484,1.896,2.953,DLR
559,533,3.628,15.155,20.149,4.636,5.087,0.0,DLR
559,538,0.421,2.914,4.9110003,2.433,1.222,0.648,DLR
559,573,19.196,31.765,56.866,44.781002,21.845,10.6310005,DLR
559,719,16.271,116.979,143.071,163.491,47.786,9.941,DLR
559,749,0.0,15.518001,16.107,12.222,3.408,1.7310001,DLR
559,750,0.0,3.411,2.252,1.452,0.649,0.61,DLR
559,757,10.6,53.856,60.642,104.233,19.77,10.507,DLR
559,842,2.623,21.641,10.224,9.514,0.802,0.0,DLR
559,850,0.0,0.514,3.072,1.281,0.62200004,0.178,DLR
559,851,0.0,3.779,2.616,1.219,0.59900004,0.516,DLR
559,853,0.0,0.629,4.209,2.975,0.398,0.144,DLR
559,854,0.352,2.161,3.485,0.717,0.451,0.031,DLR
559,855,1.204,8.871,1.677,0.896,0.0,0.0,DLR
559,858,4.292,20.338,29.356,32.21,9.221,1.105,DLR
559,859,0.216,3.146,1.447,0.679,0.0,0.0,DLR
559,860,1.976,31.061,17.131,18.644001,6.014,2.325,DLR
559,861,2.367,7.618,1.952,2.147,0.422,0.273,DLR
559,862,2.688,9.832,9.4140005,8.825,2.655,1.445,DLR
559,864,2.825,9.334,10.581,4.745,1.322,0.64100003,DLR
559,865,2.213,13.35,10.668,6.755,2.228,0.266,DLR
559,866,0.0,1.095,4.751,2.79,2.062,0.057,DLR
559,867,0.699,1.738,1.8,2.527,0.452,1.0929999,DLR
559,879,1.246,1.945,5.326,2.237,1.075,0.098,DLR
559,882,0.667,6.236,4.606,2.11,0.248,0.0,DLR
559,883,0.142,4.857,7.848,2.581,1.779,0.879,DLR
559,884,64.477,238.895,262.706,147.638,71.792,20.999,DLR
559,886,0.0,0.998,3.863,1.551,1.27,1.446,DLR
559,887,0.07,0.057,1.636,0.67,1.154,0.944,DLR
559,888,0.168,0.287,2.261,2.05,0.0,0.274,DLR
559,889,0.0,6.667,6.123,3.803,1.943,0.537,DLR
559,890,0.0,1.299,1.671,1.562,1.391,0.076,DLR
559,893,0.0,1.602,1.776,0.718,0.0,0.0,DLR
559,894,0.245,0.745,2.241,1.916,1.452,0.0,DLR
559,895,0.0,3.0310001,2.457,3.016,2.239,0.286,DLR
559,897,12.566,0.719,3.1959999,1.197,2.025,0.0,DLR
559,928,0.676,1.1,0.234,0.221,0.0,0.0,DLR
559,940,0.38300002,2.084,6.699,7.42,0.997,1.322,DLR
573,504,128.892,285.536,204.146,147.476,43.239,15.7439995,DLR
573,513,497.605,1255.479,681.836,678.621,175.029,70.506,DLR
573,523,83.034,203.91699,169.079,183.636,69.546,31.348999,DLR
573,533,179.886,306.237,228.396,223.302,79.022,22.404,DLR
573,538,36.855,186.545,77.011,76.4,35.453,13.89,DLR
573,559,25.291,88.089,57.394,39.594,18.485,11.353,DLR
573,719,683.097,1509.804,1173.349,1125.046,464.139,132.399,DLR
573,749,77.432,236.203,78.434,69.717,21.51,10.554,DLR
573,750,13.451,20.27,16.843,29.174,6.751,4.311,DLR
573,757,304.038,562.286,343.199,594.0,274.108,84.74,DLR
573,842,44.527,75.95,28.132,41.277,5.606,0.376,DLR
573,850,0.904,7.317,8.894,6.3710003,3.348,0.119,DLR
573,851,28.278,16.162,16.503,14.653,4.539,2.558,DLR
573,853,38.686,54.292,19.116,5.6,0.879,0.35,DLR
573,854,1.163,1.539,0.133,1.021,0.408,0.554,DLR
573,855,9.205,17.662,2.795,1.366,0.0,0.0,DLR
573,856,0.146,0.0,0.0,0.0,0.0,0.0,DLR
573,857,0.167,0.0,0.0,0.293,0.351,0.091,DLR
573,858,149.898,229.392,209.658,218.358,59.078,12.654,DLR
573,859,6.802,8.942,2.008,1.879,0.437,0.574,DLR
573,860,127.002,335.82,141.093,99.008,38.364,18.976,DLR
573,861,5.969,25.645,0.32,2.196,0.27600002,0.41799998,DLR
573,862,126.194,115.286,60.706,74.343,17.081,7.624,DLR
573,864,44.983,116.481,54.194,32.069,5.121,4.314,DLR
573,865,41.48,81.511,67.887,61.147,15.081,6.071,DLR
573,866,5.141,6.492,12.412,6.066,0.774,1.4120001,DLR
573,867,12.145,12.24,4.866,7.946,1.71,0.995,DLR
573,882,37.82,41.809,21.536,12.292,4.691,2.783,DLR
573,883,50.116,87.567,36.408,33.142,8.088,5.064,DLR
573,884,857.97,1460.163,1971.054,1269.644,616.981,236.01,DLR
573,886,9.472,14.753,24.493,24.236,7.6150002,4.659,DLR
573,887,2.506,19.666,31.291,14.184,3.463,3.079,DLR
573,888,9.4210005,24.358,32.983,19.437,5.417,4.65,DLR
573,889,44.678,75.779,17.663,31.06,20.325,7.1800003,DLR
573,890,16.107,26.449,11.003,11.866,5.614,0.493,DLR
573,891,4.098,2.457,4.712,7.06,2.603,1.38,DLR
573,893,2.286,25.007,41.197,8.254,1.551,1.14,DLR
573,894,2.174,9.069,9.495,6.946,4.047,1.944,DLR
573,895,3.833,8.812,15.587,19.175,10.532001,6.159,DLR
719,504,54.878,428.188,548.758,878.385,466.337,310.832,DLR
719,523,38.988,84.71,91.347,132.185,70.717,28.896,DLR
719,533,64.013,147.614,277.775,216.748,62.868,21.405,DLR
719,538,55.068,198.251,127.851,154.352,121.701996,47.157,DLR
719,559,63.326,203.204,114.541,112.706,66.441,32.741,DLR
719,573,485.818,956.061,941.129,1402.252,748.753,326.882,DLR
719,749,11.816,96.639,96.821,128.712,78.57,60.149002,DLR
719,750,67.078,212.003,266.559,329.74,168.067,91.638,DLR
719,757,25.274,36.318,129.728,84.505,43.908,63.421,DLR
719,842,242.102,1343.02,398.025,405.908,87.104004,30.268,DLR
719,850,35.798,140.003,281.008,279.733,152.899,94.937,DLR
719,851,49.812,155.923,312.446,318.498,151.119,64.68,DLR
719,853,218.544,597.968,761.018,605.761,238.97,109.545,DLR
719,854,23.802,132.422,97.189,87.566,35.027,12.608,DLR
719,855,39.618,160.858,25.167,20.819,7.656,8.431,DLR
719,856,13.071,52.66,39.287,40.64,17.217,9.332,DLR
719,857,1.084,17.294,26.818,37.283,16.624,6.445,DLR
719,858,39.614,132.03,222.51,163.877,66.131996,29.251,DLR
719,859,19.329,205.433,97.144,140.558,88.333,58.245,DLR
719,860,10.669,12.652,25.381,0.0,11.886,1.957,DLR
719,861,93.542,625.523,151.252,92.153,33.086,13.814,DLR
719,862,20.306,40.924,97.621,1.285,31.301,7.453,DLR
719,864,2.7189999,2.1430001,9.481,0.15799999,0.941,0.615,DLR
719,865,6.975,12.819,44.071,1.4890001,17.591,4.37,DLR
719,866,57.852,168.237,141.798,94.552,33.16,20.091,DLR
719,867,46.306,221.703,336.512,477.736,248.619,130.146,DLR
719,879,40.338,219.387,288.379,97.177,32.001,10.842,DLR
719,882,3.0440001,7.266,12.504,0.164,0.872,0.305,DLR
719,883,6.473,20.649,18.956,0.345,0.30200002,0.118,DLR
719,884,9.787,11.884,45.422,33.392,34.828,20.787,DLR
719,886,4.348,0.975,1.799,0.0,0.275,0.408,DLR
719,887,1.312,0.611,1.767,0.0,0.039,0.141,DLR
719,888,0.987,0.552,1.608,0.0,0.362,0.081,DLR
719,889,180.239,379.406,238.274,249.709,122.672,60.581,DLR
719,890,2.303,1.045,1.192,0.0,0.001,0.282,DLR
719,891,0.92300004,0.001,0.01,0.0,0.0,0.0,DLR
719,893,0.603,2.826,2.237,0.0,0.029,0.113000005,DLR
719,894,3.731,0.331,0.484,0.0,0.04,0.18,DLR
719,895,2.01,0.43400002,1.051,0.0,0.0,0.142,DLR
719,897,39.212,62.905,86.511,76.173,37.308,13.801,DLR
719,898,43.722,22.55,29.512001,31.299,16.852,7.86,DLR
719,928,7.875,25.82,22.181,13.484,6.272,2.092,DLR
719,940,125.19,290.103,288.802,494.369,126.103004,45.523,DLR
749,504,3.3040001,23.997,59.507,40.211998,19.614,5.304,DLR
749,523,1.01,8.761,13.56,5.815,6.545,1.103,DLR
749,533,8.002,14.3810005,23.288,11.531,6.441,0.91499996,DLR
749,538,3.25,9.797,13.039,9.207,6.243,1.641,DLR
749,559,3.073,9.0390005,17.832,9.779,7.217,4.075,DLR
749,573,24.796,42.985,83.062,132.871,35.109,19.586,DLR
749,719,8.631,84.131,85.886,85.015,31.861,12.284,DLR
749,750,1.4,3.74,16.773,12.077,5.36,0.825,DLR
749,757,11.663,78.544,146.687,170.571,48.591,16.69,DLR
749,860,0.0,3.025,4.289,1.243,1.277,0.0,DLR
749,864,0.555,1.52,0.99,1.457,0.411,0.504,DLR
749,865,0.601,2.894,5.063,1.4070001,0.092,0.953,DLR
749,883,0.995,4.271,4.911,2.842,0.698,1.808,DLR
749,884,0.99,18.442,42.359,16.864,20.085001,4.521,DLR
749,886,0.0,2.343,5.3,2.727,4.117,1.778,DLR
749,887,0.0,4.074,3.885,1.911,0.089,0.0,DLR
749,888,0.268,3.0,3.1560001,2.134,1.757,0.0,DLR
749,889,5.198,10.512,29.141,14.799,11.286,5.789,DLR
749,890,0.0,4.619,4.402,3.6100001,0.061,0.0,DLR
749,893,0.66499996,5.719,8.839,2.712,1.602,0.568,DLR
749,894,0.395,3.721,2.384,2.789,1.593,1.327,DLR
749,895,0.0,1.751,4.173,3.353,4.194,0.68299997,DLR
750,504,4.421,31.226,47.133,22.834,14.144,2.718,DLR
750,513,0.662,0.249,0.0,0.454,0.0,0.0,DLR
750,523,0.981,3.978,6.424,5.423,0.451,4.8380003,DLR
750,533,1.8840001,4.785,4.154,5.583,2.421,2.636,DLR
750,538,0.825,11.656,2.437,1.469,0.97800004,0.376,DLR
750,559,0.4,2.788,4.103,2.404,1.4629999,0.46,DLR
750,573,11.879,37.523,18.141,22.282,7.208,2.984,DLR
750,719,71.154,274.154,354.133,240.694,88.151,40.235,DLR
750,749,0.0,9.357,18.572,7.289,3.697,3.089,DLR
750,757,29.379,114.795,77.703,73.053,18.664,6.335,DLR
750,853,1.584,7.025,1.469,3.067,0.0,0.0,DLR
750,854,0.0,3.811,1.391,0.774,0.342,0.004,DLR
750,860,0.747,1.727,3.117,2.88,1.28,0.0,DLR
750,861,0.52,6.211,0.546,0.47300002,0.0,0.0,DLR
750,862,11.943,1.99,3.294,0.927,0.716,0.0,DLR
750,865,1.365,5.085,3.688,1.801,1.682,0.0,DLR
750,879,0.34399998,1.714,4.389,0.536,0.325,0.0,DLR
750,884,15.703,35.121,78.111,10.922,20.937,11.161,DLR
750,887,0.171,1.014,0.281,2.85,3.5180001,0.0,DLR
750,888,0.295,1.962,1.882,3.064,0.0,0.0,DLR
750,889,2.621,5.778,6.425,4.36,2.8140001,0.583,DLR
750,890,0.0,2.027,4.585,0.849,0.451,0.0,DLR
750,893,0.0,4.28,1.963,0.0,0.405,0.0,DLR
750,940,1.469,1.632,7.887,1.3180001,1.562,0.0,DLR
757,504,70.712,275.817,184.889,162.006,77.002,31.378,DLR
757,523,26.559,44.883,40.259,46.424,17.69,10.126,DLR
757,533,38.045,71.946,129.199,97.562,26.11,6.838,DLR
757,538,26.865,127.561,51.467,57.502,33.137,15.144,DLR
757,559,47.254,140.071,53.986,47.075,18.887,13.686,DLR
757,573,343.396,521.604,413.247,404.368,216.809,93.836,DLR
757,719,151.125,69.512,199.15,140.108,56.867,12.556,DLR
757,749,49.549,243.497,99.599,82.855,38.026,13.0130005,DLR
757,750,12.959,55.266,76.564,107.342,35.869,12.746,DLR
757,842,0.469,0.094,0.095,0.472,0.0,0.0,DLR
757,850,0.321,0.573,0.842,0.032,0.074,0.018,DLR
757,853,6.079,4.131,1.575,0.074,0.114,0.148,DLR
757,854,0.412,0.186,0.0,0.0,0.0,0.0,DLR
757,856,0.196,0.179,0.0,0.0,0.0,0.0,DLR
757,857,0.01,0.031,0.0,0.0,0.0,0.0,DLR
757,858,0.426,1.354,1.501,2.433,0.824,0.623,DLR
757,859,1.697,2.712,0.244,0.019000001,0.01,0.020000001,DLR
757,860,0.0,0.0,0.042999998,0.0,0.0,0.067999996,DLR
757,861,0.326,0.49,0.0,0.0,0.0,0.0,DLR
757,862,0.054,0.341,0.442,0.874,0.141,0.042999998,DLR
757,865,0.0,0.311,0.638,0.061,0.23699999,0.064,DLR
757,866,0.162,0.057,0.138,0.0,0.0,0.0,DLR
757,879,0.337,0.23300001,0.0,0.0,0.0,0.0,DLR
757,882,0.0,2.056,1.179,0.241,0.356,0.253,DLR
757,883,0.17899999,6.634,5.998,0.96,1.852,1.019,DLR
757,884,2.585,5.329,10.905,6.673,9.093,8.803,DLR
757,886,0.135,0.028,0.0,0.0,0.0,0.0,DLR
757,887,0.019,0.063,0.0,0.0,0.0,0.0,DLR
757,888,0.38300002,0.033,0.0,0.0,0.0,0.0,DLR
757,889,100.215004,218.959,119.118004,125.846,49.009,33.289,DLR
757,890,0.267,0.072000004,0.0,0.0,0.0,0.0,DLR
757,893,0.001,0.16600001,0.0,0.0,0.0,0.0,DLR
757,894,0.356,0.0,0.0,0.0,0.0,0.0,DLR
757,895,0.025,0.009,0.0,0.0,0.0,0.0,DLR
757,897,2.06,0.189,0.0,0.0,0.0,0.0,DLR
757,928,0.01,0.047,0.0,0.0,0.0,0.0,DLR
757,940,0.941,1.159,0.0,0.0,0.0,0.0,DLR
842,504,1.819,14.682,11.650001,52.944,18.554,3.735,DLR
842,513,62.307,2258.487,1495.487,2006.795,562.45703,107.815,DLR
842,523,2.332,5.208,6.932,7.157,4.03,1.418,DLR
842,533,7.024,12.6,42.44,50.59,6.301,0.755,DLR
842,538,1.745,3.62,15.264,38.291,30.905,5.467,DLR
842,559,0.0,9.62,11.632,19.183,12.969,2.694,DLR
842,573,14.045,35.297,50.787,68.795,54.851,25.544,DLR
842,719,44.676,312.298,426.231,1547.998,374.06702,88.654,DLR
842,750,0.0,1.605,1.591,6.241,1.786,0.0,DLR
842,757,0.0,0.192,0.026,0.024,0.30699998,0.236,DLR
842,842,0.0,0.0,0.009,0.0,0.0,0.0,DLR
842,850,1.409,97.28,141.897,114.713,64.52,28.304,DLR
842,851,22.978,111.101,122.279,213.239,101.946,35.84,DLR
842,853,47.518,260.666,272.516,197.492,113.353,36.664,DLR
842,854,2.889,82.07,180.677,127.11,108.083,40.299,DLR
842,855,8.044,65.891,32.79,25.809,12.122,8.846,DLR
842,856,5.608,83.174,83.341,85.786,73.952,28.035,DLR
842,857,0.98399997,32.685,51.002,87.407,56.946,18.064,DLR
842,858,0.0,24.493,117.963,69.090996,43.637,13.505,DLR
842,859,1.373,18.316,18.864,44.797,17.018,7.31,DLR
842,860,6.51,273.788,163.396,408.535,163.199,38.209,DLR
842,861,7.1809998,211.31,183.44,74.782,71.238,25.237,DLR
842,862,3.706,292.615,349.952,642.762,242.796,71.39,DLR
842,864,6.589,150.864,113.524,129.64,35.138,7.414,DLR
842,865,1.483,27.991,85.862,63.246,58.287,13.232,DLR
842,866,1.835,11.107,21.155,11.5130005,9.4470005,2.848,DLR
842,867,5.25,61.797,91.72,130.475,95.491,44.706,DLR
842,879,11.339,132.828,231.818,316.08,160.035,56.853,DLR
842,882,0.0,19.441,15.621,4.07,11.071,3.927,DLR
842,883,1.261,19.778,31.652,37.125,39.516,18.436,DLR
842,884,4.129,14.001,17.132,60.725,20.749,15.343,DLR
842,886,2.924,14.337,27.501,53.59,28.913,8.423,DLR
842,887,0.312,13.355,6.921,13.4609995,9.635,3.388,DLR
842,888,2.2680001,10.182,9.0,23.334,9.358,3.6529999,DLR
842,890,0.0,10.91,11.745,17.838,9.756,4.995,DLR
842,891,0.0,2.304,3.205,8.649,5.062,0.824,DLR
842,893,0.0,13.619,8.525,7.172,2.087,0.748,DLR
842,894,1.094,12.856,5.636,13.789,7.456,1.011,DLR
842,895,1.679,10.452,10.839,32.908,10.0460005,3.021,DLR
842,897,14.521,80.643,115.241,209.123,131.279,52.302,DLR
842,898,20.357,43.939,52.565,110.32,58.671,25.673,DLR
842,928,12.812,69.978,54.007,146.676,60.707,19.558,DLR
842,940,70.967,362.881,446.213,1589.295,446.505,140.59799,DLR
850,504,0.0,10.144,5.576,3.826,2.767,0.97999996,DLR
850,513,13.488,88.609,85.524,42.103,22.614,15.373,DLR
850,533,0.639,2.476,1.342,1.627,0.49400002,0.443,DLR
850,538,0.99300003,3.506,0.558,2.0509999,1.607,1.541,DLR
850,573,1.133,4.697,7.696,5.346,4.034,2.34,DLR
850,719,31.182,246.69,371.083,246.336,124.225,43.067,DLR
850,757,0.111999996,0.286,0.155,0.052,0.512,1.585,DLR
850,842,12.023,81.99,203.709,135.501,47.61,11.933,DLR
850,851,14.357,74.54,115.967,67.4,31.431,15.252,DLR
850,853,4.21,23.449,27.748,5.955,1.068,0.843,DLR
850,854,1.144,4.208,16.652,12.033,4.852,1.669,DLR
850,855,8.389,38.238,16.949,9.684,2.745,1.74,DLR
850,856,0.0,8.505,4.587,3.782,2.475,0.367,DLR
850,857,0.0,2.0,6.834,3.761,1.9599999,0.324,DLR
850,858,0.999,3.883,21.314,11.745,7.421,1.632,DLR
850,859,0.0,6.117,4.659,3.768,1.5699999,1.709,DLR
850,860,1.667,18.244,25.481,14.445,10.125,2.091,DLR
850,861,0.929,14.683001,23.119,16.27,10.663,2.581,DLR
850,862,0.089,5.2,11.71,8.121,3.795,0.595,DLR
850,864,3.604,13.519,11.922,6.129,1.92,0.024,DLR
850,865,0.0,2.95,8.847,3.825,1.224,0.0,DLR
850,866,1.275,7.89,23.942,18.645,7.2799997,3.69,DLR
850,867,0.198,26.767,52.82,33.373,10.076,7.122,DLR
850,879,2.1399999,11.069,18.963,7.657,3.276,1.855,DLR
850,883,0.0,1.259,4.919,7.15,2.02,0.523,DLR
850,884,2.811,12.248,28.034,4.393,8.345,3.211,DLR
850,886,0.0,1.5090001,5.109,1.794,3.1629999,0.968,DLR
850,887,0.201,0.573,1.394,1.287,0.658,0.763,DLR
850,888,0.0,0.252,3.156,2.076,0.0,0.0,DLR
850,893,0.0,2.477,1.512,0.829,2.256,1.369,DLR
850,895,0.0,0.802,3.164,2.934,1.584,0.628,DLR
850,897,0.0,10.257,17.047,5.802,2.675,2.711,DLR
850,928,0.677,2.589,2.973,0.821,0.32,0.124,DLR
850,940,1.483,23.115,18.962,29.584,6.721,6.015,DLR
851,504,0.473,6.895,11.023,10.224,3.542,3.339,DLR
851,513,1.616,2.914,1.638,0.704,1.62,0.416,DLR
851,523,0.457,1.271,1.39,2.772,1.632,1.61,DLR
851,533,4.294,5.755,7.894,10.6,3.99,0.104,DLR
851,538,0.486,2.6,3.909,1.639,3.264,3.617,DLR
851,559,0.466,3.246,1.184,4.2400002,4.203,0.0,DLR
851,573,8.137,14.563,16.604,26.79,17.673,8.769,DLR
851,719,34.772,336.627,450.659,389.94,241.066,78.162,DLR
851,842,33.482,287.453,189.06801,183.783,60.417,22.844,DLR
851,850,4.025,58.011,145.153,95.054,45.066,32.308,DLR
851,853,17.542,215.176,288.794,160.794,42.114,26.401,DLR
851,854,3.315,36.179,31.94,28.137,10.146,7.18,DLR
851,855,10.065001,58.375,12.505,8.886,5.523,2.757,DLR
851,856,0.686,26.367,14.104,16.169,3.295,2.8439999,DLR
851,857,1.1570001,10.186,13.987,15.69,2.856,5.736,DLR
851,858,6.546,75.303,121.871,90.345,25.112999,15.731,DLR
851,859,1.715,33.244,9.098,2.687,2.026,2.423,DLR
851,860,0.26,40.332,32.773,19.322,8.915,5.151,DLR
851,861,4.89,87.089,39.156002,32.406,8.564,3.753,DLR
851,862,18.774,40.226,52.561,46.11,13.532,11.807,DLR
851,864,1.884,5.222,7.436,3.354,0.872,0.0,DLR
851,865,2.379,11.738,17.448,13.245,3.148,2.437,DLR
851,866,6.597,24.676,49.989,38.184,34.178,2.793,DLR
851,867,1.513,14.492,50.548,58.687,40.284,30.508,DLR
851,879,3.762,46.416,48.742,32.55,11.18,7.434,DLR
851,882,0.35,10.912,11.613,4.102,1.908,0.93700004,DLR
851,883,0.0,16.822,18.927,13.965,5.651,5.7070003,DLR
851,884,0.526,0.356,3.725,0.548,2.093,1.296,DLR
851,886,0.778,4.634,5.107,6.944,2.785,1.055,DLR
851,887,0.283,3.513,3.641,3.402,1.467,1.277,DLR
851,888,0.562,4.265,6.896,2.724,5.907,1.012,DLR
851,890,0.177,12.68,3.939,4.79,1.59,1.913,DLR
851,893,0.589,9.992,8.581,3.696,0.69,1.079,DLR
851,894,1.069,14.282,4.496,6.552,0.978,1.431,DLR
851,895,0.535,4.855,7.869,5.92,3.487,3.651,DLR
851,897,3.235,18.522,22.459,23.736,11.419,12.4210005,DLR
851,898,0.0,6.844,5.493,7.516,4.214,3.243,DLR
851,928,0.90000004,6.8849998,6.973,6.886,2.058,1.888,DLR
851,940,6.152,56.709,81.025,93.221,24.222,41.685,DLR
853,504,1.369,8.479,9.547,6.573,7.893,21.485,DLR
853,513,23.41,161.69,151.321,84.898,96.882,51.072,DLR
853,533,1.756,4.617,3.123,2.191,2.946,1.28,DLR
853,559,0.0,2.337,4.24,1.887,2.583,0.0,DLR
853,573,4.355,7.071,17.619,19.213,5.309,4.946,DLR
853,719,55.269,564.609,731.362,624.673,375.362,151.048,DLR
853,757,0.074,0.32500002,0.329,0.0,0.54399997,2.823,DLR
853,842,14.323,156.616,267.835,336.334,183.937,66.069,DLR
853,850,0.32500002,9.534,26.067,11.0789995,4.553,9.084,DLR
853,851,18.209,118.319,195.828,116.689,60.773,58.204998,DLR
853,854,1.188,11.018,20.921999,15.466,8.101,2.181,DLR
853,855,5.721,64.402,11.569,22.157,2.103,6.009,DLR
853,856,0.0,16.326,10.277,5.233,1.773,2.852,DLR
853,857,0.977,1.4810001,6.882,7.019,2.817,0.099,DLR
853,858,0.446,14.805,40.016,50.113,23.479,14.366,DLR
853,859,0.208,15.473,8.442,4.306,3.466,0.0,DLR
853,860,1.922,49.583,46.189,29.727,22.262,7.403,DLR
853,861,2.319,36.989,30.155,20.776,11.836,3.388,DLR
853,862,4.74,18.845,26.858,26.007,13.635,2.832,DLR
853,864,6.654,43.166,28.392,24.065,7.425,5.844,DLR
853,865,0.336,6.718,9.967,5.757,6.056,2.647,DLR
853,866,3.005,11.618,47.669,46.233,55.804,22.73,DLR
853,867,0.0,10.355,48.333,23.805,12.587,4.159,DLR
853,879,0.081,19.457,27.564,10.324,5.708,8.574,DLR
853,883,0.0,3.703,11.269,3.511,12.8,6.508,DLR
853,884,1.863,16.63,47.154,9.528,20.939,8.7960005,DLR
853,886,0.0,3.621,3.835,2.998,1.436,7.85,DLR
853,887,0.13599999,1.1899999,1.912,6.491,1.529,0.0,DLR
853,888,0.369,0.764,2.526,3.325,1.324,1.033,DLR
853,890,0.0,2.021,1.767,2.9789999,3.261,1.01,DLR
853,893,0.0,3.934,6.601,3.609,3.439,1.355,DLR
853,894,0.173,5.179,4.9830003,3.724,0.0,0.0,DLR
853,895,0.0,2.5970001,8.101,6.4969997,3.988,1.05,DLR
853,897,0.872,9.736,22.007,21.381,7.8,10.7630005,DLR
853,928,0.793,6.125,1.4020001,2.549,1.1,1.173,DLR
853,940,2.923,30.746,22.505,42.998,11.245,9.465,DLR
854,504,0.295,2.5809999,4.243,4.362,1.724,1.679,DLR
854,513,67.111,678.076,489.753,335.981,179.322,83.362,DLR
854,523,0.0,0.27,2.981,1.517,0.93700004,0.325,DLR
854,533,1.817,5.901,3.29,7.239,4.087,0.156,DLR
854,538,0.414,1.2,5.27,2.606,1.7639999,1.2969999,DLR
854,559,0.0,5.712,1.799,1.808,3.0049999,2.499,DLR
854,573,0.155,0.229,3.832,2.234,2.549,1.847,DLR
854,719,7.81,63.345,99.738,127.329,32.148,6.644,DLR
854,757,0.219,0.16800001,0.015999999,0.0,0.01,0.0,DLR
854,842,11.058,123.78,182.29,154.506,45.034,17.935,DLR
854,850,0.299,7.828,3.081,11.919,2.636,1.285,DLR
854,851,2.822,16.05,24.984,21.235,8.093,4.913,DLR
854,853,1.673,25.741,12.598,14.834,3.131,0.778,DLR
854,855,19.476,239.013,270.398,151.954,65.78,31.117,DLR
854,856,0.501,30.67,25.73,15.539,13.934,6.678,DLR
854,857,0.0,11.891,13.169,10.293,6.205,2.6890001,DLR
854,858,0.134,5.763,8.016,25.873,3.848,0.0,DLR
854,859,0.0,2.334,3.981,2.491,0.66400003,0.301,DLR
854,860,5.158,114.006996,101.389,81.17,37.786,20.846,DLR
854,861,0.0,7.252,13.77,8.689,5.337,1.815,DLR
854,862,5.64,75.578,81.422,93.848,29.662,13.752,DLR
854,864,10.721,36.938,18.86,14.102,3.904,0.75,DLR
854,865,0.0,6.246,43.747,25.652,10.34,7.246,DLR
854,866,2.234,5.499,30.463,21.639,15.902,4.854,DLR
854,867,2.118,5.94,12.12,12.815,4.276,4.185,DLR
854,879,3.67,34.471,103.772,59.65,33.399,17.548,DLR
854,882,0.0,1.494,1.9,1.619,0.859,0.547,DLR
854,883,0.0,1.472,5.661,5.847,4.333,1.857,DLR
854,884,0.315,4.534,10.297,13.381,8.993,4.289,DLR
854,886,0.53000003,0.877,5.824,4.038,2.991,1.642,DLR
854,887,0.0,1.614,1.796,0.964,2.064,0.70500004,DLR
854,888,0.0,1.6110001,4.602,2.746,2.527,2.573,DLR
854,889,0.0,0.0,1.992,2.522,1.53,0.0,DLR
854,890,0.0,0.78000003,6.704,2.063,0.317,0.75,DLR
854,893,0.0,1.771,2.493,1.163,1.371,0.277,DLR
854,894,0.0,2.806,0.942,1.7360001,1.359,0.523,DLR
854,895,0.3,4.603,5.139,10.326,1.755,2.504,DLR
854,897,6.817,35.544,67.497,42.249,20.701,19.567,DLR
854,898,0.0,6.707,8.293,10.811,7.588,1.308,DLR
854,928,4.405,18.397,20.843,35.825,13.866,6.851,DLR
854,940,8.653,78.297,117.545,174.318,51.866,30.548,DLR
855,504,0.001,2.603,1.296,5.384,1.521,0.064,DLR
855,513,34.690998,831.859,631.859,849.055,214.228,64.934,DLR
855,533,2.538,8.05,11.228,25.782999,1.489,0.0,DLR
855,538,0.0,4.359,1.461,4.703,2.568,0.0,DLR
855,559,0.0,0.0,0.969,5.215,1.296,1.036,DLR
855,573,0.276,2.799,9.411,11.609,7.535,3.878,DLR
855,719,0.786,10.928,38.219,111.427,14.22,2.602,DLR
855,842,4.225,83.637,38.154,63.393,17.567,10.494,DLR
855,850,0.403,16.793,12.939,17.454,12.279,0.0,DLR
855,851,0.54,8.266,9.03,19.832,5.274,8.0,DLR
855,853,3.12,66.063,8.282,19.543,11.132999,0.0,DLR
855,854,9.405,59.347,191.674,190.56,133.521,120.014,DLR
855,856,19.366,37.413,114.108,116.784996,91.74,86.287,DLR
855,857,1.0,17.74,88.754,109.166,72.129,74.125,DLR
855,858,1.084,11.302,8.367,8.094,10.948,0.0,DLR
855,859,0.267,1.818,4.036,7.303,1.289,0.007,DLR
855,860,0.978,61.483,64.022,177.491,80.211,28.786,DLR
855,861,7.889,138.949,138.316,65.941,41.103,33.817,DLR
855,862,7.191,38.689,123.069,269.608,77.616,28.258,DLR
855,864,1.027,58.653,62.792,69.961,15.71,6.236,DLR
855,865,0.568,4.77,31.01,24.75,14.48,8.691,DLR
855,866,0.0,6.875,21.308,14.567,10.823,4.884,DLR
855,867,2.741,11.182,6.048,15.414,8.458,0.0,DLR
855,879,14.719,66.094,299.806,336.798,179.269,137.273,DLR
855,882,0.0,1.007,6.495,2.227,0.846,0.0,DLR
855,883,0.0,4.804,5.283,11.721,7.129,6.622,DLR
855,884,0.0,1.648,4.594,10.731,7.486,4.381,DLR
855,886,0.0,0.0,4.264,10.986,11.488,2.361,DLR
855,887,0.0,2.086,2.107,3.496,1.5830001,0.0,DLR
855,888,0.0,2.129,3.16,10.0199995,1.4,0.0,DLR
855,890,0.0,0.944,2.411,3.9190001,4.09,0.0,DLR
855,895,0.83,5.157,9.207,11.6,0.0,1.278,DLR
855,897,50.905,25.443,97.145,210.171,127.308,104.333,DLR
855,898,4.922,7.05,57.054,100.087,61.277,37.303,DLR
855,928,5.682,24.056,43.469,113.304,45.359,27.013,DLR
855,940,33.573,100.34,320.993,1142.369,334.835,175.246,DLR
856,513,64.912,500.022,328.626,180.028,76.519,48.93,DLR
856,523,0.0,1.6340001,2.181,0.605,0.593,0.0,DLR
856,533,3.59,0.642,2.419,1.538,0.972,0.355,DLR
856,538,0.0,0.0,2.729,0.99300003,1.044,0.42400002,DLR
856,573,0.0,0.0,0.015,0.0,0.015,0.035,DLR
856,719,4.305,29.838,59.434002,41.662,10.461,4.497,DLR
856,757,0.0,0.09,0.0,0.0,0.0,0.0,DLR
856,842,7.704,108.69,116.638,82.552,29.617,12.332,DLR
856,850,0.0,0.81,9.629,3.91,0.35,0.193,DLR
856,851,5.387,7.233,15.009,10.549,2.801,1.384,DLR
856,853,0.010000001,9.106,26.253,6.189,1.461,0.921,DLR
856,854,0.998,15.845,34.195,16.944,8.812,1.92,DLR
856,855,22.902,203.554,211.988,96.262,35.435,16.322,DLR
856,857,0.0,1.932,3.419,2.856,1.654,1.363,DLR
856,858,0.102,3.861,2.288,14.612,0.944,0.006,DLR
856,859,0.739,1.069,1.786,1.18,0.758,0.001,DLR
856,860,3.372,89.174,77.244,24.494,15.506,7.765,DLR
856,861,1.827,37.222,36.853,11.749001,8.761,5.709,DLR
856,862,4.058,55.387,36.074,24.672,9.086,5.082,DLR
856,864,5.214,33.416,21.37,7.736,0.897,0.578,DLR
856,865,1.105,7.912,28.323,7.37,2.32,3.551,DLR
856,866,1.31,7.828,17.412,9.34,10.043,4.492,DLR
856,867,1.488,10.617,6.124,4.186,2.918,1.077,DLR
856,879,4.396,29.56,90.058,35.059,26.186,13.961,DLR
856,883,0.0,0.0,3.395,2.011,1.132,0.281,DLR
856,884,1.189,2.319,4.863,4.58,5.254,2.163,DLR
856,886,0.0,3.191,4.07,0.873,1.002,0.39400002,DLR
856,887,0.0,0.47800002,0.721,1.203,0.907,2.717,DLR
856,888,0.566,3.249,0.894,1.291,0.266,0.0,DLR
856,893,0.507,2.356,4.727,1.228,0.0,0.199,DLR
856,895,0.0,3.062,2.023,3.049,0.752,0.0,DLR
856,897,13.886,30.123,47.975,27.269,14.999001,20.981,DLR
856,898,1.469,12.074,8.686,7.078,3.396,1.541,DLR
856,928,4.731,90.547,29.526,15.963,11.218,3.364,DLR
856,940,9.735,90.21,114.158,66.955,22.859,13.012,DLR
857,504,0.0,3.661,1.743,0.719,0.174,0.14199999,DLR
857,513,56.204,531.291,241.917,140.186,68.825,28.067,DLR
857,533,1.891,3.338,2.275,1.776,1.757,0.0,DLR
857,538,0.757,0.842,0.818,0.777,1.072,0.38300002,DLR
857,573,0.009,0.0,0.96900004,0.041,0.645,0.059,DLR
857,719,6.3310003,35.29,44.282,27.218,8.47,1.122,DLR
857,757,0.0,0.128,0.0,0.0,0.0,0.0,DLR
857,842,13.114,81.804,72.855,65.869,19.894001,5.8059998,DLR
857,850,0.158,4.633,2.849,4.848,0.661,0.85899997,DLR
857,851,2.704,21.1,7.693,4.587,1.346,0.11,DLR
857,853,1.602,6.3980002,4.824,3.568,0.42,0.333,DLR
857,854,0.325,8.032,12.9,8.616,3.573,1.008,DLR
857,855,10.326,200.166,140.95,78.824,33.367,8.735,DLR
857,856,0.0,1.706,2.933,1.843,0.522,0.0,DLR
857,858,0.445,11.302,8.911,4.933,3.596,0.078,DLR
857,860,5.587,83.03,44.113,17.688,10.145,4.2400002,DLR
857,861,0.653,29.372,17.791,11.976,4.996,1.357,DLR
857,862,1.509,61.367,22.528,14.476,5.802,3.1660001,DLR
857,864,0.628,28.846,9.973,5.818,0.62,0.206,DLR
857,865,0.427,4.417,11.944,6.279,1.105,0.444,DLR
857,866,0.702,4.749,14.512,9.512,5.676,1.725,DLR
857,867,0.0,7.112,4.041,3.784,1.345,0.394,DLR
857,879,1.098,22.848,58.54,22.477,16.206,7.636,DLR
857,883,0.36,2.478,1.52,1.648,0.785,0.279,DLR
857,884,0.489,4.815,3.497,2.701,4.371,1.3330001,DLR
857,886,4.089,4.1219997,4.022,0.329,0.472,0.0,DLR
857,887,0.177,0.786,1.24,1.105,0.0,0.0,DLR
857,888,0.557,1.156,2.075,1.43,0.494,0.0,DLR
857,893,0.0,1.12,2.182,0.799,0.0,0.156,DLR
857,897,13.865,38.801,22.247,18.234,6.362,9.921,DLR
857,898,0.0,4.754,4.821,3.536,1.694,0.788,DLR
857,928,2.808,29.473,9.482,5.876,3.602,0.933,DLR
857,940,6.379,46.805,49.11,40.033,12.901,5.366,DLR
858,504,0.0,3.434,5.56,5.44,1.441,0.074,DLR
858,513,85.164,702.185,331.981,109.11,45.863,12.906,DLR
858,523,3.7480001,4.552,17.366,12.051,5.321,3.542,DLR
858,533,16.155,39.795,97.674,109.537,8.622,1.001,DLR
858,538,0.846,37.319,38.017,54.612,32.624,13.1380005,DLR
858,559,2.2710001,8.031,26.188,27.94,17.281,5.88,DLR
858,573,66.471,74.862,133.368,232.332,126.896996,59.635002,DLR
858,719,16.964,133.313,227.554,137.184,40.755,9.484,DLR
858,750,3.941,0.0,5.447,2.997,2.2020001,0.0,DLR
858,757,0.078,0.695,3.612,0.309,0.614,0.293,DLR
858,842,12.936,62.373,126.012,28.194,19.96,1.008,DLR
858,850,0.0,8.941,23.703,5.831,2.368,0.926,DLR
858,851,2.656,55.15,84.604,30.049,16.896,3.9199998,DLR
858,853,4.386,77.643,42.733,10.956,5.568,1.429,DLR
858,854,0.0,14.471,19.613,5.864,3.578,0.356,DLR
858,855,0.328,32.688,12.1,7.595,2.224,0.034,DLR
858,856,0.0,8.725,14.541,1.484,1.112,0.696,DLR
858,857,0.0,14.709,11.719,2.418,0.327,0.24700001,DLR
858,859,0.0,19.082,4.9709997,4.702,3.038,0.499,DLR
858,860,8.78,181.935,122.253,45.566,19.974,4.895,DLR
858,861,0.937,59.417,21.784,10.113,1.233,0.092,DLR
858,862,6.574,33.855,64.702,39.901,8.596,1.429,DLR
858,864,19.876999,180.718,164.921,63.689,21.331,7.2799997,DLR
858,865,2.32,7.673,10.297,2.698,1.533,0.381,DLR
858,866,0.0,4.1610003,15.055,2.711,1.1,0.0,DLR
858,867,0.648,17.822,50.697,15.094,8.952,3.523,DLR
858,879,4.3320003,52.552,32.503,4.7400002,0.797,0.461,DLR
858,882,6.992,4.126,19.399,0.851,2.868,0.705,DLR
858,883,0.0,16.652,34.87,15.828,20.75,11.432,DLR
858,884,17.846,166.903,148.858,69.119,43.911,17.739,DLR
858,886,16.06,25.888,42.098,59.239998,43.527,14.91,DLR
858,887,0.0,12.223,13.658,11.312,8.698999,3.422,DLR
858,888,0.594,15.823999,22.3,13.486,17.313,6.252,DLR
858,889,1.626,8.811,3.509,3.193,0.359,0.836,DLR
858,890,3.065,26.399,16.673,14.507,7.915,6.744,DLR
858,891,0.0,0.0,9.074,6.074,5.922,0.503,DLR
858,893,0.0,18.975,16.251,9.49,4.565,2.437,DLR
858,894,0.0,16.728,11.377,20.975,13.348,3.249,DLR
858,895,9.264,21.262,30.073,27.105,11.462,7.011,DLR
858,897,0.0,24.479,21.093,3.928,0.701,0.853,DLR
858,928,1.418,4.074,3.996,1.475,0.72800004,0.118,DLR
858,940,18.508,53.067,30.881,14.786,3.181,1.524,DLR
859,504,0.217,2.598,2.855,1.737,0.53,0.0,DLR
859,513,0.849,1.574,0.0,0.071,0.748,0.193,DLR
859,538,0.0,4.522,0.788,1.8740001,0.24,0.0,DLR
859,559,0.0,2.366,1.175,1.343,0.0,0.0,DLR
859,573,0.5,1.477,3.552,7.575,1.617,0.545,DLR
859,719,18.359,219.318,172.599,196.668,48.987,11.567,DLR
859,757,0.0,0.062,0.023,0.0,0.12,0.162,DLR
859,842,3.895,68.512,33.925,24.307,6.868,3.145,DLR
859,850,0.51,3.33,6.168,3.636,0.59000003,3.747,DLR
859,851,1.5979999,10.711,17.542,15.1970005,1.633,0.477,DLR
859,853,1.075,12.816,24.95,6.938,0.57,1.263,DLR
859,854,0.0,5.9309998,1.441,1.964,0.698,0.018,DLR
859,855,4.021,16.881,5.362,1.522,0.0,0.0,DLR
859,858,1.726,7.744,14.193,5.924,4.458,0.0,DLR
859,860,0.0,4.578,2.6,3.26,0.455,0.22399999,DLR
859,861,0.318,11.078,6.208,2.774,0.49199998,0.485,DLR
859,862,4.843,3.855,9.922,5.188,1.629,0.0,DLR
859,864,0.172,4.749,4.421,1.251,0.23099999,0.0,DLR
859,865,0.303,1.296,4.57,3.43,0.69,1.33,DLR
859,866,1.6110001,7.516,13.849,6.588,5.1540003,0.932,DLR
859,867,0.38300002,2.935,7.106,3.448,1.232,4.985,DLR
859,879,0.813,7.203,9.249,3.38,0.878,1.093,DLR
859,884,0.104,0.01,0.40399998,0.0,0.0,0.080000006,DLR
859,888,0.0,0.159,2.023,1.0270001,0.15699999,0.0,DLR
859,893,0.0,1.125,2.416,0.43400002,0.125,0.0,DLR
859,897,0.746,4.258,8.434,6.426,1.152,1.153,DLR
859,928,0.124,1.419,1.133,1.211,0.201,0.107,DLR
859,940,0.631,7.576,10.339,27.713,3.714,2.707,DLR
860,504,0.793,4.248,5.786,3.725,1.7919999,0.901,DLR
860,513,113.403,1160.429,935.236,623.561,369.312,209.296,DLR
860,523,6.583,9.618,12.2560005,23.637,8.841,8.962,DLR
860,533,34.931,64.855,53.909,75.416,18.103,5.696,DLR
860,538,5.156,25.771,15.69,35.77,19.21,18.181,DLR
860,559,5.573,16.099,18.512,21.289999,10.643,6.684,DLR
860,573,20.867,72.304,101.055,229.748,129.356,63.436,DLR
860,719,0.591,12.705,26.925,3.851,1.75,0.504,DLR
860,749,0.0,3.072,2.604,2.28,0.996,0.0,DLR
860,750,0.0,0.51,2.513,4.126,0.666,0.659,DLR
860,757,0.0,0.021,0.208,0.0,0.058000002,0.113,DLR
860,842,31.403,520.32,232.372,293.657,69.678,20.295,DLR
860,850,0.174,9.626,32.995,22.612,8.228,4.67,DLR
860,851,0.83,12.532,27.488,18.701,7.142,4.294,DLR
860,853,4.552,41.583,71.911,27.291,9.274,4.775,DLR
860,854,3.749,53.493,108.25,83.012,49.197,24.143,DLR
860,855,31.146,236.591,86.937,53.989,15.323,17.108,DLR
860,856,0.819,35.322,48.169,43.671,21.655,13.07,DLR
860,857,0.153,10.909,33.388,41.761,22.069,12.441,DLR
860,858,5.448,57.129,135.27,157.58,46.592,24.68,DLR
860,859,0.233,5.622,2.352,1.596,0.69,0.45700002,DLR
860,860,0.249,1.501,1.394,2.888,1.058,0.902,DLR
860,861,6.401,177.467,130.457,93.283,46.813,34.128,DLR
860,862,29.925,215.601,239.02,300.312,118.215004,87.754,DLR
860,864,6.098,81.391,58.12,38.071,19.54,11.193,DLR
860,865,14.722,142.467,154.315,126.871,65.993004,49.253,DLR
860,866,0.442,1.571,3.892,3.293,2.8270001,3.884,DLR
860,867,1.421,22.056,49.015,25.414,12.943,7.047,DLR
860,879,1.782,76.058,129.08,83.798,44.894,34.34,DLR
860,882,7.264,75.936,56.598,38.932,21.822,24.621,DLR
860,883,7.939,54.302,50.916,52.098,27.788,23.022,DLR
860,884,3.2810001,31.678,51.048,86.031,39.724,29.705,DLR
860,886,3.71,29.362,35.625,70.679,25.921,24.271,DLR
860,887,2.711,28.532,24.972,39.1,12.004,9.723,DLR
860,888,4.051,33.7,33.314,55.136,19.226,9.249,DLR
860,889,0.0,3.303,1.929,2.427,0.694,1.058,DLR
860,890,3.171,32.449,22.39,54.884,10.589,7.729,DLR
860,891,0.859,3.115,8.396,9.099,5.202,2.908,DLR
860,893,5.396,38.89,35.963,25.888,8.845,5.085,DLR
860,894,4.92,32.43,16.824,27.948,9.599,8.448,DLR
860,895,3.237,21.486,34.512,86.523,28.369,10.252,DLR
860,897,7.796,14.394,32.313,44.352,21.054,12.932,DLR
860,898,0.342,11.271,16.923,31.876,16.122,13.851,DLR
860,928,2.085,14.806,13.248,17.52,10.7960005,8.628,DLR
860,940,6.95,68.281,106.856,259.999,66.375,36.04,DLR
861,504,0.002,3.158,5.183,9.541,2.7480001,1.165,DLR
861,513,53.783,814.921,742.345,963.693,275.552,119.708,DLR
861,523,0.0,0.751,0.624,4.125,1.388,0.258,DLR
861,533,3.0970001,5.121,10.75,13.257,2.5,0.662,DLR
861,538,1.021,2.408,7.475,9.981,4.347,4.415,DLR
861,559,0.333,1.188,3.912,5.87,2.071,0.52,DLR
861,573,0.164,0.942,7.57,11.773,5.199,2.937,DLR
861,719,5.945,52.171,170.125,452.654,61.206,15.099999,DLR
861,750,0.0,0.44,1.064,4.298,1.212,0.0,DLR
861,757,0.0,0.07,0.026,0.0,0.008,0.0,DLR
861,842,2.3,67.637,235.49901,224.398,51.579,13.082,DLR
861,850,0.269,13.037,10.401,26.333,5.649,0.0,DLR
861,851,0.47399998,24.383,21.919,45.369,7.844,4.888,DLR
861,853,7.595,58.032,11.261,38.43,4.627,3.565,DLR
861,854,0.292,6.086,16.517,7.599,4.86,3.523,DLR
861,855,4.8,68.144,160.585,172.221,52.079,18.825,DLR
861,856,0.126,27.526001,25.209,23.753,13.423,7.9700003,DLR
861,857,0.176,9.318,12.686,15.832,7.758,6.85,DLR
861,858,0.211,17.292,11.514,33.74,4.075,0.0,DLR
861,859,0.0,3.302,1.811,4.915,1.888,1.142,DLR
861,860,5.691,117.297,148.981,167.23,48.299,21.681,DLR
861,862,20.163,86.014,127.706,284.296,40.03,18.664999,DLR
861,864,2.208,55.898,38.528,46.102,9.724,3.93,DLR
861,865,1.142,9.761,39.147,38.457,10.567,10.963,DLR
861,866,1.152,6.269,43.817,83.629,27.497,9.423,DLR
861,867,0.171,9.95,7.305,38.385,5.4960003,3.92,DLR
861,879,1.7179999,23.892,113.152,88.232,34.755,19.737999,DLR
861,882,0.0,2.477,3.598,1.482,1.311,0.462,DLR
861,883,0.138,4.1809998,12.866,13.217999,5.835,3.8470001,DLR
861,884,0.019000001,6.201,17.159,33.11,9.634,8.175,DLR
861,886,2.031,5.584,8.392,15.375,4.25,4.409,DLR
861,887,0.0,2.229,4.88,8.752,2.603,1.924,DLR
861,888,0.0,2.58,9.023,11.346,2.267,0.0,DLR
861,890,0.0,0.64,3.137,6.483,2.608,2.693,DLR
861,891,0.0,0.0,2.438,4.801,0.0,0.0,DLR
861,893,0.0,2.854,3.23,3.578,0.729,0.0,DLR
861,894,0.0,0.433,3.97,4.112,0.924,0.447,DLR
861,895,0.0,1.051,9.422,19.449,3.846,3.172,DLR
861,897,3.401,18.516,74.762,85.745,31.169,14.855,DLR
861,898,0.0,4.114,12.338,19.857,7.947,7.3,DLR
861,928,3.642,23.337,31.534,92.497,21.423,6.023,DLR
861,940,8.247,48.923,179.552,397.684,77.818,45.151,DLR
862,504,0.0,1.579,5.683,4.292,1.86,2.317,DLR
862,513,255.523,2048.251,1005.013,579.008,326.352,219.11101,DLR
862,523,3.704,4.6610003,2.407,3.986,3.414,1.167,DLR
862,533,17.199,31.911,15.136,19.66,4.593,0.147,DLR
862,538,1.5600001,18.51,4.205,4.914,4.601,2.068,DLR
862,559,6.16,8.337,3.751,3.398,2.371,2.283,DLR
862,573,14.6970005,69.592,33.632,49.934002,28.898,13.747,DLR
862,719,2.325,42.179,60.78,7.1,4.29,1.228,DLR
862,749,0.0,6.249,1.777,1.63,0.216,0.335,DLR
862,750,0.0,2.0740001,2.648,1.627,0.756,0.20899999,DLR
862,757,0.074,0.041,2.059,1.175,1.05,0.479,DLR
862,842,105.287,611.797,268.419,276.734,70.617,8.051,DLR
862,850,0.253,4.251,8.94,5.211,2.866,0.23799999,DLR
862,851,2.04,19.314,27.599,9.422,7.263,4.075,DLR
862,853,4.788,41.669,18.318,8.236,3.04,1.708,DLR
862,854,11.519,82.776,58.039,39.7,18.015,7.02,DLR
862,855,42.543,293.644,81.581,49.564,11.821,3.445,DLR
862,856,2.04,26.36,20.185,16.753,7.827,4.8519998,DLR
862,857,0.322,11.11,14.9210005,11.525,4.893,2.192,DLR
862,858,14.484,35.7,45.985,35.056,15.074,4.9440002,DLR
862,859,0.0,7.998,3.587,2.319,0.535,0.901,DLR
862,860,20.361,302.438,156.328,121.457,70.402,37.054,DLR
862,861,32.449,327.72,80.437,42.815,16.912,12.34,DLR
862,862,1.029,36.373,4.872,4.088,1.123,0.173,DLR
862,864,16.719,198.148,99.712,57.277,21.489,11.176,DLR
862,865,22.528,82.696,51.437,32.696,18.356,5.5889997,DLR
862,866,0.15,1.242,3.835,4.371,1.844,0.546,DLR
862,867,5.721,16.947,11.722,8.457,5.178,2.735,DLR
862,879,13.775,116.446,144.907,46.628998,15.293,9.529,DLR
862,882,2.392,41.942,19.187,10.925,5.228,3.25,DLR
862,883,5.954,32.344,24.444,18.252,7.207,3.846,DLR
862,884,9.621,95.121,72.455,120.357,55.503,27.112,DLR
862,886,5.08,16.348,17.584,15.679,5.779,5.008,DLR
862,887,1.724,10.965,8.178,6.942,1.697,1.884,DLR
862,888,2.245,12.082,13.408,9.275,6.476,2.721,DLR
862,889,5.3450003,0.959,2.575,1.199,0.83100003,0.689,DLR
862,890,2.792,16.825,6.7669997,9.053,4.271,1.914,DLR
862,893,1.12,17.722,10.956,3.558,2.295,0.624,DLR
862,894,1.376,12.749,7.879,2.677,2.571,0.407,DLR
862,895,3.642,17.254,20.624,17.144,5.081,1.869,DLR
862,897,23.681,30.499,38.599,23.964,12.95,8.019,DLR
862,898,0.0,10.775,11.872,10.568,3.6529999,2.146,DLR
862,928,2.967,13.806,7.317,4.475,2.574,1.24,DLR
862,940,30.842001,168.096,110.416,144.576,38.016,28.447,DLR
864,504,0.0,0.69200003,3.2649999,5.329,3.056,0.18599999,DLR
864,513,0.072,0.498,1.762,3.193,2.47,1.398,DLR
864,523,0.51,1.019,3.718,5.65,3.853,0.904,DLR
864,533,10.3550005,37.275,83.018,61.264,5.558,1.007,DLR
864,538,0.074,0.992,9.975,21.119,11.836,7.808,DLR
864,559,0.0,1.147,5.141,10.288,5.077,4.012,DLR
864,573,1.335,7.877,39.937,88.006,29.391,23.833,DLR
864,719,0.073,1.86,19.061,3.583,1.212,0.3,DLR
864,842,4.221,91.009,141.576,234.031,50.331,7.367,DLR
864,850,0.596,1.1520001,9.084,18.072,8.057,2.388,DLR
864,851,0.0,0.45,3.164,7.034,3.13,1.314,DLR
864,853,1.296,3.809,26.846,29.252,11.696,6.872,DLR
864,854,0.0,2.41,20.33,33.571,16.435,10.779,DLR
864,855,8.035,41.092,65.198,47.718,17.704,13.586,DLR
864,856,0.0,0.948,10.801,17.009,7.778,7.493,DLR
864,857,0.0,1.79,9.372,18.855999,9.587,6.734,DLR
864,858,2.933,49.971,108.685005,173.245,57.725,25.26,DLR
864,859,0.0,0.262,2.497,3.138,1.341,0.766,DLR
864,860,0.804,7.219,52.051,71.075,28.616,17.989,DLR
864,861,0.214,14.202,33.375,46.602,18.548,12.603,DLR
864,862,1.608,35.016,95.85,170.815,76.726,42.335,DLR
864,865,1.251,55.53,86.852,123.665,50.961998,29.377,DLR
864,866,0.0,1.22,5.582,4.245,2.053,0.873,DLR
864,867,0.805,1.269,10.738,19.093,10.3550005,8.6310005,DLR
864,879,0.0,5.294,48.572998,42.513,12.806,7.28,DLR
864,882,0.381,13.071,32.756,57.1,28.386,16.59,DLR
864,883,3.009,15.601,38.964,76.251,36.656002,17.744,DLR
864,884,2.07,12.089,62.065998,178.839,73.902,41.052002,DLR
864,886,2.135,31.909,102.076004,248.312,105.61,63.631,DLR
864,887,2.838,55.857,54.567,102.754,38.809002,33.146,DLR
864,888,3.819,52.434002,73.422,144.778,49.555,28.845,DLR
864,889,0.0,0.596,1.5370001,2.877,0.765,0.159,DLR
864,890,1.827,18.546,40.198,115.899,47.649002,24.764,DLR
864,891,1.4120001,9.191,15.334,47.221,11.063,7.568,DLR
864,893,1.126,26.44,38.575,56.436,14.352,10.027,DLR
864,894,0.548,14.797,23.781,93.525,34.576,17.833,DLR
864,895,3.524,19.101,49.252,161.613,53.808,25.367,DLR
864,897,0.0,1.131,12.017,19.672,10.231,7.824,DLR
864,898,0.0,0.0,7.596,10.0529995,6.064,4.3059998,DLR
864,928,0.0,0.799,4.825,6.379,2.569,2.272,DLR
864,940,0.135,4.102,29.54,96.906,17.928999,9.419,DLR
865,504,0.0,2.575,4.879,3.19,1.495,1.356,DLR
865,513,111.945,1136.47,943.248,588.883,307.212,130.872,DLR
865,523,1.815,3.316,4.825,8.762,2.669,1.684,DLR
865,533,14.007,21.958,21.27,39.529,5.642,0.071,DLR
865,538,2.095,4.217,11.979,7.65,10.6449995,7.4909997,DLR
865,559,2.897,6.082,6.311,6.836,4.347,4.053,DLR
865,573,14.455,46.114,63.602,64.416,29.269,20.303999,DLR
865,719,2.537,25.711,70.282,9.489,4.996,1.304,DLR
865,757,0.099,0.1,0.79,0.0,0.188,0.828,DLR
865,842,3.411,28.789,104.397,82.485,27.16,5.825,DLR
865,850,0.0,3.635,10.703,5.917,2.45,8.41,DLR
865,851,0.902,7.593,11.396,8.128,4.048,3.31,DLR
865,853,0.0,11.038,15.402,5.625,3.169,1.829,DLR
865,854,3.945,21.574,34.802,21.572,10.449,4.335,DLR
865,855,4.619,35.404,46.579998,16.578,2.097,0.786,DLR
865,856,0.423,19.282999,16.788,5.9,3.395,1.63,DLR
865,857,0.0,3.854,8.568,8.078,2.94,2.681,DLR
865,858,0.426,2.194,8.186,11.013,1.265,0.97,DLR
865,859,0.293,8.738,1.934,1.144,0.23,0.27,DLR
865,860,9.508,154.093,167.156,136.177,75.469,41.569,DLR
865,861,4.021,55.272,43.582,18.336,9.385,8.635,DLR
865,862,8.466001,54.797,49.719,89.534,33.873,22.438,DLR
865,864,19.029,169.558,100.529,87.925,22.781,12.413,DLR
865,867,0.442,6.593,17.407,6.198,1.557,1.658,DLR
865,879,2.727,31.427,74.063,28.25,10.81,8.524,DLR
865,882,1.3840001,7.461,17.386,4.774,6.204,2.382,DLR
865,883,0.44,4.436,16.195,13.288,12.198,9.771,DLR
865,884,9.0720005,63.638,69.842,115.85,49.036,24.597,DLR
865,886,1.961,12.605,25.595,21.848,11.127,6.348,DLR
865,887,0.388,5.886,9.028,6.8059998,8.1119995,6.046,DLR
865,888,0.67800003,6.339,20.491,10.601,6.0360003,5.164,DLR
865,890,0.0,9.033,9.384,12.333,4.2,3.605,DLR
865,891,0.0,4.203,3.803,4.631,2.927,0.0,DLR
865,893,1.408,8.778,8.462,7.076,2.259,0.651,DLR
865,894,0.44799998,7.719,9.377,5.143,3.224,2.182,DLR
865,895,2.042,6.368,22.528,10.922,8.921,3.037,DLR
865,897,1.652,23.732,41.662,21.563,9.703,12.606,DLR
865,898,1.445,6.697,9.643,7.154,4.529,2.12,DLR
865,928,0.972,7.409,6.079,3.045,1.845,1.519,DLR
865,940,12.288,45.26,65.747,75.838,17.453,14.374001,DLR
866,504,0.0,0.0,2.209,6.861,4.937,3.687,DLR
866,513,7.919,71.905,117.321,89.609,65.318,34.432,DLR
866,523,0.0,0.742,3.265,2.828,2.169,1.848,DLR
866,533,1.028,1.998,3.719,4.792,2.279,0.35500002,DLR
866,538,0.254,1.068,5.203,2.954,8.79,5.415,DLR
866,559,0.0,0.0,1.752,2.162,2.482,2.819,DLR
866,573,0.0,3.297,6.101,7.717,11.901,10.122,DLR
866,719,5.582,19.397,80.846,141.636,81.899,72.367,DLR
866,750,0.0,0.455,2.4290001,2.614,0.792,0.663,DLR
866,757,0.0,0.017,0.0,0.0,0.034,0.218,DLR
866,842,0.015000001,1.377,7.844,13.847,8.991,12.342,DLR
866,850,0.0,1.908,15.455,8.733,9.312,7.196,DLR
866,851,0.053,2.659,29.807,19.712,18.028,29.276001,DLR
866,853,0.0,10.545,39.414,19.884,20.288,15.173,DLR
866,854,0.114999995,5.573,5.038,9.858,11.315001,11.74,DLR
866,855,0.181,4.646,0.0,13.135,2.793,2.718,DLR
866,856,0.0,1.371,5.131,2.889,6.051,6.196,DLR
866,857,0.482,7.246,4.256,7.022,3.66,6.428,DLR
866,858,0.0,0.0,14.334001,3.7549999,5.542,6.458,DLR
866,859,1.322,2.721,5.422,5.341,5.962,5.017,DLR
866,860,0.416,7.445,21.271,20.256,28.008,19.282,DLR
866,861,0.623,14.605,7.24,10.114,12.783,14.648,DLR
866,862,0.998,5.916,20.755,37.323,31.357,22.486,DLR
866,864,0.0,5.482,13.482,11.015,3.4689999,1.367,DLR
866,865,0.0,0.5,5.213,1.628,3.182,2.312,DLR
866,867,0.0,2.114,12.516,13.001,20.435999,23.567,DLR
866,879,0.0,1.381,37.096,10.145,10.789,8.104,DLR
866,882,0.0,0.0,6.304,2.698,2.802,3.632,DLR
866,883,0.0,2.666,6.661,6.207,9.235,13.519,DLR
866,884,0.403,0.855,4.361,7.666,8.274,6.302,DLR
866,886,0.0,0.354,6.769,4.777,9.002,5.62,DLR
866,887,0.0,0.766,2.017,1.605,0.596,1.935,DLR
866,888,0.0,0.401,2.815,2.984,1.148,2.537,DLR
866,890,0.0,0.0,0.532,0.974,2.7450001,6.691,DLR
866,894,0.0,0.898,0.882,1.84,1.844,2.909,DLR
866,895,0.0,0.0,3.129,2.343,2.071,1.367,DLR
866,897,0.0,1.572,13.868,8.069,7.342,6.31,DLR
866,898,0.0,0.0,4.301,4.03,5.244,2.656,DLR
866,928,0.0,0.387,1.428,1.29,1.058,1.684,DLR
866,940,0.0,2.123,22.092,34.22,21.89,18.25,DLR
867,504,0.271,3.049,4.756,4.46,1.877,0.0,DLR
867,513,9.436,55.942,36.324,13.583,13.114,4.872,DLR
867,523,0.436,2.092,0.729,1.938,0.42,0.0,DLR
867,533,1.618,4.932,4.651,1.784,1.265,0.0,DLR
867,538,1.74,3.862,3.273,1.102,1.301,0.273,DLR
867,559,1.952,4.019,0.733,0.953,0.608,0.51,DLR
867,573,2.958,5.285,11.318,12.515,2.925,0.053,DLR
867,719,61.327,583.908,491.761,333.129,134.805,43.659,DLR
867,757,0.0,0.022,0.023,0.0,0.096,0.018,DLR
867,842,18.78,134.284,143.604,125.519,41.139,12.426,DLR
867,850,1.4449999,16.102,72.608,28.582,13.205,3.192,DLR
867,851,8.162,49.789,41.981,21.8,8.702,4.0950003,DLR
867,853,2.841,54.733,56.541,9.965,3.67,2.135,DLR
867,854,0.583,8.251,15.22,9.194,3.975,0.624,DLR
867,855,4.72,28.405,12.788,6.226,1.7939999,1.8709999,DLR
867,856,0.267,19.078001,11.994,7.156,0.997,0.098,DLR
867,857,0.0,3.942,9.408,4.792,1.237,1.699,DLR
867,858,0.73800004,29.41,46.793,23.307,10.016,1.63,DLR
867,859,0.0,9.704,4.047,4.47,1.76,3.474,DLR
867,860,1.601,47.548,43.482998,14.483,6.061,4.295,DLR
867,861,1.313,51.227,19.968,9.415,3.894,1.812,DLR
867,862,2.612,41.493,29.011,18.281,5.006,0.922,DLR
867,864,2.117,37.925,19.172,5.903,2.588,0.578,DLR
867,865,2.674,7.564,16.78,6.481,2.181,0.59,DLR
867,866,0.62,14.76,33.414,26.746,18.217001,3.567,DLR
867,879,0.366,19.715,20.898,9.695,2.434,1.688,DLR
867,882,0.33200002,6.081,4.4769998,0.866,0.495,0.0,DLR
867,883,2.974,4.382,4.144,7.111,1.128,1.099,DLR
867,884,1.049,4.179,16.0,1.479,3.48,1.651,DLR
867,886,0.0,1.343,5.324,3.783,0.999,0.0,DLR
867,887,0.305,1.332,2.066,1.217,0.43,0.77,DLR
867,888,0.329,1.0,3.514,4.277,0.925,0.0,DLR
867,890,0.51600003,3.696,1.639,0.975,0.536,0.0,DLR
867,893,0.34800002,4.127,2.829,2.832,1.118,0.0,DLR
867,894,1.475,6.514,4.129,4.763,0.296,0.0,DLR
867,895,0.645,6.174,3.897,9.451,0.285,0.303,DLR
867,897,5.509,12.047,14.563,12.123,3.296,3.377,DLR
867,898,8.5199995,3.024,1.8610001,3.226,0.298,0.678,DLR
867,928,0.497,2.712,2.241,1.32,0.37399998,0.388,DLR
867,940,4.59,28.794,35.723,32.273,7.437,5.15,DLR
879,504,0.731,0.30200002,6.682,4.669,2.1,0.71500003,DLR
879,513,58.721,461.723,940.795,662.034,262.639,155.427,DLR
879,523,0.0,0.484,4.202,1.493,1.5929999,3.872,DLR
879,533,3.553,4.781,9.644,7.58,1.864,0.35,DLR
879,538,0.0,2.733,4.177,3.866,3.75,2.258,DLR
879,559,3.067,2.639,3.819,3.004,2.531,1.469,DLR
879,719,8.608,54.857,271.29,242.221,66.827,20.074,DLR
879,750,0.0,0.0,3.164,2.492,1.899,1.9319999,DLR
879,757,0.0,0.169,0.078999996,0.0,0.023,0.033,DLR
879,842,39.891,366.881,304.454,235.755,54.893,32.016,DLR
879,850,0.0,1.141,19.666,11.747,5.715,3.0630002,DLR
879,851,4.6610003,12.191,41.853,30.21,15.54,7.939,DLR
879,853,0.629,17.072,35.967,11.382,4.304,1.245,DLR
879,854,6.6089997,48.848,93.447,57.141,40.433,26.713,DLR
879,855,44.58,474.6,392.402,232.975,66.647,42.717,DLR
879,856,1.041,18.121,61.454,40.392,33.655,29.116,DLR
879,857,0.305,4.762,38.072,23.158,23.304,15.38,DLR
879,858,0.512,3.348,39.006,31.345,12.642,3.065,DLR
879,859,0.733,3.315,11.042,5.255,0.829,2.609,DLR
879,860,5.469,84.36,133.759,105.02,42.678,31.298,DLR
879,861,9.643,107.169,91.959,43.99,21.529,18.724,DLR
879,862,12.292,71.626,155.248,129.858,49.692,30.096,DLR
879,864,6.73,41.881,54.291,24.3,3.736,1.648,DLR
879,865,2.957,9.944,69.998,37.301,21.097,15.957,DLR
879,866,2.556,9.657,45.639,15.828,10.983,5.471,DLR
879,867,0.442,3.402,21.202,10.771,6.696,4.664,DLR
879,882,2.526,7.311,5.19,3.069,0.639,0.983,DLR
879,883,1.07,5.762,7.2200003,7.1610003,3.568,3.113,DLR
879,884,0.975,4.353,23.548,25.597,11.515,8.034,DLR
879,886,0.0,1.149,19.663,6.528,5.036,1.168,DLR
879,887,0.26,2.156,12.4210005,4.007,1.375,3.082,DLR
879,888,0.244,2.072,8.815,5.887,2.052,3.129,DLR
879,889,0.0,3.013,1.103,1.843,0.955,0.0,DLR
879,890,4.947,2.181,5.582,5.326,2.989,5.081,DLR
879,891,0.0,0.99799997,2.507,2.69,1.249,1.239,DLR
879,893,0.0,3.678,4.761,2.736,1.669,0.915,DLR
879,894,0.0,1.516,3.531,3.17,2.157,2.72,DLR
879,895,0.0,2.623,12.224,8.9539995,3.668,0.651,DLR
879,897,3.249,15.511,98.017,44.949,44.882,39.27,DLR
879,898,0.0,8.202,44.622,26.423,19.48,18.825,DLR
879,928,1.946,32.158,34.493,33.471,13.35,5.006,DLR
879,940,6.763,96.552,296.171,301.025,133.728,73.972,DLR
882,504,0.281,2.377,1.556,2.651,1.874,0.832,DLR
882,513,41.559,489.596,241.584,195.1,71.4,23.847,DLR
882,523,1.432,1.626,2.033,3.785,1.816,0.0,DLR
882,533,6.342,12.122,9.423,12.069,2.793,0.0,DLR
882,538,1.352,3.852,6.122,2.809,2.412,2.064,DLR
882,559,0.0,2.78,5.121,3.933,1.267,1.042,DLR
882,573,6.609,12.537,21.626,27.626,14.768,10.389,DLR
882,719,0.512,6.566,18.689,2.968,1.91,2.235,DLR
882,757,0.066,0.078999996,0.939,0.120000005,0.626,0.321,DLR
882,842,0.0,5.617,25.628,27.108,9.294,1.228,DLR
882,851,0.546,1.921,6.951,8.131,1.319,0.297,DLR
882,854,0.0,0.394,3.974,2.29,0.809,0.335,DLR
882,858,0.0,6.066,16.863,20.403,4.059,0.0,DLR
882,860,1.405,69.438,59.399002,68.921,20.488,11.543,DLR
882,861,0.211,1.725,5.213,2.888,0.69,1.02,DLR
882,862,3.142,33.57,31.208,38.337,5.965,3.579,DLR
882,864,15.054,120.641,46.941,29.188,11.034,1.38,DLR
882,865,1.007,11.615,21.01,10.6779995,4.225,2.01,DLR
882,866,0.0,2.266,11.238,4.8580003,3.566,0.049,DLR
882,867,0.351,1.379,2.953,5.188,0.016,0.723,DLR
882,879,0.0,2.69,5.811,3.935,1.505,0.32,DLR
882,883,0.0,0.96,4.15,2.243,1.7770001,0.322,DLR
882,884,12.851,88.741,127.021,123.132,65.994,29.144,DLR
882,886,2.768,7.863,10.7,11.747,4.1679997,4.632,DLR
882,887,0.146,4.412,3.337,7.137,2.5540001,1.016,DLR
882,888,0.65900004,5.045,5.933,6.393,1.323,0.793,DLR
882,889,0.433,5.355,2.931,0.0,0.0,0.0,DLR
882,890,1.25,2.566,1.927,4.181,2.533,1.81,DLR
882,891,0.0,1.32,0.842,4.544,0.0,0.477,DLR
882,893,0.0,4.786,4.112,5.642,0.38500002,0.277,DLR
882,894,0.585,9.05,6.452,3.823,1.4350001,1.7310001,DLR
882,895,0.0,8.681,7.755,18.801,1.768,1.951,DLR
882,897,1.029,0.442,6.624,2.883,1.155,2.644,DLR
882,928,0.041,0.062,0.0,0.0,0.0,0.0,DLR
882,940,2.692,3.147,6.985,40.214,1.649,1.752,DLR
883,504,0.745,3.195,7.878,14.119,2.9520001,1.123,DLR
883,513,62.549,617.712,337.867,337.456,98.858,41.328,DLR
883,523,0.528,5.253,4.121,7.647,1.58,0.542,DLR
883,533,5.503,9.716,11.96,14.309,4.399,0.0,DLR
883,538,0.23,6.686,8.772,13.109,6.281,2.032,DLR
883,559,0.0,1.2440001,4.125,4.5220003,4.891,0.689,DLR
883,573,15.054,28.958,45.43,76.316,23.191,16.697,DLR
883,719,2.222,6.787,49.081,13.723001,5.916,6.222,DLR
883,749,0.0,3.541,1.497,6.746,1.802,0.572,DLR
883,757,0.141,0.2,6.688,0.26700002,3.151,2.564,DLR
883,842,4.385,37.591,56.923,86.408,24.238,3.898,DLR
883,850,0.382,1.438,7.074,5.166,1.092,0.0,DLR
883,851,2.288,10.098,19.796,11.243,4.705,1.388,DLR
883,853,0.0,11.575,16.323,5.84,3.084,3.286,DLR
883,854,1.618,2.262,6.287,4.953,1.789,0.377,DLR
883,855,1.193,27.414,6.348,2.211,2.43,0.0,DLR
883,856,0.54,6.433,2.484,0.838,0.25599998,2.197,DLR
883,857,0.0,2.796,1.648,2.345,0.614,1.5090001,DLR
883,858,3.5279999,29.055,69.756,53.615,25.865,8.234,DLR
883,860,4.977,90.328,73.442,75.094,25.445,16.418,DLR
883,861,0.703,27.918,14.702,4.419,3.066,3.353,DLR
883,862,3.907,46.708,24.215,48.67,16.759,5.972,DLR
883,864,13.938,166.545,65.006,44.386,12.907,5.435,DLR
883,865,1.07,19.385,31.656,13.09,12.2960005,13.128,DLR
883,866,0.636,5.611,15.387,8.175,8.156,5.394,DLR
883,867,0.48,3.873,3.17,4.363,6.073,1.336,DLR
883,879,0.515,5.265,16.587,9.408,4.321,0.393,DLR
883,882,0.0,10.687,5.169,2.941,1.658,1.632,DLR
883,884,45.653,380.761,450.407,714.49,292.436,97.134,DLR
883,886,0.331,7.906,22.132,27.768,11.972,5.4509997,DLR
883,887,0.398,12.916,4.177,8.461,2.028,1.156,DLR
883,888,1.37,9.025,11.813,9.095,5.222,5.503,DLR
883,890,0.0,3.0049999,6.71,12.445,0.34,1.247,DLR
883,891,0.0,0.374,3.035,4.678,2.972,0.0,DLR
883,893,0.0,6.491,6.895,3.197,0.812,1.949,DLR
883,894,0.0,5.443,3.438,4.7000003,0.43,1.152,DLR
883,895,0.451,3.096,13.814,18.504,4.749,1.791,DLR
883,897,0.0,5.099,5.603,5.873,3.68,1.693,DLR
883,928,0.241,4.324,1.877,0.994,0.288,0.853,DLR
883,940,3.513,9.797,11.731,30.821,8.211,1.655,DLR
884,504,14.912,49.953,61.165,24.426,45.266,82.706,DLR
884,513,102.256,344.901,70.942,87.57,19.57,9.942,DLR
884,523,35.504,157.711,129.079,185.835,131.578,95.029,DLR
884,533,200.699,675.222,922.187,713.09,174.094,68.076,DLR
884,538,43.639,287.963,265.422,365.603,330.466,260.533,DLR
884,559,43.711,220.821,195.782,212.803,152.777,131.437,DLR
884,573,450.45,1060.707,1357.734,1262.024,1285.455,750.421,DLR
884,719,41.204,21.446,88.88,46.975,28.304,12.443,DLR
884,749,7.435,19.754,28.312,15.183,24.677,20.542,DLR
884,750,4.425,6.4110003,47.727,18.431,31.865,42.772,DLR
884,757,7.151,6.24,11.874,15.018,2.3240001,1.339,DLR
884,842,15.518,57.685,24.152,54.576,8.093,6.815,DLR
884,850,0.352,1.956,14.8880005,3.098,6.158,6.996,DLR
884,851,1.771,1.5600001,3.415,0.488,0.94200003,0.92800003,DLR
884,853,6.251,24.501,36.235,5.723,7.788,5.749,DLR
884,854,2.902,7.627,11.046,6.516,3.482,3.687,DLR
884,855,3.519,23.014,25.67,24.154,5.794,6.632,DLR
884,856,0.615,4.945,5.988,3.09,0.878,2.723,DLR
884,857,1.762,3.44,3.479,2.212,0.96999997,1.695,DLR
884,858,43.081,79.303,128.092,203.906,58.295,48.533,DLR
884,859,0.227,1.288,0.222,0.012,0.028,0.196,DLR
884,860,11.772,105.126,59.077,67.754,29.453,17.11,DLR
884,861,6.158,42.802002,15.446,6.71,0.92899996,1.581,DLR
884,862,26.59,111.192,127.085,226.431,70.07,47.56,DLR
884,864,64.624,216.276,80.473,61.276,18.605,16.848,DLR
884,865,22.642,80.875,91.626,108.8,40.278,24.863,DLR
884,866,4.452,5.708,8.877,5.964,3.569,0.304,DLR
884,867,0.651,3.708,8.116,1.46,3.242,4.91,DLR
884,879,7.02,23.628,35.323,9.863,3.416,1.487,DLR
884,882,29.744,110.16,111.347,87.865,66.267,57.423,DLR
884,883,78.706,615.09,445.763,373.437,222.871,170.798,DLR
884,886,87.41,354.649,928.753,780.498,588.257,480.463,DLR
884,887,45.615,384.332,556.456,399.023,282.464,235.837,DLR
884,888,75.194,374.693,763.724,561.249,331.716,286.643,DLR
884,889,47.796,110.492,59.184002,61.189,25.16,25.626,DLR
884,890,69.543,349.314,476.957,467.991,307.446,242.773,DLR
884,891,24.803,47.468,105.586,150.099,82.531,54.723,DLR
884,893,36.46,428.749,778.887,290.279,159.698,98.634,DLR
884,894,57.106,269.553,279.289,271.145,200.538,141.646,DLR
884,895,62.836,200.179,471.22,669.182,348.472,195.456,DLR
884,897,19.503,10.385,7.637,7.268,3.664,3.119,DLR
884,898,1.167,6.95,3.652,3.001,1.047,2.512,DLR
884,928,0.463,5.112,2.112,0.568,0.778,0.295,DLR
884,940,16.851,52.8,31.69,35.428,8.139,4.623,DLR
886,504,2.59,7.919,13.094,8.851,1.9660001,0.005,DLR
886,513,29.276001,251.577,37.31,71.534,13.8550005,11.1,DLR
886,523,1.743,17.372,2.445,2.54,0.912,1.005,DLR
886,533,5.486,7.5099998,13.382,6.672,1.893,0.0,DLR
886,538,0.18900001,4.58,4.899,4.093,1.356,2.404,DLR
886,573,6.434,22.62,17.094,13.397,10.111,7.617,DLR
886,719,5.6549997,0.328,12.343,2.942,1.4810001,0.427,DLR
886,749,0.649,4.894,9.798,3.796,1.673,1.863,DLR
886,757,5.629,0.0,0.839,0.0,0.34399998,0.871,DLR
886,842,9.808,83.159,31.056,30.848,9.663,1.238,DLR
886,850,0.272,0.77500004,3.106,0.802,2.938,0.612,DLR
886,851,1.109,6.0360003,3.859,5.498,1.163,0.637,DLR
886,854,1.47,10.015,6.124,3.239,1.589,0.0,DLR
886,855,1.506,19.032,6.739,1.413,0.599,1.24,DLR
886,856,0.0,0.884,6.391,1.705,0.772,0.306,DLR
886,857,0.0,0.89500004,5.1610003,2.345,0.45700002,1.913,DLR
886,858,18.795,85.375,64.881,67.646,44.282,3.651,DLR
886,860,7.244,105.982,36.539,36.424,17.779,7.922,DLR
886,861,2.69,25.243,9.145,3.835,2.082,2.014,DLR
886,862,1.248,39.463,16.294,14.332,8.849,9.005,DLR
886,864,35.670002,328.846,163.013,100.552,35.87,19.561,DLR
886,865,5.517,30.779,31.39,13.354,8.228,2.953,DLR
886,866,1.33,4.879,30.427,4.107,2.642,4.52,DLR
886,867,0.604,1.64,3.19,1.437,0.825,0.288,DLR
886,879,0.0,9.867,17.604,4.598,1.916,1.816,DLR
886,882,3.021,16.81,12.989,9.48,4.315,1.557,DLR
886,883,1.4300001,21.098,18.315,7.737,8.809,5.097,DLR
886,884,139.48601,705.717,1119.373,554.671,299.409,136.897,DLR
886,887,0.164,0.96,2.396,2.748,3.168,0.0,DLR
886,888,0.5,5.256,11.679,6.912,9.076,9.001,DLR
886,889,0.917,4.877,5.017,1.309,1.038,0.012,DLR
886,890,0.27199998,10.139,21.189,12.453,16.924,6.236,DLR
886,891,0.0,0.361,4.4179997,4.331,2.63,2.121,DLR
886,893,6.397,13.492,12.615,4.756,1.645,0.896,DLR
886,894,2.14,21.004,25.26,12.396,6.4700003,2.792,DLR
886,895,7.285,22.783,48.199,30.626,14.31,7.148,DLR
886,897,0.0,1.7329999,4.1150002,2.536,2.032,0.0,DLR
886,928,0.151,3.17,3.11,0.398,0.508,0.115,DLR
886,940,4.802,16.476,12.648,12.806,3.405,2.572,DLR
887,504,0.88600004,0.836,10.742,7.928,1.277,0.131,DLR
887,513,20.635,69.767,20.389,57.951,12.007,3.534,DLR
887,523,0.0,7.036,1.863,0.751,0.207,1.205,DLR
887,533,1.506,4.449,6.133,3.633,0.183,0.0,DLR
887,538,0.22,1.272,1.75,0.381,0.926,0.0,DLR
887,573,2.569,14.308,29.537,14.688,9.804,11.776,DLR
887,719,5.088,0.922,8.931,1.805,0.436,0.30900002,DLR
887,749,0.0,3.842,3.251,3.489,1.156,0.444,DLR
887,750,3.9390001,0.0,1.449,0.73,0.319,0.023,DLR
887,757,0.498,0.0,0.495,0.0,0.199,0.433,DLR
887,842,2.877,17.332,11.496,8.266,3.081,0.596,DLR
887,850,0.0,0.68799996,3.133,0.167,0.275,0.0,DLR
887,851,0.74300003,1.734,2.375,3.236,0.732,0.969,DLR
887,853,0.0,3.846,1.997,1.526,0.444,0.0,DLR
887,854,0.0,1.214,2.611,1.227,0.945,0.164,DLR
887,856,0.0,0.914,1.068,1.354,0.268,0.162,DLR
887,857,0.0,0.0,0.809,0.73,0.243,0.0,DLR
887,858,2.757,13.859,32.886,14.217,10.495,1.984,DLR
887,860,5.813,51.086,23.006,25.11,11.707,3.3470001,DLR
887,861,3.536,14.377,4.22,2.404,0.91800004,0.0,DLR
887,862,5.358,13.8550005,14.912,11.487,4.667,1.989,DLR
887,864,25.467001,120.13,76.633,61.458,21.261,5.849,DLR
887,865,1.1620001,11.351,14.887,7.9900002,5.568,1.464,DLR
887,866,0.0,1.539,2.483,1.003,0.121,0.0,DLR
887,867,2.079,1.389,1.696,1.32,0.603,0.68299997,DLR
887,879,0.753,5.038,8.385,1.377,2.26,0.828,DLR
887,882,0.905,8.609,4.614,1.806,1.34,0.816,DLR
887,883,0.0,9.842,6.893,5.428,3.297,2.702,DLR
887,884,107.886,338.483,631.364,336.626,168.774,78.656,DLR
887,886,0.5,1.67,8.186,1.915,0.967,0.929,DLR
887,888,0.226,2.975,2.056,0.934,0.96,1.014,DLR
887,889,2.178,4.48,0.786,0.46,0.119,0.324,DLR
887,890,0.696,6.748,6.154,2.472,2.177,4.017,DLR
887,891,0.0,2.111,0.457,2.182,0.931,0.521,DLR
887,893,3.8209999,12.965,16.878,2.138,0.536,0.784,DLR
887,894,1.3050001,12.189,7.753,5.356,2.136,1.695,DLR
887,895,0.0,12.344,17.682,10.561,6.18,9.696,DLR
887,897,5.855,5.104,2.171,2.98,1.6719999,0.888,DLR
887,898,0.0,1.827,2.091,1.118,0.2,0.0,DLR
887,928,0.119,1.15,1.222,0.622,0.194,0.173,DLR
887,940,0.003,13.822,13.871,14.113,3.209,0.677,DLR
888,504,0.767,7.144,9.653,8.367,1.42,0.182,DLR
888,513,42.755,85.685,22.118,56.268,15.924,5.386,DLR
888,533,0.365,1.978,4.929,3.188,0.038,0.0,DLR
888,538,0.0,0.699,3.148,0.816,0.254,0.0,DLR
888,559,0.4,3.274,2.975,0.364,0.23799999,0.332,DLR
888,573,20.74,12.7,27.005001,20.511,11.716,5.308,DLR
888,719,6.6559997,0.937,10.087,1.671,1.154,0.148,DLR
888,749,0.77500004,0.0,9.782001,4.063,0.931,0.0,DLR
888,750,0.0,2.073,2.158,1.487,0.265,0.008,DLR
888,757,1.109,0.0,1.079,0.0,0.565,0.011,DLR
888,842,8.58,26.222,16.651,15.648,5.061,0.787,DLR
888,851,0.0,1.164,4.7,6.559,1.488,1.005,DLR
888,853,0.929,11.808,9.145,1.273,0.114,0.21,DLR
888,854,2.937,6.291,5.297,4.63,0.657,0.0,DLR
888,855,1.043,9.66,1.332,0.0,0.0,0.0,DLR
888,856,0.328,3.708,2.819,1.7870001,1.342,0.262,DLR
888,857,4.028,0.048,1.296,1.191,1.263,0.0,DLR
888,858,5.856,23.61,30.275,33.128,13.738,4.193,DLR
888,860,16.895,63.899,35.239,27.224,13.432,2.342,DLR
888,861,3.119,20.659,4.225,2.067,0.703,0.162,DLR
888,862,11.799,23.049,16.268,16.196,6.4440002,1.892,DLR
888,864,45.603,140.26,104.358,68.599,23.549,3.461,DLR
888,865,2.649,17.299,17.679,7.61,3.683,2.902,DLR
888,866,0.827,6.118,6.3389997,2.974,0.549,0.0,DLR
888,867,0.0,6.387,2.089,2.104,0.788,0.528,DLR
888,879,6.2990003,6.101,13.808,2.06,1.049,0.0,DLR
888,882,3.858,4.857,6.263,3.521,1.3330001,0.602,DLR
888,883,1.837,10.975,9.331,5.894,3.07,1.3169999,DLR
888,884,214.072,427.795,770.17,394.768,206.757,50.538,DLR
888,886,0.596,9.483,27.913,17.172,6.205,1.655,DLR
888,887,0.186,1.135,5.123,5.706,2.4550002,0.936,DLR
888,889,2.276,4.505,3.658,1.981,2.3240001,0.209,DLR
888,890,0.0,6.151,7.843,4.956,3.5509999,0.505,DLR
888,891,0.0,1.949,7.653,3.171,0.611,0.207,DLR
888,893,5.765,15.721,22.969,5.942,1.059,2.314,DLR
888,894,3.142,17.236,15.26,6.583,4.797,1.4499999,DLR
888,895,1.645,12.155,35.077,21.239,14.716001,2.382,DLR
888,897,0.0,3.122,4.162,4.629,2.083,0.344,DLR
888,928,4.5039997,2.223,0.943,0.85,0.282,0.0,DLR
888,940,3.378,21.735,20.359,18.7,5.499,1.061,DLR
889,504,4.6809998,28.674,52.913,27.626,7.27,2.811,DLR
889,513,2.184,0.994,0.0,7.889,0.052,0.0,DLR
889,523,1.108,20.575,8.177,5.515,1.7870001,0.328,DLR
889,533,1.357,2.6729999,8.038,4.606,1.059,0.536,DLR
889,538,1.62,2.398,4.116,2.351,0.894,0.881,DLR
889,559,0.907,3.51,6.73,4.876,0.999,2.476,DLR
889,573,36.99,21.352,37.216,42.831,10.929,2.991,DLR
889,719,79.172,148.548,284.209,279.295,77.152,30.152,DLR
889,749,2.0609999,13.208,33.591,15.186,7.1610003,3.547,DLR
889,750,4.611,0.624,10.134,6.411,2.742,2.365,DLR
889,757,37.163,76.671,137.42,172.058,44.353,21.452,DLR
889,854,0.0,2.031,2.25,1.599,1.4909999,0.0,DLR
889,858,2.418,1.082,12.25,8.404,1.53,0.0,DLR
889,860,0.432,1.7820001,1.887,4.012,1.402,2.151,DLR
889,861,0.3,5.858,2.368,0.847,0.0,0.312,DLR
889,862,0.901,1.244,2.007,6.856,0.946,1.2820001,DLR
889,864,0.92700005,0.377,0.637,2.556,0.0,0.0,DLR
889,865,0.0,0.915,4.792,2.891,1.048,0.65,DLR
889,879,0.0,1.413,2.796,3.162,0.495,0.0,DLR
889,882,0.0,0.0,1.618,2.59,1.897,0.049,DLR
889,883,0.0,1.196,2.528,2.068,0.41799998,0.386,DLR
889,884,20.915,67.416,93.843,86.313,26.782,9.651,DLR
889,886,1.599,0.593,6.447,3.518,0.251,0.0,DLR
889,887,0.0,0.316,1.574,2.68,0.614,0.523,DLR
889,888,2.313,0.25800002,4.389,2.169,2.582,0.122,DLR
889,890,4.933,3.074,3.143,1.567,0.626,0.0,DLR
889,893,0.0,6.172,6.201,3.183,1.597,0.0,DLR
889,894,0.0,1.347,2.961,2.907,0.0,0.422,DLR
889,895,0.442,3.982,6.657,5.1940002,1.706,0.0,DLR
889,940,3.0,4.046,6.334,9.196,2.1529999,0.0,DLR
890,504,5.015,4.24,6.347,8.767,1.776,0.0,DLR
890,513,25.496,66.465004,15.554,38.859,5.61,3.516,DLR
890,538,0.0,2.874,2.48,1.09,1.317,0.344,DLR
890,559,0.594,2.825,1.981,0.951,0.0,0.0,DLR
890,573,0.614,8.335,15.079,20.244,3.651,2.125,DLR
890,719,4.417,0.677,9.392,3.091,0.281,0.579,DLR
890,749,0.0,3.853,6.418,5.376,0.366,0.0,DLR
890,750,0.0,0.627,8.12,1.868,0.0,0.0,DLR
890,757,1.346,0.0,0.625,0.073,0.184,0.009000001,DLR
890,842,12.275,14.846,13.033,14.964,1.558,0.0,DLR
890,851,0.678,2.218,3.831,6.337,1.391,0.0,DLR
890,853,3.678,6.0629997,8.219,2.187,0.59000003,0.021,DLR
890,854,0.594,1.818,2.745,2.058,0.44799998,0.0,DLR
890,858,9.671,14.806,24.505,33.981,12.8880005,5.127,DLR
890,860,10.492,47.919,18.426,26.632,6.595,2.274,DLR
890,861,3.111,5.6349998,6.454,1.675,0.717,1.404,DLR
890,862,4.562,12.583,8.399,21.965,4.154,1.03,DLR
890,864,33.821,99.477,65.119,47.282,14.57,2.516,DLR
890,865,0.77,11.424,11.221,7.818,4.462,0.0,DLR
890,866,0.57600003,0.0,2.233,4.151,1.862,0.0,DLR
890,867,2.225,1.434,2.712,3.513,0.0,0.523,DLR
890,879,0.85,6.747,11.752,2.253,1.122,2.3,DLR
890,882,0.645,4.6540003,6.032,2.04,0.901,0.0,DLR
890,883,2.073,7.873,6.524,4.772,2.229,1.036,DLR
890,884,151.961,310.473,515.177,395.987,109.779,34.207,DLR
890,886,4.611,6.661,31.562,15.915,9.186,1.057,DLR
890,887,1.4499999,2.474,6.5030003,5.68,3.978,2.493,DLR
890,888,0.326,4.139,9.617,6.797,0.506,0.0,DLR
890,889,5.169,0.934,5.231,2.804,4.0109997,1.374,DLR
890,893,0.0,2.351,15.398,4.455,2.294,4.1019998,DLR
890,894,0.327,6.892,8.4869995,11.908,3.942,5.66,DLR
890,895,1.344,3.589,17.842,13.919,4.701,4.249,DLR
890,928,0.803,0.577,3.725,0.657,0.745,0.012,DLR
890,940,2.28,5.015,6.375,18.785,4.9709997,0.114,DLR
891,504,4.117,9.659,1.966,2.519,0.396,0.0,DLR
891,513,18.327,25.841,4.21,5.643,2.007,0.733,DLR
891,573,2.944,5.137,2.532,3.279,0.764,0.0,DLR
891,719,3.725,0.048,0.528,0.219,0.0,0.0,DLR
891,757,0.037,0.0,0.048,0.0,0.025,0.0,DLR
891,842,6.011,3.8209999,4.285,4.121,5.7469997,0.0,DLR
891,854,0.0,2.853,2.296,0.377,0.0,0.0,DLR
891,858,9.979,6.315,6.801,5.125,0.0,0.0,DLR
891,860,7.691,19.772,8.289,4.175,2.177,0.0,DLR
891,861,1.588,6.619,1.368,0.0,0.0,0.0,DLR
891,862,0.0,0.478,0.12799999,0.30200002,0.129,0.0,DLR
891,864,22.164,33.947,14.934,7.82,3.154,1.946,DLR
891,865,4.317,8.657,2.956,2.6299999,1.096,0.0,DLR
891,879,6.232,2.337,1.456,1.678,0.499,0.0,DLR
891,883,2.351,7.2009997,1.383,1.818,0.611,0.0,DLR
891,884,70.736,127.384,110.823,45.314,23.009,7.573,DLR
891,886,1.013,6.23,9.299,3.27,1.569,4.1480002,DLR
891,887,0.91899997,1.17,1.924,1.987,0.396,0.0,DLR
891,888,0.0,3.03,2.27,3.81,1.334,0.469,DLR
891,889,1.453,2.621,1.46,0.86,0.0,0.0,DLR
891,893,0.0,1.473,3.938,1.758,0.1,0.0,DLR
891,895,0.0,0.572,5.625,2.27,2.038,0.0,DLR
891,928,0.091,0.0,0.0,0.0,0.0,0.0,DLR
891,940,1.603,7.381,0.954,0.0,2.087,0.793,DLR
893,504,1.027,4.6480002,14.975,9.779,2.5939999,0.0,DLR
893,513,13.45,40.228,13.153,51.577,11.847,2.853,DLR
893,538,0.42,1.313,5.117,3.614,0.0,0.288,DLR
893,573,1.216,2.582,45.139,26.202,10.593,2.427,DLR
893,719,2.832,0.805,20.634,5.107,2.93,1.157,DLR
893,749,0.0,3.425,15.434,6.75,1.034,0.373,DLR
893,750,0.0,0.0,8.512,2.592,0.372,0.0,DLR
893,757,1.405,0.0,0.75,0.079,0.774,0.023,DLR
893,842,4.966,8.305,10.158,13.148,1.959,0.0,DLR
893,850,0.0,2.305,4.116,2.834,2.623,0.0,DLR
893,851,1.234,1.009,15.97,5.471,0.58,0.0,DLR
893,853,0.893,0.95600003,17.986,3.497,3.178,0.17,DLR
893,854,0.0,0.38099998,3.33,2.568,0.737,0.0,DLR
893,858,0.0,6.733,34.260002,29.292,15.93,1.787,DLR
893,860,3.253,39.405,43.276,48.985,13.869,3.819,DLR
893,861,0.0,7.398,2.554,4.814,0.57600003,0.0,DLR
893,862,1.634,11.128,27.581,27.683,3.932,0.869,DLR
893,864,16.506,53.859,64.931,47.312,12.503,5.661,DLR
893,865,1.6919999,4.735,18.543,12.122,3.065,2.718,DLR
893,867,3.47,3.348,3.701,3.862,0.682,0.0,DLR
893,879,0.0,3.828,7.52,3.802,2.13,0.399,DLR
893,882,0.969,4.149,7.124,3.052,2.417,0.0,DLR
893,883,0.58100003,3.43,4.859,4.682,3.838,0.0,DLR
893,884,80.969,251.319,874.384,547.747,179.775,60.831,DLR
893,886,1.173,7.377,26.246,12.372,3.793,0.325,DLR
893,887,0.588,1.9580001,17.119,9.446,4.4830003,2.126,DLR
893,888,0.48,10.866,28.295,9.533,2.871,0.387,DLR
893,889,1.86,4.321,2.526,2.008,0.787,0.001,DLR
893,890,3.5839999,11.417,10.716001,4.737,3.52,1.4860001,DLR
893,894,0.0,1.822,6.863,2.057,0.957,0.335,DLR
893,895,0.0,2.0379999,25.725,16.928,4.99,0.535,DLR
893,897,0.0,2.49,9.127,4.325,0.845,0.563,DLR
893,928,0.003,0.0,0.223,0.142,0.0,0.0,DLR
893,940,2.694,5.379,23.511,27.637001,3.127,2.458,DLR
894,504,0.0,1.0600001,4.723,3.698,0.742,0.343,DLR
894,513,14.34,72.999,13.141,30.362,5.754,3.718,DLR
894,538,0.0,2.834,2.467,0.877,0.652,0.0,DLR
894,573,2.01,2.408,5.799,4.649,2.929,0.732,DLR
894,719,1.604,0.273,3.938,2.252,0.585,0.0,DLR
894,749,0.0,4.905,4.644,4.0690002,0.719,0.427,DLR
894,757,1.133,0.0,0.277,0.0,0.111,0.0,DLR
894,842,1.512,19.505,6.02,9.981,3.568,0.0,DLR
894,851,0.0,0.0,5.712,4.4839997,1.109,0.715,DLR
894,853,0.85,5.344,7.058,2.539,1.351,0.0,DLR
894,854,0.0,1.921,1.215,2.39,0.30900002,0.0,DLR
894,858,2.652,28.201,19.77,32.205,7.118,3.424,DLR
894,860,2.793,35.904,16.173,20.935,7.791,3.526,DLR
894,861,0.542,6.315,2.642,1.735,1.3,0.234,DLR
894,862,4.031,7.559,7.4900002,9.476,4.9700003,5.616,DLR
894,864,20.893,107.273,34.799,23.018,12.517,3.642,DLR
894,865,2.0509999,6.003,11.599,6.601,3.645,1.07,DLR
894,866,2.184,2.691,6.988,2.759,1.056,0.0,DLR
894,867,0.0,4.423,6.23,2.218,1.081,0.936,DLR
894,879,0.403,2.372,4.441,2.758,0.773,0.0,DLR
894,882,1.074,2.7089999,8.164,3.687,2.193,0.0,DLR
894,883,0.36699998,4.088,4.09,3.715,1.423,2.16,DLR
894,884,60.448,239.668,339.11,284.408,116.941,36.079,DLR
894,886,1.886,11.224,22.497,12.189,6.0039997,4.0230002,DLR
894,887,0.576,5.408,5.033,10.052,2.4520001,2.57,DLR
894,888,0.727,9.551,14.104,8.938,6.598,1.393,DLR
894,890,2.453,6.042,5.876,4.19,4.631,0.937,DLR
894,891,0.0,5.396,2.192,1.967,2.023,0.0,DLR
894,893,0.0,1.499,4.112,1.336,0.61,0.269,DLR
894,895,0.145,4.0360003,18.988,15.53,10.059999,1.284,DLR
894,940,2.825,5.019,9.056,15.375,1.821,0.414,DLR
895,504,3.141,9.815,8.943,6.578,1.244,0.392,DLR
895,513,52.395,76.111,16.33,33.15,6.329,3.043,DLR
895,533,0.345,0.456,2.826,1.464,1.098,0.0,DLR
895,538,0.549,1.891,1.997,3.318,1.258,0.0,DLR
895,559,1.997,4.403,2.802,2.583,0.317,0.811,DLR
895,573,11.638,10.65,11.471,11.359,8.578,3.787,DLR
895,719,5.234,0.453,4.545,1.455,0.156,0.208,DLR
895,749,0.0,0.0,5.967,2.632,1.924,0.0,DLR
895,750,0.0,1.849,4.478,3.34,1.137,0.0,DLR
895,757,0.024,0.0,0.376,0.025,0.15,0.025,DLR
895,842,10.752,29.314,11.029,21.903,2.906,0.0,DLR
895,850,0.0,1.109,4.241,2.663,1.828,1.6389999,DLR
895,851,1.207,3.225,4.639,5.098,1.709,1.542,DLR
895,853,5.517,6.8,10.997,1.979,2.043,0.72,DLR
895,854,2.4160001,7.091,6.2400002,3.338,0.69,0.0,DLR
895,855,3.35,10.035,1.84,2.434,0.736,0.0,DLR
895,856,0.602,5.728,1.582,2.166,0.0,0.0,DLR
895,858,12.285,21.828,31.316,21.168,16.666,0.775,DLR
895,860,18.907,77.397,41.204,27.306,15.288,2.711,DLR
895,861,6.2009997,24.111,8.652,1.129,1.0960001,0.0,DLR
895,862,11.286,55.231,29.428,18.221,8.409,5.089,DLR
895,864,67.083,113.672,54.181,35.654,11.775,3.897,DLR
895,865,1.77,15.897,20.987,6.466,5.671,1.957,DLR
895,866,1.477,0.969,7.85,2.994,0.294,0.0,DLR
895,867,1.121,8.7369995,4.526,5.246,1.018,0.81700003,DLR
895,879,1.465,9.109,17.622,0.956,0.288,0.0,DLR
895,882,6.83,30.253,7.382,3.9060001,2.463,0.0,DLR
895,883,4.107,11.922,4.463,4.04,3.914,0.884,DLR
895,884,238.952,456.503,501.702,283.932,156.222,40.527,DLR
895,886,2.27,29.029,62.332,25.598,17.226,4.605,DLR
895,887,1.51,7.281,17.27,19.853,12.655001,2.47,DLR
895,888,1.334,23.764,53.486,23.968,13.883,3.519,DLR
895,889,1.433,1.434,2.66,4.942,1.091,0.419,DLR
895,890,9.845,17.037,16.662,9.489,4.966,1.8659999,DLR
895,891,2.145,3.66,3.595,2.539,0.859,0.0,DLR
895,893,0.24599999,5.3450003,25.19,12.184999,3.837,2.4,DLR
895,894,1.142,4.031,26.759,18.789,10.258,2.093,DLR
895,897,1.53,5.468,1.007,4.096,1.004,0.0,DLR
895,928,0.502,0.987,1.132,0.803,0.175,0.0,DLR
895,940,6.784,20.527,13.561,13.444,3.092,1.173,DLR
897,504,0.591,5.356,5.132,2.4029999,1.204,0.481,DLR
897,513,46.592,378.712,287.209,170.449,104.209,54.702,DLR
897,533,2.546,5.729,7.217,4.795,0.738,0.0,DLR
897,538,0.0,2.562,1.906,1.88,0.86,1.098,DLR
897,559,1.887,0.856,3.371,1.964,3.4850001,1.174,DLR
897,573,0.0,0.0,0.0,0.0,0.0,0.176,DLR
897,719,14.049,74.31,87.598,70.029,38.108,7.472,DLR
897,757,0.024999999,0.378,0.0,0.0,0.049,0.0,DLR
897,842,51.982,296.558,165.783,123.686,44.252,16.813,DLR
897,850,0.946,10.806,9.004,8.761,1.734,1.8369999,DLR
897,851,3.967,17.216,15.909,12.156,9.686,10.3689995,DLR
897,853,2.124,33.533,22.637,8.158,4.196,1.006,DLR
897,854,11.591,41.589,62.212,35.717,19.162,13.277,DLR
897,855,39.897,352.601,169.34,97.727,41.537,18.976,DLR
897,856,0.828,43.284,47.098,26.389,19.858,14.436,DLR
897,857,1.219,12.775,21.163,20.583,16.981,12.966,DLR
897,858,0.796,3.326,15.540999,14.484,3.744,7.178,DLR
897,859,0.952,7.7790003,7.742,4.209,3.264,3.217,DLR
897,860,7.348,67.91,37.515,19.998,20.332,20.823,DLR
897,861,11.423,131.991,78.516,21.911,9.649,19.441,DLR
897,862,33.298,64.075,48.271,45.52,22.209,22.815,DLR
897,864,7.888,33.019,17.211,4.286,2.491,0.673,DLR
897,865,5.154,13.634,40.953,15.919,10.259,15.412001,DLR
897,866,1.507,10.129,22.611,16.047,6.277,6.8910003,DLR
897,867,5.951,12.486,15.706,11.623,7.262,3.774,DLR
897,879,1.434,25.721,142.922,50.383,53.965,13.516,DLR
897,882,3.816,4.125,1.817,3.118,1.5,0.841,DLR
897,883,0.698,7.333,6.996,3.423,0.99,1.914,DLR
897,884,2.463,7.863,9.139,10.4210005,13.71,4.8120003,DLR
897,886,0.0,3.13,5.274,4.999,1.326,0.705,DLR
897,887,1.346,3.586,1.799,4.186,2.714,0.722,DLR
897,888,1.37,5.3120003,5.232,1.803,1.375,1.306,DLR
897,893,6.495,7.041,2.806,1.762,1.758,0.992,DLR
897,894,1.233,3.055,2.667,1.646,0.84000003,0.99,DLR
897,895,1.515,4.097,3.285,2.522,3.043,1.207,DLR
897,898,1.14,8.909,24.751,15.438,20.14,14.038,DLR
897,928,15.9210005,296.438,109.401,55.52,31.67,6.015,DLR
897,940,21.273,242.114,338.736,209.662,96.75,63.343,DLR
898,513,32.674,249.774,121.927,69.502,47.729,13.585,DLR
898,533,2.798,4.345,4.837,0.875,0.0,0.0,DLR
898,719,3.799,41.793,44.417,27.761,6.846,2.792,DLR
898,842,31.12,131.425,65.823,35.466,23.325,5.444,DLR
898,851,6.168,12.21,6.652,2.821,2.451,0.012,DLR
898,854,1.283,8.937,13.112,3.281,6.522,0.0,DLR
898,855,15.824,171.525,66.624,44.023,15.871,1.225,DLR
898,856,0.0,19.533,7.211,5.501,2.532,2.139,DLR
898,857,0.0,3.698,3.639,1.06,0.52,2.217,DLR
898,860,3.849,65.963,23.476,16.488,13.767,9.7,DLR
898,861,3.494,41.782,11.407,6.146,2.743,1.811,DLR
898,862,14.1050005,45.889,12.001,11.473001,3.843,0.057,DLR
898,864,4.239,19.784,7.774,7.6809998,1.677,0.0,DLR
898,865,2.378,7.257,12.471,5.832,0.525,3.013,DLR
898,866,2.48,4.578,9.053,6.146,3.243,0.128,DLR
898,867,0.858,4.476,2.389,2.087,2.422,1.846,DLR
898,879,4.881,20.127,50.969,22.378,17.896,4.796,DLR
898,884,0.084,4.989,1.609,3.576,5.552,1.4250001,DLR
898,887,0.332,1.335,1.266,1.21,0.0,0.0,DLR
898,888,0.493,1.158,1.913,0.85,0.523,0.0,DLR
898,893,0.0,4.456,0.442,0.778,0.0,0.0,DLR
898,897,7.802,31.233,25.71,16.186,11.1449995,6.5,DLR
898,928,10.389,105.83,43.959,18.589,12.553,4.697,DLR
898,940,19.264,101.012,94.793,43.138,14.994,4.116,DLR
928,504,0.676,2.071,1.943,1.846,0.136,0.0,DLR
928,513,41.344,161.654,235.542,212.21,124.957,49.699,DLR
928,523,0.0,0.0,0.211,0.0,0.0,0.134,DLR
928,533,1.595,0.854,2.531,0.802,0.976,0.0,DLR
928,538,0.0,0.342,0.298,0.306,0.684,0.635,DLR
928,559,0.0,0.0,1.439,1.675,0.775,1.477,DLR
928,719,17.195,35.563,58.203,83.479,26.537,6.137,DLR
928,757,0.036,0.121,0.0,0.0,0.0,0.0,DLR
928,842,71.708,299.258,138.112,180.792,40.306,10.748,DLR
928,850,0.43,3.318,2.1,5.09,0.835,0.768,DLR
928,851,2.698,7.101,6.354,11.681,4.791,1.801,DLR
928,853,3.052,9.342,4.1150002,7.088,1.444,0.392,DLR
928,854,16.384,57.805,44.733,49.568,15.713,6.753,DLR
928,855,54.874,252.665,124.147,126.754,35.351,4.254,DLR
928,856,4.415,26.736,37.29,58.112,27.225,9.751,DLR
928,857,4.414,10.965,14.674,27.646,13.214,8.669,DLR
928,858,0.289,5.118,2.592,4.366,3.782,1.714,DLR
928,859,0.083,5.949,3.323,2.78,0.916,0.704,DLR
928,860,7.791,57.731,43.383,42.889,28.596,6.765,DLR
928,861,17.357,168.317,65.642,50.129,16.508,6.635,DLR
928,862,6.483,26.657,31.182,50.946,19.134,9.095,DLR
928,864,4.237,17.078,11.091,8.384,2.198,0.057,DLR
928,865,2.424,8.341,19.224,18.063,7.342,4.908,DLR
928,866,3.165,5.3849998,18.189,12.414,7.278,6.311,DLR
928,867,1.204,2.093,2.586,4.688,4.442,2.019,DLR
928,879,2.988,32.1,122.97,83.222,47.501,21.18,DLR
928,883,0.852,1.54,3.368,7.499,1.143,1.04,DLR
928,884,1.126,3.796,5.094,12.084,7.175,3.007,DLR
928,886,0.0,1.092,3.075,7.3,1.683,0.461,DLR
928,887,0.404,2.093,1.094,2.145,1.186,0.09,DLR
928,888,0.505,2.422,2.591,4.818,1.173,1.394,DLR
928,890,1.039,2.729,2.308,7.284,0.995,4.432,DLR
928,893,0.0,0.0,0.181,0.0,0.0,0.085,DLR
928,894,0.0,0.0,0.085,0.0,0.181,0.052,DLR
928,895,0.282,1.648,1.085,2.282,1.205,0.0,DLR
928,897,27.461,41.524,73.199,121.064,59.903,33.229,DLR
928,898,1.456,18.047,44.557,58.924,32.833,16.461,DLR
928,940,19.648,148.15,211.481,308.839,105.405,48.49,DLR
940,504,8.746,30.015,4.702,3.932,1.306,1.326,DLR
940,513,80.936,522.328,262.835,175.875,117.387,49.858,DLR
940,523,0.0,5.498,3.298,2.788,1.175,1.196,DLR
940,533,8.472,13.041,7.697,3.675,1.8299999,0.0,DLR
940,538,3.425,9.384,6.902,3.271,3.582,2.445,DLR
940,559,3.467,11.942,5.063,3.168,2.921,0.0,DLR
940,573,0.0,0.0,0.0,0.0,0.0,0.314,DLR
940,719,93.839005,477.59702,275.635,286.474,76.645,29.034,DLR
940,750,0.0,2.663,1.357,3.996,1.438,1.74,DLR
940,757,0.106,1.442,0.095,0.0,0.032,0.0,DLR
940,842,289.647,1831.362,441.214,377.689,87.833,35.675,DLR
940,850,1.363,21.771,23.732,15.004,5.777,3.721,DLR
940,851,16.761,110.528,37.638,28.239,18.158,10.246,DLR
940,853,17.958,49.217,29.968,18.826,3.717,3.252,DLR
940,854,23.393,214.232,128.648,82.755,24.294,29.21,DLR
940,855,224.755,1415.733,347.199,212.097,83.842,31.705,DLR
940,856,5.485,62.644,94.996,72.432,34.096,12.477,DLR
940,857,5.3,34.543,43.958,38.274,17.44,9.353,DLR
940,858,10.674,16.283,19.536,27.909,19.578,4.108,DLR
940,859,6.577,45.531,6.811,5.788,1.406,0.709,DLR
940,860,36.415,344.659,99.292,65.585,38.535,22.169,DLR
940,861,50.534,607.351,138.234,72.835,23.877,18.308,DLR
940,862,70.462,322.742,149.929,160.197,64.838,30.336,DLR
940,864,26.925,96.679,34.154,10.427,3.072,0.537,DLR
940,865,11.746,52.746002,73.521,38.281,21.167,19.078,DLR
940,866,5.302,36.779,49.622,24.061,15.008,5.162,DLR
940,867,10.021,55.121,15.579,18.016,7.907,4.983,DLR
940,879,21.779,202.499,353.054,186.988,90.349,30.652,DLR
940,882,5.926,46.556,5.82,3.826,1.377,1.043,DLR
940,883,6.336,30.9,9.852,9.317,4.308,1.903,DLR
940,884,9.39,48.733,22.389,43.786,25.797,9.633,DLR
940,886,2.562,11.841,13.719,9.667,4.022,1.84,DLR
940,887,2.9650002,14.824,7.761,4.147,4.271,2.308,DLR
940,888,4.4709997,21.499,16.373,9.285,2.693,1.354,DLR
940,889,3.497,25.395,3.454,1.493,1.501,0.0,DLR
940,890,3.643,19.999,11.057,9.604,0.545,0.789,DLR
940,891,0.0,2.341,6.249,3.833,1.061,0.0,DLR
940,893,3.116,31.434,13.407001,4.586,0.175,0.0,DLR
940,894,6.562,16.547,4.626,3.779,1.118,0.0,DLR
940,895,3.726,11.059,11.603,13.727,9.515,0.676,DLR
940,897,22.216,180.423,284.443,219.84,111.111,76.846,DLR
940,898,1.56,21.968,65.35,55.438,24.565,24.088,DLR
940,928,12.548,168.988,102.416,74.853,30.013,16.932,DLR
