,alpha,alpha_rnk,distance,distance_rnk
"(0, 37)",0.03345541838134447,19.0,0.2961165048543689,35.0
"(0, 40)",0.31135939643347066,80.0,0.14077669902912623,77.0
"(37, 0)",0.026690842714459873,15.0,0.2961165048543689,36.0
"(37, 36)",0.34469243116584125,83.0,0.1262135922330097,83.0
"(40, 0)",0.32111320580258074,81.0,0.14077669902912623,78.0
"(40, 35)",0.03132063162653087,17.0,0.30582524271844663,31.0
"(1, 28)",0.1250000000000001,44.0,0.15048543689320384,73.0
"(1, 22)",0.1250000000000001,45.0,0.15048543689320384,74.0
"(28, 1)",0.18567692866158814,59.0,0.15048543689320384,75.0
"(28, 41)",0.7439223149212238,90.0,0.02912621359223301,89.0
"(28, 5)",0.032821167904107273,18.0,0.27184466019417475,39.0
"(28, 43)",0.044648268809664104,26.0,0.2524271844660194,43.0
"(22, 14)",0.02807272466849109,16.0,0.3446601941747573,27.0
"(22, 1)",0.3372675290800674,82.0,0.15048543689320384,76.0
"(2, 33)",9.999999999998899e-05,3.0,1.0,1.0
"(33, 24)",0.25085046026363866,70.0,0.49029126213592233,9.0
"(33, 39)",0.21370292599385765,66.0,0.5388349514563108,7.0
"(33, 2)",0.033558141099971905,20.0,1.0,2.0
"(3, 17)",9.999999999998899e-05,4.0,0.36893203883495146,19.0
"(17, 12)",0.3042323880360136,79.0,0.1796116504854369,63.0
"(17, 3)",0.03510506986985207,21.0,0.36893203883495146,20.0
"(4, 31)",0.1250000000000001,46.0,0.22815533980582522,49.0
"(4, 12)",0.1250000000000001,47.0,0.22815533980582522,50.0
"(31, 4)",0.19924914945418848,64.0,0.22815533980582522,51.0
"(31, 29)",0.07195454699815729,33.0,0.3203883495145631,29.0
"(12, 17)",0.17516838084440134,58.0,0.1796116504854369,64.0
"(12, 4)",0.08546087085627918,36.0,0.22815533980582522,52.0
"(5, 15)",0.4000583175390001,85.0,0.0970873786407767,85.0
"(5, 28)",0.01822423093745451,13.0,0.27184466019417475,40.0
"(15, 5)",0.4878784084451423,88.0,0.0970873786407767,86.0
"(15, 8)",0.009631777159203603,10.0,0.3592233009708738,23.0
"(6, 14)",0.23813743924143738,69.0,0.2233009708737864,53.0
"(6, 30)",0.054943634455714485,30.0,0.3640776699029126,21.0
"(14, 6)",0.22346909022341865,68.0,0.2233009708737864,54.0
"(14, 22)",0.060773732480942644,31.0,0.3446601941747573,28.0
"(30, 6)",0.16228399699474094,54.0,0.3640776699029126,22.0
"(30, 36)",0.09391435011269733,40.0,0.4368932038834952,13.0
"(7, 41)",1.000088900582341e-12,1.0,0.043689320388349516,87.0
"(7, 19)",0.9997000299990002,91.0,0.0,91.0
"(41, 28)",0.5348249858964669,89.0,0.02912621359223301,90.0
"(41, 7)",0.378787441270494,84.0,0.043689320388349516,88.0
"(41, 43)",0.0022009258678865606,9.0,0.17475728155339806,67.0
"(19, 34)",1.000088900582341e-12,2.0,0.1796116504854369,65.0
"(19, 7)",0.9997000299990002,92.0,0.0,92.0
"(8, 35)",0.25473081713765877,71.0,0.30582524271844663,32.0
"(8, 32)",0.1946909516469736,61.0,0.3592233009708738,24.0
"(8, 15)",0.1946909516469736,62.0,0.3592233009708738,25.0
"(8, 42)",0.026204671253328815,14.0,0.6990291262135924,3.0
"(35, 40)",0.1250000000000001,48.0,0.30582524271844663,33.0
"(35, 8)",0.1250000000000001,49.0,0.30582524271844663,34.0
"(32, 10)",0.26644135777102007,74.0,0.1990291262135922,57.0
"(32, 8)",0.04531667625544511,27.0,0.3592233009708738,26.0
"(42, 27)",0.4027018661811562,86.0,0.24757281553398058,47.0
"(42, 8)",0.017889849795175272,12.0,0.6990291262135924,4.0
"(9, 34)",0.1645172318947502,55.0,0.16019417475728154,71.0
"(9, 26)",0.0923789962906506,39.0,0.19417475728155342,59.0
"(34, 9)",0.1476763848396503,51.0,0.16019417475728154,72.0
"(34, 19)",0.10477259475218659,42.0,0.1796116504854369,66.0
"(26, 9)",0.07424149718881368,34.0,0.19417475728155342,60.0
"(26, 20)",0.1948196244242928,63.0,0.14077669902912623,79.0
"(10, 32)",0.10219633629989522,41.0,0.1990291262135922,58.0
"(10, 29)",0.15096608569369563,52.0,0.17475728155339806,68.0
"(29, 10)",0.27091390189293696,75.0,0.17475728155339806,69.0
"(29, 31)",0.043964990840626994,25.0,0.3203883495145631,30.0
"(11, 20)",0.04589220628442292,28.0,0.2524271844660194,44.0
"(11, 18)",0.26457875850752965,72.0,0.14077669902912623,80.0
"(20, 11)",0.04589220628442292,29.0,0.2524271844660194,45.0
"(20, 26)",0.26457875850752965,73.0,0.14077669902912623,81.0
"(18, 13)",0.03578870445154014,22.0,0.28640776699029125,37.0
"(18, 11)",0.30137555174680686,78.0,0.14077669902912623,82.0
"(13, 16)",0.1423379492784309,50.0,0.262135922330097,41.0
"(13, 18)",0.10913045075289507,43.0,0.28640776699029125,38.0
"(16, 13)",0.07705421727362927,35.0,0.262135922330097,42.0
"(16, 23)",0.18958226982460513,60.0,0.19417475728155342,61.0
"(23, 16)",9.999999999998899e-05,5.0,0.19417475728155342,62.0
"(21, 25)",0.22020085587598204,67.0,0.39805825242718446,15.0
"(21, 44)",0.06216279321734586,32.0,0.6067961165048543,5.0
"(25, 21)",0.1658768715887422,56.0,0.39805825242718446,16.0
"(25, 27)",0.09145919893414178,38.0,0.48543689320388345,11.0
"(44, 21)",9.999999999998899e-05,6.0,0.6067961165048543,6.0
"(24, 43)",0.17375143366295442,57.0,0.3883495145631068,17.0
"(24, 33)",0.08634441200720233,37.0,0.49029126213592233,10.0
"(43, 24)",0.039433647698722374,24.0,0.3883495145631068,18.0
"(43, 28)",0.15694357368977885,53.0,0.2524271844660194,46.0
"(43, 41)",0.2994492622121734,77.0,0.17475728155339806,70.0
"(27, 42)",0.29044851349903034,76.0,0.24757281553398058,48.0
"(27, 25)",0.0385282857641599,23.0,0.48543689320388345,12.0
"(36, 37)",0.409517611211456,87.0,0.1262135922330097,84.0
"(36, 30)",0.015390751712381467,11.0,0.4368932038834952,14.0
"(36, 38)",0.20668279433121217,65.0,0.20873786407766987,55.0
"(39, 33)",9.999999999998899e-05,7.0,0.5388349514563108,8.0
"(38, 36)",9.999999999998899e-05,8.0,0.20873786407766987,56.0
