mode_mnlc_o,mode_mnlc_d,2,3,4,5,6,7,mode
504,523,0.0,1.196,14.535,16.545,9.852,1.549,DLR
504,533,0.0,2.451,49.09,66.388,13.662,0.856,DLR
504,538,0.0,3.642,46.038,43.972,15.7300005,5.392,DLR
504,559,0.0,1.47,19.609,30.94,7.732,5.95,DLR
504,573,0.0,34.411,152.499,178.245,83.825,25.572,DLR
504,719,0.0,144.574,991.537,464.324,194.79,54.683,DLR
504,749,0.0,7.999,56.083,30.980999,24.177,14.862,DLR
504,750,0.0,7.881,57.422,47.351,16.311,6.826,DLR
504,757,0.0,30.195,129.314,95.609,59.522,20.4,DLR
504,842,0.0,2.693,23.1,10.222,4.253,0.90099996,DLR
504,850,0.0,0.869,3.226,2.838,1.712,0.15699999,DLR
504,851,0.0,1.961,7.971,6.43,2.435,0.596,DLR
504,853,0.0,2.67,8.328,1.962,1.424,0.682,DLR
504,854,0.0,0.0,3.272,2.0279999,0.47300002,0.0,DLR
504,856,0.0,0.0,1.83,0.804,0.303,0.0,DLR
504,857,0.0,0.0,1.466,2.459,0.485,0.0,DLR
504,858,0.0,0.26,5.498,2.752,0.77099997,0.62299997,DLR
504,859,0.0,0.111,2.455,0.91899997,0.475,0.201,DLR
504,860,0.0,2.029,3.73,1.79,1.387,0.829,DLR
504,861,0.0,0.0,5.407,2.882,0.254,0.0,DLR
504,862,0.0,0.598,7.211,4.892,2.03,1.344,DLR
504,864,0.0,0.825,4.717,3.981,0.58100003,0.034,DLR
504,865,0.0,0.968,3.6529999,1.957,0.824,0.783,DLR
504,866,0.0,0.989,5.182,3.28,0.945,0.046,DLR
504,867,0.0,0.0,4.509,2.039,2.427,3.192,DLR
504,879,0.0,0.0,12.731,3.236,0.315,0.0,DLR
504,882,0.0,1.403,2.1529999,1.05,1.84,1.466,DLR
504,883,0.0,0.0,2.134,2.566,1.382,0.033,DLR
504,884,0.0,45.464,87.901,42.54,44.679,15.893,DLR
504,886,0.0,5.556,5.969,3.108,3.667,2.649,DLR
504,887,0.0,3.294,1.822,1.608,3.555,2.258,DLR
504,888,0.0,5.093,2.063,1.192,3.3969998,1.062,DLR
504,889,0.0,5.666,28.732,25.034,6.626,4.869,DLR
504,890,0.0,2.209,1.667,0.97900003,2.988,2.074,DLR
504,891,0.0,0.0,1.017,0.723,0.283,0.557,DLR
504,893,0.0,0.90999997,0.858,0.813,1.934,1.743,DLR
504,894,0.0,6.307,1.084,1.115,2.584,1.338,DLR
504,895,0.0,1.94,2.256,1.953,3.225,0.569,DLR
504,897,0.0,0.0,3.956,4.088,0.59999996,0.0,DLR
504,928,0.0,0.008,1.303,0.566,0.241,0.0,DLR
504,940,0.0,0.12,9.376,6.384,0.674,0.0,DLR
513,523,0.0,12.78,36.511,46.789,31.201,17.445,DLR
513,533,0.0,14.7960005,334.404,380.31,45.386,10.029,DLR
513,538,0.0,20.039,97.209,138.12,90.172,45.035,DLR
513,559,0.0,14.6380005,58.420002,64.759,42.004,19.505,DLR
513,573,0.0,155.628,413.327,415.79102,283.95,121.181,DLR
513,842,0.0,69.021,814.924,558.183,191.688,59.897,DLR
513,850,0.0,9.347,38.222,42.771,14.334,3.999,DLR
513,851,0.0,1.355,6.8190002,8.563,0.92800003,0.0,DLR
513,853,0.0,60.006,177.732,84.07,21.835,4.876,DLR
513,854,0.0,62.091,279.422,273.96,193.946,76.163,DLR
513,855,0.0,19.776,141.424,128.8,75.364,26.901,DLR
513,856,0.0,30.274,190.368,176.189,125.763,56.093,DLR
513,857,0.0,33.183,164.792,175.842,121.098,48.639,DLR
513,858,0.0,25.398,142.647,207.785,161.904,122.3,DLR
513,859,0.0,1.439,1.214,2.641,0.325,0.005,DLR
513,860,0.0,125.069,854.716,785.784,474.759,200.591,DLR
513,861,0.0,89.328,300.553,295.771,196.197,80.751,DLR
513,862,0.0,330.464,1236.724,1074.176,714.528,338.315,DLR
513,864,0.0,12.049,55.628,25.091,9.742,3.262,DLR
513,865,0.0,93.685,606.21,562.06903,346.665,168.816,DLR
513,866,0.0,0.0,10.788,5.109,1.796,0.369,DLR
513,867,0.0,6.39,31.533,41.597,12.458,4.036,DLR
513,879,0.0,132.592,1115.458,426.895,188.984,64.649,DLR
513,882,0.0,20.489,134.169,145.61,112.06,51.098,DLR
513,883,0.0,28.328,156.623,196.423,136.431,66.739,DLR
513,884,0.0,11.389,37.285,66.726,33.192,12.05,DLR
513,886,0.0,9.69,78.045,64.675,24.137001,3.844,DLR
513,887,0.0,12.489,44.639,29.444,8.641,3.169,DLR
513,888,0.0,9.417,35.208,33.862,10.524,3.867,DLR
513,890,0.0,3.05,17.695,16.596,7.62,0.828,DLR
513,891,0.0,0.982,4.353,7.219,2.911,1.234,DLR
513,893,0.0,3.4,11.008,13.358,5.052,1.067,DLR
513,894,0.0,3.46,16.426,18.86,6.353,1.395,DLR
513,895,0.0,2.288,24.484,21.954,6.354,1.553,DLR
513,897,0.0,54.256,279.023,242.925,142.426,47.009,DLR
513,898,0.0,33.851,107.4,99.693,62.525,27.995,DLR
513,928,0.0,18.566,181.199,95.559,42.516,12.026,DLR
513,940,0.0,87.106,298.458,244.93,127.515,43.813,DLR
523,504,0.0,8.582,20.241,5.458,1.814,0.79,DLR
523,513,0.0,29.915,57.587,18.128,7.979,2.732,DLR
523,533,0.0,0.70600003,6.147,6.2269998,0.47700003,0.0,DLR
523,538,0.261,1.535,7.344,1.965,0.559,0.0,DLR
523,559,0.0,4.843,5.076,3.7480001,2.241,0.0,DLR
523,573,0.696,45.311,184.274,43.242,39.316,11.529,DLR
523,719,4.585,41.81,137.627,37.711,18.408,4.922,DLR
523,749,0.263,2.759,9.97,1.6800001,1.49,0.709,DLR
523,750,0.0,4.245,1.504,2.08,1.268,0.0,DLR
523,757,0.272,14.085,36.813,13.29,7.48,0.914,DLR
523,842,0.0,2.93,16.651001,2.582,1.212,0.0,DLR
523,851,0.0,2.359,3.155,1.03,0.377,0.0,DLR
523,858,0.0,2.063,16.942,3.939,3.6990001,1.087,DLR
523,860,0.0,3.98,12.836,3.378,1.363,0.444,DLR
523,862,0.0,3.125,12.377,2.892,2.483,0.0,DLR
523,864,0.0,2.067,7.354,1.96,1.299,0.0,DLR
523,865,0.0,2.553,4.648,2.598,0.0,0.312,DLR
523,879,0.0,1.751,5.307,0.381,0.0,0.243,DLR
523,882,0.0,0.566,1.211,1.502,0.82600003,0.0,DLR
523,883,0.0,1.406,3.316,0.0,0.552,0.773,DLR
523,884,3.387,99.421,253.318,87.759,37.827,10.468,DLR
523,886,0.0,0.744,5.086,0.576,2.426,0.0,DLR
523,888,0.0,0.143,0.526,0.315,0.0,0.0,DLR
523,889,0.0,0.0,3.573,3.5110002,1.403,0.0,DLR
523,928,0.0,0.051,0.167,0.033,0.0,0.0,DLR
523,940,0.0,2.042,3.083,0.795,0.0,0.0,DLR
533,504,0.0,1.187,39.516,29.351,36.940998,0.887,DLR
533,513,0.0,21.017,209.419,181.604,203.604,6.6280003,DLR
533,523,0.0,0.742,3.711,3.8009999,1.824,0.0,DLR
533,538,0.0,1.3280001,10.036,10.836,14.725,2.956,DLR
533,559,0.0,1.767,4.979,5.621,5.59,0.701,DLR
533,573,1.269,31.407,194.781,116.222,126.564,12.87,DLR
533,719,0.0,22.102,173.475,136.277,177.981,8.069,DLR
533,749,0.0,0.475,10.07,11.496,13.033,0.56700003,DLR
533,750,0.0,0.0,3.458,1.698,2.438,0.885,DLR
533,757,0.0,10.211,60.623,49.712,65.732,6.233,DLR
533,842,0.0,1.748,24.627,20.06,24.549,1.53,DLR
533,850,0.0,0.0,1.786,1.701,2.2779999,0.0,DLR
533,851,0.0,0.0,3.858,8.531,6.612,0.578,DLR
533,853,0.0,0.0,3.941,3.741,1.669,0.20899999,DLR
533,854,0.0,0.0,3.141,5.7139997,4.02,0.0,DLR
533,855,0.0,0.0,3.236,6.924,3.266,0.0,DLR
533,856,0.0,0.0,2.057,2.71,3.155,0.0,DLR
533,857,0.0,0.356,1.878,2.703,2.998,0.347,DLR
533,858,0.0,1.511,22.055,26.975,22.105,2.043,DLR
533,859,0.0,0.0,0.721,0.801,1.471,0.535,DLR
533,860,0.0,3.659,37.122,35.528,38.948,1.784,DLR
533,861,0.0,0.0,3.568,10.011,4.011,0.186,DLR
533,862,0.0,3.522,17.518,18.9,26.813,0.843,DLR
533,864,0.0,0.605,27.758,32.227,25.762,0.268,DLR
533,865,0.0,2.53,16.263,20.46,20.795,0.538,DLR
533,866,0.0,0.0,4.528,2.787,2.301,0.0,DLR
533,867,0.0,0.0,2.269,2.428,1.3149999,0.269,DLR
533,879,0.0,0.488,8.849,7.205,7.7599998,0.129,DLR
533,882,0.0,0.26,7.139,8.874,9.971,0.0,DLR
533,883,0.0,0.23,5.944,10.672,10.8810005,1.089,DLR
533,884,0.0,53.151,570.386,485.009,658.114,30.047,DLR
533,886,0.0,0.26,9.29,6.413,5.375,0.036,DLR
533,887,0.0,0.035,2.69,1.884,1.214,0.0,DLR
533,888,0.0,0.372,1.2080001,0.858,0.861,0.033,DLR
533,889,0.0,2.439,4.048,0.844,2.4950001,0.076,DLR
533,890,0.0,0.0,2.004,0.328,0.643,0.019,DLR
533,895,0.0,0.0,1.676,0.68,0.919,0.039,DLR
533,897,0.0,0.0,6.755,8.096,4.908,0.0,DLR
533,898,0.0,0.0,3.459,2.943,3.102,0.0,DLR
533,928,0.0,0.0,1.7870001,1.206,0.534,0.0,DLR
533,940,0.0,0.222,11.516,9.238,8.957,0.0,DLR
538,504,0.0,11.366,60.885,10.376,2.241,0.515,DLR
538,513,0.0,58.092,188.792,46.664,20.054,5.836,DLR
538,523,0.0,0.58500004,5.735,2.136,0.992,0.177,DLR
538,533,0.0,1.006,11.9939995,19.237,4.471,0.559,DLR
538,559,0.0,0.482,2.563,0.97,1.452,0.20400001,DLR
538,573,0.219,16.996,100.786,23.086,12.745,5.308,DLR
538,719,0.0,52.439,275.352,68.204,27.224,12.602,DLR
538,749,0.0,7.709,15.136,4.035,4.627,2.202,DLR
538,757,0.0,17.962,64.825,20.98,12.028,3.49,DLR
538,842,0.0,3.176,66.324,12.6119995,5.287,2.989,DLR
538,851,0.0,0.401,5.284,1.535,0.24700001,0.0,DLR
538,853,0.0,3.3990002,0.479,0.206,0.713,0.35,DLR
538,854,0.0,0.493,3.837,1.48,0.195,0.0,DLR
538,856,0.0,0.22399999,3.192,0.625,0.32,0.0,DLR
538,857,0.0,0.646,1.108,0.56,0.447,0.154,DLR
538,858,0.0,6.296,73.599,25.153,6.688,1.301,DLR
538,860,0.0,5.672,28.699,7.349,4.678,1.193,DLR
538,861,0.0,1.154,4.624,0.891,0.503,0.0,DLR
538,862,0.0,8.243,9.301,4.592,3.033,0.437,DLR
538,864,0.0,3.546,19.638,2.43,1.398,0.321,DLR
538,865,0.0,8.272,21.825,5.234,3.398,1.308,DLR
538,866,0.0,1.095,11.927,1.58,1.5090001,1.706,DLR
538,879,0.0,1.393,18.631,1.8,0.881,0.0,DLR
538,882,0.0,2.35,6.034,2.298,0.931,0.955,DLR
538,883,0.0,2.068,9.076,3.319,2.547,0.51,DLR
538,884,0.0,152.181,665.856,194.757,92.142,21.497,DLR
538,886,0.0,1.196,13.058,2.355,1.7,0.551,DLR
538,887,0.0,0.536,1.035,0.634,0.86800003,0.0,DLR
538,888,0.0,0.18300001,1.28,0.29999998,0.204,0.197,DLR
538,889,0.0,0.443,3.349,1.612,0.26,0.0,DLR
538,890,0.0,0.334,1.274,0.647,0.472,0.46899998,DLR
538,893,0.0,0.213,1.049,0.83100003,0.548,0.0,DLR
538,894,0.0,0.353,3.818,0.448,0.431,0.0,DLR
538,895,0.0,0.18100001,3.942,0.733,0.27,0.0,DLR
538,897,0.0,1.071,4.889,0.616,0.0,0.0,DLR
538,928,0.0,0.082,0.765,0.21000001,0.116000004,0.0,DLR
538,940,0.0,1.449,7.949,3.872,1.901,0.513,DLR
559,504,0.0,5.208,37.079,7.696,2.071,0.719,DLR
559,513,0.0,24.722,76.762,25.726,11.311,5.358,DLR
559,523,0.289,0.038,3.356,3.2089999,3.31,0.916,DLR
559,533,0.0,1.948,8.202,8.994,1.496,0.924,DLR
559,538,0.0,0.24,1.923,1.422,1.625,0.001,DLR
559,573,0.731,10.276,49.059002,25.554,8.7,5.628,DLR
559,719,0.0,26.971,170.078,46.674,23.637,5.535,DLR
559,749,0.0,1.0139999,12.717999,1.518,1.771,0.0,DLR
559,750,0.0,2.309,3.305,1.402,0.013,1.071,DLR
559,757,0.0,11.179,36.238,13.733,10.454,2.366,DLR
559,842,0.0,2.158,23.411,6.939,2.984,0.125,DLR
559,851,0.0,0.85,1.86,1.136,0.872,0.039,DLR
559,853,0.0,1.587,3.153,1.604,0.84000003,0.0,DLR
559,854,0.0,1.674,2.665,0.104,0.0,0.0,DLR
559,858,0.0,5.7,35.661,7.6730003,2.497,0.0,DLR
559,860,0.0,5.201,11.708,5.037,1.866,1.001,DLR
559,862,0.0,3.685,7.329,2.595,1.854,1.116,DLR
559,864,0.0,2.763,10.757,2.417,1.116,0.0,DLR
559,865,0.0,5.482,9.055,3.577,1.021,1.737,DLR
559,866,0.0,0.0,6.143,1.266,0.294,0.0,DLR
559,879,0.0,0.807,7.435,1.45,0.80799997,0.056,DLR
559,882,0.0,1.82,5.313,1.094,0.0,0.0,DLR
559,883,0.0,1.302,5.25,1.725,1.239,0.032,DLR
559,884,0.0,70.213,308.928,102.03,53.317,18.126,DLR
559,886,0.0,0.0,1.492,0.629,0.591,0.062000003,DLR
559,887,0.0,0.0,0.616,0.0,0.0,0.0,DLR
559,888,0.0,0.039,0.552,0.467,0.828,0.0,DLR
559,889,0.0,1.155,1.363,3.277,1.7379999,0.0,DLR
559,895,0.0,0.0,2.853,0.731,0.254,0.0,DLR
559,897,0.0,0.0,3.546,2.094,1.848,0.107,DLR
559,928,0.0,0.061,0.476,0.276,0.082,0.0,DLR
559,940,0.0,0.458,4.297,1.8939999,0.498,0.006,DLR
573,504,1.995,79.711,210.054,51.249,24.266,6.945,DLR
573,513,0.0,269.1,630.068,253.921,114.763,25.051,DLR
573,523,1.1650001,33.562,153.565,64.338,29.819,12.064,DLR
573,533,2.0019999,30.935,194.232,178.073,39.96,7.322,DLR
573,538,1.131,12.052,77.7,38.871,12.33,7.548,DLR
573,559,0.47,19.417,62.998,18.975,7.795,3.9950001,DLR
573,719,39.443,350.637,1095.765,400.585,215.432,46.629,DLR
573,749,2.48,36.182,72.451,33.052002,14.859,3.094,DLR
573,750,1.45,24.351,19.768,9.826,4.742,1.0569999,DLR
573,757,14.022,138.928,377.951,188.46,120.461,26.993,DLR
573,842,0.0,16.414999,75.318,31.338,8.658,7.24,DLR
573,850,0.0,3.705,6.579,4.892,1.666,0.449,DLR
573,851,0.0,9.424,14.534,7.366,4.741,1.159,DLR
573,853,0.0,5.492,15.091,2.276,1.209,0.507,DLR
573,854,0.0,0.585,2.97,0.915,0.086,0.0,DLR
573,855,0.0,1.16,5.523,1.6620001,0.0,0.0,DLR
573,856,0.0,0.024,0.305,0.134,0.043,0.0,DLR
573,857,0.0,0.04,0.648,0.251,0.047000002,0.023,DLR
573,858,0.0,47.92,127.066,70.294,32.638,5.842,DLR
573,859,0.076,0.699,1.966,1.031,0.879,0.025,DLR
573,860,0.0,48.991,100.863,44.358,23.367,4.385,DLR
573,861,0.0,3.0110002,4.774,2.881,0.213,0.116000004,DLR
573,862,0.0,37.895,70.474,31.1,10.24,4.634,DLR
573,864,0.0,14.148,34.856,10.2960005,3.3,0.639,DLR
573,865,0.0,28.789,60.597,23.67,14.92,3.057,DLR
573,866,0.0,1.04,12.541,3.376,0.55,0.0,DLR
573,867,0.0,0.949,7.392,4.962,1.031,0.13,DLR
573,882,0.0,6.765,22.921,7.97,4.925,2.919,DLR
573,883,0.0,27.421,20.336,16.159,6.913,2.655,DLR
573,884,16.677,723.875,2130.504,870.83,415.419,123.367,DLR
573,886,0.54,4.707,27.316,9.575,4.142,0.961,DLR
573,887,0.206,4.693,11.893,7.546,3.4819999,1.099,DLR
573,888,0.38099998,8.916,15.862,5.974,2.468,1.747,DLR
573,889,2.105,8.562,10.641,20.721,12.077,2.959,DLR
573,890,0.062,3.042,9.14,4.601,1.168,0.174,DLR
573,891,0.0,1.015,2.155,0.916,0.70600003,0.0,DLR
573,893,0.13,1.52,6.344,3.76,0.963,0.75699997,DLR
573,894,0.558,0.586,5.725,2.639,2.04,0.553,DLR
573,895,0.146,2.77,15.095,8.909,4.6219997,0.832,DLR
573,940,0.0,0.075,0.0,0.0,0.0,0.0,DLR
719,504,0.0,80.607,398.878,355.03,284.591,134.376,DLR
719,523,0.0,19.973,77.754,68.436,33.579,7.9179997,DLR
719,533,0.0,11.557,172.387,152.021,43.733,11.353,DLR
719,538,0.0,20.075,140.42,130.873,61.795002,19.169,DLR
719,559,0.0,18.721,117.279,90.162,37.404,12.069,DLR
719,573,0.0,216.683,770.664,545.65,329.6,92.091,DLR
719,749,0.0,15.452,57.256,56.588,45.396,28.907,DLR
719,750,0.0,36.689,216.259,140.864,99.125,56.542,DLR
719,757,0.0,21.468,79.494,47.738,29.287,30.941,DLR
719,842,1.542,75.329,443.801,213.985,52.783,25.109,DLR
719,850,1.55,32.094,202.978,167.695,83.402,44.305,DLR
719,851,2.74,66.649,411.183,336.97,131.616,45.375,DLR
719,853,2.691,157.173,597.698,257.851,121.887,64.296,DLR
719,854,0.6,16.505,68.266,58.403,15.142,2.599,DLR
719,855,0.254,1.23,22.438,14.706,3.569,0.565,DLR
719,856,0.085999995,6.069,37.11,30.577,10.582,2.16,DLR
719,857,0.036,4.143,34.534,33.551,8.605,2.031,DLR
719,858,4.0690002,15.335,76.324,94.827,27.101,10.297,DLR
719,859,0.016,22.566,91.424,83.104004,52.086,18.335001,DLR
719,860,0.09,0.662,8.3949995,7.48,1.928,1.165,DLR
719,861,0.18699999,26.741,77.897,62.455,13.416,2.526,DLR
719,862,0.943,8.685,46.386,39.649,7.327,1.778,DLR
719,864,0.001,0.0,1.311,0.314,0.115,0.026,DLR
719,865,0.0,1.757,24.887,23.817,4.692,0.951,DLR
719,866,0.305,35.779,122.522,47.909,12.196,9.062,DLR
719,867,1.466,43.59,285.559,285.159,128.688,46.099,DLR
719,879,0.451,23.281,211.902,75.377,16.492,2.959,DLR
719,882,0.21700001,2.464,13.001,11.593,2.9329998,1.07,DLR
719,883,1.1620001,3.325,24.845,24.817,1.966,0.12,DLR
719,884,0.0,10.447,96.438,66.736,39.531,12.313,DLR
719,886,0.0,5.011,1.211,0.489,0.617,0.0,DLR
719,887,0.0,3.204,0.966,0.138,0.282,0.0,DLR
719,888,0.0,2.795,0.593,0.2,0.444,0.0,DLR
719,889,0.0,68.459,191.977,160.628,80.433,33.789,DLR
719,890,0.0,2.838,0.318,0.088,0.11,0.0,DLR
719,891,0.0,0.28,0.0,0.0,0.034,0.0,DLR
719,893,0.0,0.482,0.219,0.031999998,0.169,0.0,DLR
719,894,0.0,1.118,0.037,0.0,0.062,0.0,DLR
719,895,0.0,1.292,0.412,0.154,0.513,0.0,DLR
719,897,2.219,27.333,74.731,57.457,19.318,5.631,DLR
719,898,0.0,4.403,29.774,26.918,10.938,2.433,DLR
719,928,0.198,3.435,25.787,13.315001,3.761,0.468,DLR
719,940,1.829,64.109,266.523,199.316,59.273,11.96,DLR
749,504,0.0,15.116,74.109,13.457,9.211,3.473,DLR
749,523,0.0,1.444,5.721,3.181,4.31,1.3740001,DLR
749,533,0.0,1.658,16.065,12.666,4.7660003,1.6899999,DLR
749,538,0.0,4.674,10.984,6.6480002,5.252,0.824,DLR
749,559,0.0,0.943,12.174,5.546,3.853,4.351,DLR
749,573,0.0,17.893,55.264,26.492,17.41,15.704,DLR
749,719,0.0,20.33,60.949,24.265,24.023,7.304,DLR
749,750,0.0,0.0,11.672,3.064,3.918,0.122,DLR
749,757,0.0,15.321,89.809,59.074,24.682,10.231,DLR
749,860,0.0,0.519,2.685,0.331,0.451,0.772,DLR
749,862,0.0,0.0,6.066,3.033,0.483,0.016,DLR
749,864,0.0,2.55,2.424,0.404,0.0,0.0,DLR
749,866,0.0,4.56,1.316,0.347,0.0,0.0,DLR
749,879,0.0,0.117,1.335,1.095,0.149,0.0,DLR
749,883,0.0,0.435,1.955,1.719,1.202,2.377,DLR
749,884,0.0,15.034,88.091,27.453,26.878,11.51,DLR
749,886,0.0,1.0419999,2.738,0.97400004,1.977,0.065,DLR
749,887,0.0,0.97900003,1.153,0.274,1.01,3.201,DLR
749,888,0.0,1.635,1.498,0.571,0.755,0.997,DLR
749,889,0.0,5.24,13.04,19.06,6.708,4.893,DLR
749,890,0.0,0.0,2.432,0.948,1.109,0.0,DLR
749,893,0.0,0.82,1.262,0.648,0.206,0.0,DLR
749,894,0.0,2.23,0.962,0.554,0.23300001,0.0,DLR
749,895,0.0,1.8610001,1.809,0.986,0.25,0.0,DLR
749,940,0.0,0.0,2.293,0.601,0.445,0.0,DLR
750,504,0.0,8.795,77.088,15.413,4.6,3.016,DLR
750,523,0.0,0.0,4.212,3.9589999,1.797,0.0,DLR
750,533,0.0,0.0,3.825,2.1790001,8.305,3.1069999,DLR
750,559,0.0,1.401,2.738,0.546,5.464,5.91,DLR
750,573,0.0,8.177,21.616,7.108,7.598,5.6150002,DLR
750,719,0.0,76.832,271.72202,111.894,54.703,23.39,DLR
750,749,0.0,1.127,10.887,4.48,3.323,1.689,DLR
750,757,0.0,20.55,44.662,21.245,12.5199995,5.975,DLR
750,854,0.0,0.117,0.827,0.8,0.168,0.0,DLR
750,860,0.0,0.402,1.9860001,0.761,0.003,0.473,DLR
750,864,0.0,0.707,1.487,1.6700001,1.339,0.0,DLR
750,867,0.0,0.991,0.646,1.243,0.74300003,0.0,DLR
750,879,0.0,0.0,2.0180001,0.28,0.0,0.0,DLR
750,883,0.0,0.65500003,4.914,0.619,1.173,0.71500003,DLR
750,884,0.0,46.207,117.297,49.327,31.613,12.732,DLR
750,887,0.0,0.293,0.796,0.207,0.643,0.0,DLR
750,888,0.0,2.039,0.355,0.0,0.0,0.79899997,DLR
750,889,0.0,2.251,9.735,1.1470001,2.619,1.1800001,DLR
750,894,0.0,0.0,1.302,0.368,0.53400004,0.0,DLR
750,940,0.0,0.177,3.699,0.397,0.0,0.0,DLR
757,504,0.0,57.933,169.495,71.553,42.163002,12.642,DLR
757,523,0.0,8.131,17.773,12.729,8.139,1.863,DLR
757,533,0.0,9.741,56.575,49.298,12.137,2.298,DLR
757,538,0.0,6.609,21.62,17.434,14.523,3.316,DLR
757,559,0.0,8.859,26.825,14.07,9.601,3.102,DLR
757,573,0.0,148.755,260.425,131.455,101.712,26.538,DLR
757,719,0.0,54.108,268.383,103.502,24.365,4.384,DLR
757,749,0.0,31.374,112.765,26.325,17.452,7.73,DLR
757,750,0.0,8.349,46.548,37.148,14.993,12.455,DLR
757,850,0.0,0.0,0.0,0.0,0.0,0.013,DLR
757,851,0.0,0.0,0.062,0.137,0.058000002,0.123,DLR
757,853,0.0,0.0,0.0,0.0,0.0,0.026,DLR
757,859,0.0,0.0,0.005,0.026,0.001,0.013,DLR
757,862,0.0,0.286,0.0,0.0,0.0,0.0,DLR
757,866,0.0,0.0,0.0,0.0,0.018000001,0.0,DLR
757,867,0.0,0.0,0.033,0.14,0.028,0.0,DLR
757,883,0.0,0.034,0.0,0.0,0.0,0.0,DLR
757,884,0.0,2.381,2.679,1.194,2.721,0.947,DLR
757,889,0.0,26.035,61.01,45.222,24.064,14.953,DLR
842,504,0.0,2.557,11.364,4.965,5.098,2.315,DLR
842,513,0.0,79.222,551.757,261.088,121.128,42.176,DLR
842,523,0.0,0.0,6.399,4.965,3.6799998,0.0,DLR
842,533,0.0,0.675,26.847,19.559,4.311,2.01,DLR
842,538,0.0,0.691,26.358,23.727,10.535,1.883,DLR
842,559,0.0,0.0,16.621,10.493,4.981,0.0,DLR
842,573,0.0,9.243,41.242,34.181,24.319,12.272,DLR
842,719,0.58,29.788,299.271,171.998,92.049,39.864,DLR
842,757,0.0,0.0,0.0,0.0,0.042999998,0.141,DLR
842,842,0.0,0.017,0.0,0.0,0.119,0.0,DLR
842,850,0.36499998,5.365,130.031,85.876,47.29,26.862999,DLR
842,851,0.692,15.174,176.388,141.772,62.367,32.609,DLR
842,853,1.828,62.1,521.439,210.724,86.844,24.941,DLR
842,854,0.88,11.499,242.677,140.904,66.996,27.873,DLR
842,855,1.252,5.287,36.55,25.356,10.095,6.487,DLR
842,856,0.0,7.664,166.072,95.506,44.296,19.523,DLR
842,857,0.0,6.136,134.83,101.694,30.880001,10.944,DLR
842,858,0.0,2.417,79.29,73.648,40.405,11.892,DLR
842,859,0.0,1.188,32.881,22.152,9.115,5.562,DLR
842,860,0.258,16.335,260.736,147.473,63.931,15.636,DLR
842,861,0.07,18.624,151.533,113.597,44.987,11.18,DLR
842,862,0.0,35.025,479.516,282.316,119.059,39.512,DLR
842,864,0.0,11.897,122.647,57.437,19.035,1.537,DLR
842,865,0.0,2.162,186.705,116.254,23.107,8.815,DLR
842,866,0.0,1.808,23.758,12.752,8.46,3.884,DLR
842,867,0.004,6.85,169.577,131.799,64.419,24.705,DLR
842,879,1.755,33.76,545.149,205.466,88.637,31.859,DLR
842,882,0.0,0.981,20.168,13.094,6.061,1.513,DLR
842,883,0.0,3.951,84.111,54.784,28.131,7.593,DLR
842,884,0.19,2.8470001,29.854,17.547,13.534,4.476,DLR
842,886,0.0,0.56,50.803,32.943,16.72,0.0,DLR
842,887,0.0,1.301,9.877,5.511,7.443,1.218,DLR
842,888,0.0,0.892,10.369,3.766,9.099,0.0,DLR
842,890,0.0,2.047,10.631,7.293,6.786,0.86,DLR
842,891,0.0,0.0,2.614,4.135,4.408,0.0,DLR
842,893,0.0,0.584,8.644,3.723,2.602,0.484,DLR
842,894,0.0,0.96,6.55,8.262,4.815,1.456,DLR
842,895,0.161,5.015,14.564,5.861,3.981,1.033,DLR
842,897,4.955,34.884,211.961,146.206,70.409,45.647,DLR
842,898,6.21,16.737,91.697,76.738,39.127,18.435,DLR
842,928,1.154,3.739,80.218,39.583,20.286,7.451,DLR
842,940,10.401,95.197,485.569,350.79102,172.278,59.777,DLR
850,504,0.0,0.765,3.003,2.588,0.694,2.503,DLR
850,513,0.0,20.648,63.562,29.173,11.032,4.12,DLR
850,533,0.0,0.0,2.494,0.855,0.477,0.0,DLR
850,538,0.0,0.0,0.815,0.646,1.766,0.269,DLR
850,559,0.0,0.995,0.775,0.995,0.678,0.0,DLR
850,573,0.0,2.706,8.411,2.852,2.707,0.859,DLR
850,719,1.873,52.413002,276.794,105.564,59.994,22.463,DLR
850,757,0.0,0.0,0.0,0.0,0.011,0.0,DLR
850,842,0.0,26.569,215.229,74.913,32.714,9.588,DLR
850,851,0.599,17.671,62.745,30.192,16.913,9.49,DLR
850,853,0.0,1.506,14.688,3.292,1.462,0.119,DLR
850,854,0.0,0.0,14.186,4.377,1.891,0.69,DLR
850,855,0.0,0.0,11.891,5.498,0.0,0.0,DLR
850,856,0.0,0.757,4.154,1.585,0.53499997,0.42700002,DLR
850,857,0.0,0.832,4.515,1.171,1.149,0.0,DLR
850,858,0.0,4.908,8.881,5.319,2.547,2.894,DLR
850,859,0.0,0.534,6.49,1.294,1.028,0.827,DLR
850,860,0.0,5.637,17.644,10.746,2.575,2.066,DLR
850,861,0.0,1.416,9.528,5.534,4.599,2.3209999,DLR
850,862,0.0,3.227,5.223,4.046,1.345,0.5,DLR
850,864,0.0,1.288,9.269,2.293,1.1389999,0.12100001,DLR
850,865,0.0,0.442,3.342,0.835,1.429,0.0,DLR
850,866,0.0,1.593,24.391,11.204,5.363,0.702,DLR
850,867,0.0,1.629,23.51,10.989,3.909,4.256,DLR
850,879,0.0,3.635,22.825,4.84,2.233,0.71099997,DLR
850,883,0.0,0.389,4.42,1.6110001,0.531,0.0,DLR
850,884,0.0,9.341,44.624,20.487,12.408,3.493,DLR
850,886,0.0,0.371,2.74,1.521,0.964,0.0,DLR
850,887,0.0,0.076,0.662,0.654,0.31,0.0,DLR
850,888,0.0,0.0,0.887,0.25,0.0,0.0,DLR
850,890,0.0,1.0979999,1.692,0.979,0.463,0.704,DLR
850,893,0.0,0.0,1.096,0.0,2.219,1.318,DLR
850,894,0.0,0.0,2.978,0.0,0.0,0.0,DLR
850,895,0.0,0.319,3.536,0.442,0.287,0.272,DLR
850,897,0.0,2.609,17.956,4.634,2.7089999,2.011,DLR
850,898,0.0,0.0,3.431,1.362,0.396,0.0,DLR
850,928,0.0,0.21599999,2.6560001,0.507,0.194,0.0,DLR
850,940,0.0,4.871,19.688,8.52,4.665,4.87,DLR
851,504,0.0,1.136,9.14,7.509,4.66,2.17,DLR
851,513,0.065,1.516,6.644,2.134,1.243,0.082,DLR
851,523,0.0,2.55,2.183,0.848,1.989,1.304,DLR
851,533,0.0,0.0,6.091,8.074,1.6899999,0.0,DLR
851,538,0.0,0.306,3.414,5.022,2.201,0.541,DLR
851,559,0.0,0.607,3.567,0.699,1.223,2.0479999,DLR
851,573,0.041,4.108,14.896,6.035,5.598,2.799,DLR
851,719,0.0,66.178,527.443,231.84,158.688,38.698,DLR
851,757,0.0,0.0,0.0,0.0,0.069,0.273,DLR
851,842,0.954,54.105,360.284,146.12,64.672,17.581,DLR
851,850,0.116,11.45,73.149,42.169,40.561,23.164,DLR
851,853,4.119,54.984,139.665,52.440998,38.653,16.531,DLR
851,854,0.183,6.114,22.587,11.723001,7.444,1.687,DLR
851,855,0.0,16.345,21.16,8.272,3.385,0.299,DLR
851,856,0.196,1.856,16.488,7.489,2.9490001,0.0,DLR
851,857,0.0,1.215,12.996,4.664,2.238,2.1399999,DLR
851,858,1.051,11.145,51.807,21.668,28.696,13.07,DLR
851,859,0.0,3.278,14.0390005,2.974,2.299,0.607,DLR
851,860,0.018,7.6679997,25.428,8.743,11.071,2.573,DLR
851,861,0.29500002,14.825,17.45,15.29,12.876,3.8,DLR
851,862,0.0,4.351,35.133,20.804,13.571,3.758,DLR
851,864,0.0,2.856,14.441,6.298,1.951,0.0,DLR
851,865,0.0,2.216,10.876,6.919,3.759,3.742,DLR
851,866,0.252,13.94,78.834,35.963,17.934,1.407,DLR
851,867,0.317,7.781,32.845,40.938,25.218,9.6119995,DLR
851,879,1.068,12.676,82.768,25.115,14.054,1.408,DLR
851,882,0.0,0.0,3.884,1.22,4.089,0.0,DLR
851,883,0.0,0.778,8.596,6.666,3.7680001,4.1549997,DLR
851,884,0.0,0.931,4.148,3.647,2.292,0.433,DLR
851,886,0.0,2.196,16.968,3.996,0.525,0.591,DLR
851,887,0.0,1.39,2.681,1.448,0.138,1.42,DLR
851,888,0.0,1.7080001,4.417,1.16,2.443,0.87299997,DLR
851,890,0.0,1.042,4.656,2.777,0.0,0.94500005,DLR
851,893,0.0,0.0,2.384,0.0,1.459,0.0,DLR
851,894,0.0,2.818,6.114,1.913,0.0,0.0,DLR
851,895,0.0,0.536,8.954,5.163,2.235,0.508,DLR
851,897,0.907,12.15,28.215,15.215,12.253,8.873,DLR
851,898,0.0,1.012,6.282,6.05,4.45,1.462,DLR
851,928,0.0,0.895,6.467,2.16,1.947,0.23900001,DLR
851,940,0.64,15.976,76.611,49.863,40.86,15.172,DLR
853,504,0.0,2.1,4.787,5.676,3.897,0.912,DLR
853,513,0.0,35.06,125.648,90.516,56.381,16.176,DLR
853,533,0.0,0.488,1.252,3.9689999,1.064,0.0,DLR
853,538,0.0,0.24499999,1.4810001,1.901,0.0,3.829,DLR
853,573,0.0,1.159,5.595,6.001,7.572,3.764,DLR
853,719,6.333,89.889,517.571,280.861,186.973,85.813,DLR
853,757,0.0,0.0,0.0,0.0,0.042999998,0.0,DLR
853,842,0.0,47.5,432.069,308.247,118.66,43.661,DLR
853,850,0.0,1.625,8.496,6.459,4.776,5.374,DLR
853,851,1.572,26.109,89.37,69.143,48.709,18.219,DLR
853,854,0.0,1.326,16.733,10.42,1.95,1.303,DLR
853,855,0.0,3.124,22.052,18.383,5.88,0.0,DLR
853,856,0.0,1.326,9.563,4.155,1.474,8.31,DLR
853,857,0.0,1.2900001,5.015,3.076,3.312,0.0,DLR
853,858,0.0,2.432,16.784,15.943,4.731,0.0,DLR
853,859,1.165,1.03,7.282,2.997,3.2649999,0.776,DLR
853,860,0.0,9.451,36.132,27.635,19.459,3.458,DLR
853,861,0.0,1.816,14.161,10.63,7.187,1.112,DLR
853,862,0.0,6.809,16.625,9.013,5.482,0.0,DLR
853,864,0.0,7.088,30.862,14.335,7.526,1.694,DLR
853,865,0.0,0.87200004,4.962,1.781,3.988,0.0,DLR
853,866,0.0,6.9,63.116,43.836998,23.841,0.016,DLR
853,867,0.0,1.947,10.316,7.419,7.8,3.052,DLR
853,879,0.0,5.576,41.922,11.848,4.955,0.447,DLR
853,882,0.0,0.294,2.857,0.816,0.0,0.962,DLR
853,883,0.0,0.662,1.9810001,5.097,5.336,1.354,DLR
853,884,0.0,16.222,85.253,58.838,32.941,11.974,DLR
853,886,0.0,0.926,2.6,2.6039999,0.0,0.022,DLR
853,887,0.0,0.316,1.724,3.125,0.0,0.0,DLR
853,888,0.0,0.632,0.937,0.959,0.0,1.269,DLR
853,889,0.0,1.738,0.934,0.0,0.799,0.0,DLR
853,893,0.0,0.589,0.629,2.064,5.724,0.098,DLR
853,894,0.0,0.693,3.279,1.553,0.0,0.0,DLR
853,895,0.0,0.61800003,7.717,0.518,4.851,0.0,DLR
853,897,0.0,2.306,9.737,9.272,9.689,2.1430001,DLR
853,898,0.0,0.63199997,3.363,1.956,2.65,3.841,DLR
853,928,0.0,0.086,1.879,0.805,1.582,0.0050000004,DLR
853,940,0.0,6.384,28.492,14.75,21.659,5.385,DLR
854,504,0.0,0.0,2.365,2.466,1.152,0.0,DLR
854,513,3.063,145.655,497.501,180.438,78.752,26.393,DLR
854,533,0.0,0.767,4.214,4.232,0.0,0.0,DLR
854,538,0.0,0.466,2.261,1.924,1.124,0.0,DLR
854,559,0.0,0.526,1.2590001,1.6999999,0.767,0.002,DLR
854,573,0.0,0.601,4.034,3.034,1.6340001,1.648,DLR
854,719,0.441,6.821,89.877,30.47,11.2890005,2.541,DLR
854,750,0.0,1.253,0.681,0.456,0.962,0.0,DLR
854,842,0.657,46.094,324.437,122.268,32.784,8.998,DLR
854,850,0.0,1.128,12.441,3.397,0.777,1.055,DLR
854,851,0.0,1.818,15.912,11.762,4.656,1.526,DLR
854,853,0.0,2.783,22.628,5.286,2.904,0.75200003,DLR
854,855,0.0,62.776,347.357,105.714,40.835,12.83,DLR
854,856,0.203,1.967,21.265,10.358,4.894,2.686,DLR
854,857,0.0,0.403,8.282,8.548,3.171,1.081,DLR
854,858,0.0,0.355,7.021,3.074,3.175,1.1930001,DLR
854,859,0.0,0.713,1.814,0.53,0.191,0.556,DLR
854,860,0.16800001,20.664,103.141,28.602,19.604,6.527,DLR
854,861,0.116,1.022,10.322,4.296,1.855,0.665,DLR
854,862,0.33,10.705,61.49,25.925,10.72,5.443,DLR
854,864,0.322,9.083,22.864,6.031,4.16,0.719,DLR
854,865,0.0,4.958,26.939,13.511,7.75,2.68,DLR
854,866,0.0,3.573,45.672,18.103,8.675,4.353,DLR
854,867,0.0,0.538,8.218,6.833,2.039,1.503,DLR
854,879,0.46,16.344,144.394,31.311,16.945,3.725,DLR
854,883,0.0,0.315,7.738,4.296,1.155,0.554,DLR
854,884,0.17699999,4.666,19.077,8.053,3.759,3.508,DLR
854,886,0.0,0.417,7.676,3.308,1.33,0.856,DLR
854,887,0.0,0.254,1.565,0.247,1.003,0.0,DLR
854,888,0.0,0.393,1.566,0.659,2.358,0.537,DLR
854,890,0.066,1.303,0.863,0.685,0.377,0.0,DLR
854,893,0.0,0.0,4.355,0.0,0.61,0.227,DLR
854,894,0.0,0.545,1.941,0.481,0.0,0.0,DLR
854,895,0.0,2.137,2.812,2.448,1.18,0.0,DLR
854,897,2.53,12.022,48.574,18.564,8.508,6.139,DLR
854,898,1.16,3.835,13.267,5.538,2.663,0.78000003,DLR
854,928,0.884,2.638,16.568,9.368,4.634,2.107,DLR
854,940,2.542,18.08,135.02701,37.953,16.526001,6.623,DLR
855,513,0.0,83.64,281.001,111.891,65.515,13.217,DLR
855,533,0.0,0.726,2.92,8.363,1.8579999,0.0,DLR
855,573,0.0,1.076,4.986,2.8830001,1.146,1.469,DLR
855,719,0.0,3.117,31.922,12.365,6.712,2.165,DLR
855,842,0.0,13.6050005,53.919,28.698,18.729,8.791,DLR
855,850,0.0,1.226,9.033,7.294,4.434,1.459,DLR
855,851,0.0,2.549,10.56,12.359,5.588,3.451,DLR
855,853,0.0,0.0,17.462,5.62,3.756,2.062,DLR
855,854,1.257,20.469,184.99,162.738,102.983,59.233,DLR
855,856,0.476,15.405,138.683,127.656,82.818,46.394,DLR
855,857,1.73,8.298,107.115,108.726,64.036,32.877,DLR
855,859,0.0,0.47,1.366,2.736,0.003,5.462,DLR
855,860,0.0,5.045,64.771,41.612,21.761,16.076,DLR
855,861,0.029000001,21.093,72.049,64.624,35.571,20.635,DLR
855,862,0.0,8.344,59.057,58.958,39.941,9.749001,DLR
855,864,0.0,17.371,48.762,14.491,1.5,5.562,DLR
855,865,0.0,1.613,25.403,19.611,26.695,11.5,DLR
855,866,0.0,0.099,26.036,10.657,7.123,0.267,DLR
855,867,0.0,0.0,4.708,7.572,6.193,6.045,DLR
855,879,1.146,38.426,554.715,244.41,113.764,44.644,DLR
855,883,0.0,0.0,2.661,4.804,3.629,0.0,DLR
855,884,0.0,3.528,9.158,6.0030003,5.095,7.32,DLR
855,886,0.0,0.0,8.463,1.459,6.115,3.819,DLR
855,887,0.0,0.139,2.31,2.357,2.197,0.0,DLR
855,888,0.0,0.355,1.524,2.424,1.507,0.0,DLR
855,895,0.0,0.695,2.045,2.578,8.0130005,0.0,DLR
855,897,2.572,29.152,155.961,125.621,109.355,64.814,DLR
855,898,5.871,15.938,57.11,65.569,66.35,17.208,DLR
855,928,1.052,8.476,64.216,37.841,24.063,11.351,DLR
855,940,3.267,62.256,312.651,238.776,130.753,61.157,DLR
856,504,0.0,0.235,1.26,0.752,0.52,0.0,DLR
856,513,0.0,90.999,351.988,149.718,66.156,12.8220005,DLR
856,533,0.0,0.0,1.779,2.8669999,0.0,0.0,DLR
856,538,0.0,0.239,2.826,0.628,0.707,0.0,DLR
856,559,0.0,0.0,1.908,0.77,0.0,0.0,DLR
856,573,0.0,0.144,1.734,1.105,0.635,0.133,DLR
856,719,0.0,4.943,48.0,16.647,6.456,1.785,DLR
856,749,0.0,0.7,0.783,0.20300001,0.0,0.0,DLR
856,842,0.0,37.029,283.63,109.795,18.286,4.321,DLR
856,850,0.0,0.883,4.025,1.1520001,0.776,0.634,DLR
856,851,0.0,1.276,13.468,6.082,4.787,0.423,DLR
856,853,0.0,0.0,9.089,2.284,0.82600003,0.0,DLR
856,854,0.0,2.46,21.933,9.256,3.672,0.123,DLR
856,855,0.0,81.083,299.465,94.654,20.186,10.702,DLR
856,857,0.0,0.467,2.293,0.742,0.756,0.0,DLR
856,858,0.0,1.061,7.2,5.207,0.799,0.275,DLR
856,859,0.0,0.346,1.632,0.511,0.181,0.696,DLR
856,860,0.0,11.084,62.197,20.354,10.117,0.906,DLR
856,861,0.0,4.924,18.819,10.821,3.881,1.543,DLR
856,862,0.0,4.492,24.277,6.511,5.778,0.87,DLR
856,864,0.0,4.3650002,22.248,8.601,1.605,0.002,DLR
856,865,0.0,0.477,12.235,6.525,1.753,0.396,DLR
856,866,0.0,3.465,25.584,8.264,4.11,0.512,DLR
856,867,0.0,1.176,1.895,1.796,1.021,0.338,DLR
856,879,0.918,9.942,102.263,30.162,15.127,6.231,DLR
856,883,0.0,0.30900002,1.607,0.716,0.929,0.746,DLR
856,884,0.0,3.427,12.6380005,5.465,2.196,0.361,DLR
856,886,0.0,0.198,3.975,2.879,0.797,0.008,DLR
856,887,0.0,0.051,1.076,0.875,0.76,0.011000001,DLR
856,888,0.0,0.222,1.005,0.634,0.338,0.514,DLR
856,890,0.0,0.218,1.62,1.196,0.59499997,0.0,DLR
856,895,0.0,0.37,1.858,1.017,0.281,0.0,DLR
856,897,2.27,9.256,38.82,13.062,9.198999,4.134,DLR
856,898,0.0,0.758,10.692,4.098,1.939,0.571,DLR
856,928,1.2540001,3.446,23.334,8.262,4.22,0.95,DLR
856,940,1.003,19.478,150.918,29.626,15.979,7.649,DLR
857,504,0.0,0.0,1.188,2.1100001,0.461,0.0,DLR
857,513,2.367,87.504,266.709,96.523,50.464,12.384,DLR
857,533,0.0,0.2,1.786,2.266,0.0,0.0,DLR
857,538,0.0,0.329,1.426,1.354,0.697,0.0,DLR
857,573,0.0,0.738,1.723,0.784,0.609,0.0,DLR
857,719,0.34899998,4.072,47.092,9.561,5.532,2.275,DLR
857,842,0.842,16.949,211.777,68.584,7.681,1.66,DLR
857,850,0.0,0.0,3.293,0.612,0.982,0.088,DLR
857,851,0.407,2.07,7.6019998,3.985,2.938,1.085,DLR
857,853,0.0,7.563,7.459,1.729,1.13,0.0,DLR
857,854,0.18,1.09,12.29,5.3,1.09,0.446,DLR
857,855,0.599,42.831,238.77701,62.491,19.34,4.775,DLR
857,856,0.0,0.0,3.079,1.813,0.672,0.296,DLR
857,858,0.0,0.0,6.25,1.674,0.0,0.0,DLR
857,859,0.0,0.19,2.086,0.573,0.42900002,0.758,DLR
857,860,0.0,7.792,49.065998,15.47,6.809,1.107,DLR
857,861,0.123,4.188,12.005,6.993,1.113,1.932,DLR
857,862,0.0,9.879,22.196,5.841,7.284,1.498,DLR
857,864,0.0,4.809,15.388,4.314,0.697,0.023,DLR
857,865,0.0,1.411,6.449,3.101,0.948,0.0,DLR
857,866,0.115,3.612,24.126,7.511,3.515,0.104,DLR
857,867,0.0,1.3,2.985,1.622,0.643,0.25100002,DLR
857,879,0.0,7.198,75.025,18.348999,12.109,4.717,DLR
857,883,0.0,0.0,0.949,1.4300001,0.634,0.002,DLR
857,884,0.077,4.045,7.778,2.921,1.273,0.999,DLR
857,886,0.721,2.166,4.8849998,2.263,0.019000001,0.156,DLR
857,887,0.0,0.361,0.902,0.259,0.0,0.0,DLR
857,888,0.0,0.363,1.324,0.191,0.227,0.0,DLR
857,893,0.0,0.0,1.321,0.0,0.234,0.645,DLR
857,894,0.0,0.561,2.237,0.99,0.0,0.0,DLR
857,895,0.0,0.76600003,1.659,0.0,0.385,0.349,DLR
857,897,1.306,10.865,28.919,9.806,3.541,2.966,DLR
857,898,0.0,2.27,9.592,1.463,1.0370001,0.582,DLR
857,928,0.619,1.555,11.443,4.245,2.655,0.614,DLR
857,940,0.446,15.449,93.442,21.622,8.861,5.175,DLR
858,504,0.0,0.936,4.968,0.622,1.0220001,0.0,DLR
858,513,9.902,163.214,361.865,101.684,50.679,9.924,DLR
858,523,0.0,1.056,13.492,6.183,3.378,4.077,DLR
858,533,0.0,7.076,43.139,42.163002,8.608,1.689,DLR
858,538,0.0,5.02,33.068,34.623,23.787,5.7730002,DLR
858,559,0.0,2.081,16.325,18.015,3.81,3.182,DLR
858,573,0.0,30.248,96.412,55.543,47.169,25.556,DLR
858,719,0.02,21.027,129.233,39.376,15.6,5.408,DLR
858,757,0.0,0.088,0.507,0.762,0.257,0.046,DLR
858,842,1.677,21.065,184.131,52.149002,27.463,4.511,DLR
858,850,0.0,2.408,6.267,4.627,2.771,1.992,DLR
858,851,0.0,12.672,35.478,17.384,5.758,1.789,DLR
858,853,0.0,7.793,32.631,6.698,2.632,0.0,DLR
858,854,0.848,3.392,16.163,1.55,1.549,0.020000001,DLR
858,856,0.0,0.0,9.658,0.68,2.3,0.0,DLR
858,857,0.0,0.0,5.992,3.201,1.178,0.0,DLR
858,859,0.0,1.165,6.578,2.249,2.752,0.0,DLR
858,860,1.032,14.741,76.729,18.11,15.219,1.34,DLR
858,861,0.0,5.111,16.254,3.138,1.908,0.0,DLR
858,862,3.684,19.611,28.126999,7.947,6.014,0.081,DLR
858,864,2.617,24.873001,94.270004,21.786,7.676,7.111,DLR
858,865,0.0,3.726,8.199,4.045,0.713,0.751,DLR
858,866,0.471,3.361,8.02,2.264,2.229,1.248,DLR
858,867,0.0,3.112,10.316,10.661,5.2469997,1.502,DLR
858,879,0.641,6.178,26.917,6.32,1.703,2.334,DLR
858,882,0.0,0.0,7.752,1.573,4.4430003,4.631,DLR
858,883,0.0,0.644,35.5,15.495,12.314,3.12,DLR
858,884,0.362,66.373,173.11,67.358,46.069,25.231,DLR
858,886,0.357,19.441,84.715,36.175,22.024,13.182,DLR
858,887,0.0,1.669,20.374,7.726,8.5720005,1.8610001,DLR
858,888,0.0,2.602,10.094,8.747,8.272,3.7979999,DLR
858,890,0.382,2.044,24.288,13.957,9.878,2.405,DLR
858,891,0.0,0.0,6.5690002,8.067,2.771,1.209,DLR
858,893,0.369,3.336,11.643,3.853,4.558,0.92,DLR
858,894,0.0,0.813,16.774,7.717,8.82,4.883,DLR
858,895,0.0,6.296,25.255,13.795,9.218,4.677,DLR
858,897,3.908,7.834,9.242,1.9959999,5.051,0.787,DLR
858,928,0.0,0.0,2.284,0.484,0.767,0.021,DLR
858,940,0.0,13.925,29.444,5.705,2.638,2.739,DLR
859,504,0.0,0.174,1.371,0.0,0.0,0.593,DLR
859,513,0.03,0.928,2.069,0.661,0.294,0.147,DLR
859,533,0.0,0.0,0.469,0.552,1.262,0.09,DLR
859,573,0.04,0.19600001,0.634,1.9,1.648,0.0,DLR
859,719,0.0,22.474,131.359,49.439,23.329,5.901,DLR
859,842,0.186,12.666,68.067,13.914,4.863,1.528,DLR
859,850,0.0,0.433,4.131,2.2,1.409,0.441,DLR
859,851,1.12,1.511,8.038,5.713,0.619,0.0,DLR
859,853,0.0,2.055,10.8289995,3.391,0.649,0.545,DLR
859,854,0.0,0.253,3.089,1.166,0.488,0.0,DLR
859,855,0.068,4.762,2.533,1.6719999,0.046,0.0,DLR
859,856,0.0,0.0,1.424,0.66,0.021,0.0,DLR
859,857,0.0,0.0,1.765,1.211,0.801,0.047,DLR
859,858,0.0,0.544,6.781,3.637,1.179,1.137,DLR
859,860,0.0,0.496,2.772,1.575,0.479,0.564,DLR
859,861,0.0,0.691,2.431,0.708,0.715,0.735,DLR
859,862,0.38,2.483,4.139,1.666,1.856,0.0,DLR
859,864,0.0,0.474,2.893,1.03,0.31100002,0.0,DLR
859,865,0.0,0.506,2.761,1.5270001,0.61,0.0,DLR
859,866,0.0,2.647,12.906,3.461,0.926,0.0,DLR
859,867,0.077,0.68,6.166,1.733,1.05,0.40199998,DLR
859,879,0.065,1.281,15.292,2.223,0.334,0.024,DLR
859,884,0.0,0.119,0.47,0.131,0.195,0.0,DLR
859,886,0.053,0.126,1.1159999,0.55799997,0.21700001,0.0,DLR
859,887,0.0,0.064,0.329,0.361,0.0,0.0,DLR
859,889,0.0,0.476,0.384,0.302,0.0,0.0,DLR
859,890,0.0,0.0,1.467,0.54,0.0,0.0,DLR
859,897,0.0,2.775,6.267,3.96,2.256,0.611,DLR
859,898,0.0,0.0,1.253,1.2919999,0.467,0.0,DLR
859,928,0.0,0.085,1.852,0.386,0.19,0.382,DLR
859,940,0.216,1.952,9.897,8.076,3.396,2.641,DLR
860,504,0.0,0.125,2.794,1.475,1.032,0.87799996,DLR
860,513,3.114,265.541,1224.055,475.461,249.993,80.56,DLR
860,523,0.0,1.906,4.772,5.944,3.527,3.615,DLR
860,533,0.0,2.366,42.433,61.367,10.272,1.395,DLR
860,538,0.0,4.128,18.167,14.642,9.469,8.051,DLR
860,559,0.0,3.124,10.705,7.637,4.686,3.365,DLR
860,573,0.0,32.48,80.574,56.805,50.284,19.192,DLR
860,719,0.0,2.928,54.628,14.782,1.665,0.44099998,DLR
860,749,0.0,1.926,2.484,0.59000003,0.058,0.002,DLR
860,750,0.0,0.348,1.418,1.355,1.09,0.548,DLR
860,757,0.0,0.027,0.04,0.046,0.031,0.107,DLR
860,842,0.0,42.437,395.189,162.011,34.229,8.478,DLR
860,850,0.0,2.958,14.128,11.92,4.719,3.3700001,DLR
860,851,0.0,5.3,18.342001,10.722,9.089,2.793,DLR
860,853,0.0,11.573,52.799,13.181,7.4309998,3.779,DLR
860,854,0.0,8.88,79.173,43.286,18.389,8.551,DLR
860,855,0.0,47.148,58.853,28.002,8.761,3.246,DLR
860,856,0.0,2.409,35.564,25.242,14.051,4.892,DLR
860,857,0.0,4.32,35.245,19.314,14.289,3.225,DLR
860,858,0.0,10.544,58.406002,46.927002,21.253,15.124001,DLR
860,859,0.0,0.231,2.486,1.666,1.35,0.185,DLR
860,860,0.0,0.212,0.578,0.616,0.313,0.064,DLR
860,861,0.0,14.349,64.509,47.703,29.041,11.091,DLR
860,862,0.0,68.247,262.768,132.027,84.122,33.769,DLR
860,864,0.0,24.756,109.776,30.7,16.555,7.328,DLR
860,865,0.0,23.703,190.919,97.622,58.35,20.188,DLR
860,866,0.0,0.573,5.577,1.251,0.967,0.0,DLR
860,867,0.0,3.401,21.608,13.868,10.567,4.797,DLR
860,879,0.0,21.463,220.443,64.057,21.279,13.283,DLR
860,882,0.0,4.693,28.545,22.821,12.76,5.457,DLR
860,883,0.0,2.128,30.951,21.839,13.834,8.679,DLR
860,884,0.0,22.617,69.944,37.717,31.658,15.637,DLR
860,886,0.0,11.742,44.942,21.016,17.23,7.332,DLR
860,887,0.0,11.835,22.083,11.1380005,9.263,4.171,DLR
860,888,0.0,9.444,16.6,13.468,8.748,5.573,DLR
860,889,0.0,0.0,0.984,0.769,0.588,0.634,DLR
860,890,0.0,7.987,12.455,5.336,3.737,2.227,DLR
860,891,0.0,0.776,2.943,4.271,1.728,1.16,DLR
860,893,0.0,2.275,5.834,6.553,4.717,1.119,DLR
860,894,0.0,5.519,14.28,7.119,4.77,2.97,DLR
860,895,0.0,7.355,32.481,14.015,15.216,4.192,DLR
860,897,0.0,9.884,43.547,22.755,13.008,5.634,DLR
860,898,0.0,8.04,22.438,17.137,11.505,5.417,DLR
860,928,0.0,3.864,25.052,8.401,5.239,1.92,DLR
860,940,0.0,32.195,138.83301,64.443,40.943,16.296999,DLR
861,504,0.0,0.0,2.988,1.8740001,0.855,0.415,DLR
861,513,0.0,89.165,532.576,195.58301,118.992,31.407,DLR
861,533,0.0,0.248,5.35,10.445,1.07,0.0,DLR
861,538,0.0,0.0,2.101,1.983,2.006,1.364,DLR
861,559,0.0,0.0,1.5550001,0.903,2.521,0.038,DLR
861,573,0.0,1.75,3.941,4.544,4.982,0.615,DLR
861,719,0.0,4.357,91.005,33.676,14.048,6.468,DLR
861,842,0.0,21.442,218.719,81.908,28.992,16.821,DLR
861,850,0.0,1.582,13.218,5.94,1.779,1.036,DLR
861,851,0.0,6.687,22.164,10.132,8.739,1.653,DLR
861,853,0.0,6.809,14.417,5.34,4.31,1.364,DLR
861,854,0.0,0.833,10.2630005,5.043,2.495,0.298,DLR
861,855,0.0,26.876999,143.07,45.105,13.719,2.629,DLR
861,856,0.0,1.937,23.108,13.464,7.3059998,2.943,DLR
861,857,0.411,1.194,10.285,4.878,5.015,2.252,DLR
861,858,0.0,0.314,11.093,4.347,1.437,2.307,DLR
861,859,0.0,0.50699997,2.822,1.23,0.068,0.0,DLR
861,860,0.0,23.058,117.576,31.335001,17.361,6.689,DLR
861,862,0.0,17.958,49.642,22.081,17.305,11.116,DLR
861,864,0.0,9.029,62.616,10.951,5.039,3.162,DLR
861,865,0.0,2.691,29.211,14.108,9.67,1.653,DLR
861,866,0.0,3.84,31.168,16.103,11.929,2.3470001,DLR
861,867,0.0,1.629,7.418,4.589,3.429,0.69200003,DLR
861,879,0.507,13.658,139.262,28.485,17.177,7.488,DLR
861,882,0.0,0.0,1.892,1.502,0.90500003,0.0,DLR
861,883,0.0,0.195,3.992,4.263,3.336,1.136,DLR
861,884,0.0,3.8600001,11.963,5.714,5.821,2.36,DLR
861,886,0.0,1.604,8.404,2.334,2.574,1.518,DLR
861,887,0.0,0.583,3.538,0.785,1.666,0.578,DLR
861,888,0.0,0.433,4.228,2.805,1.01,0.614,DLR
861,890,0.0,0.274,4.832,0.524,0.02,0.568,DLR
861,893,0.0,0.176,0.656,0.578,0.251,1.274,DLR
861,894,0.0,0.287,3.692,1.4679999,0.5,0.241,DLR
861,895,0.0,0.595,5.875,3.229,2.182,2.12,DLR
861,897,0.706,11.833,34.56,14.493,12.497,6.155,DLR
861,898,0.0,1.259,8.0460005,5.707,4.913,1.75,DLR
861,928,0.002,2.595,17.212,7.238,4.744,1.606,DLR
861,940,0.431,14.061,105.719,45.295002,28.359,19.1,DLR
862,504,0.0,1.128,4.644,4.718,2.694,0.289,DLR
862,513,3.25,377.231,1223.046,481.228,309.796,147.68,DLR
862,523,0.0,0.001,1.834,4.854,2.0609999,1.128,DLR
862,533,0.0,1.159,15.495,20.91,4.075,0.2,DLR
862,538,0.0,2.149,4.549,3.921,5.584,0.001,DLR
862,559,0.0,1.675,3.181,1.5680001,1.862,0.866,DLR
862,573,0.0,14.403,22.561,20.851,18.089,5.191,DLR
862,719,0.0,5.642,84.294,26.867,4.268,0.496,DLR
862,749,0.0,1.238,2.032,1.344,0.803,0.042,DLR
862,757,0.0,0.242,0.727,0.536,0.374,0.052,DLR
862,842,0.0,53.165,456.555,164.573,63.211998,16.607,DLR
862,850,0.0,0.616,6.495,1.998,1.872,0.347,DLR
862,851,0.0,5.601,15.016,8.956,7.095,1.753,DLR
862,853,0.0,6.358,14.462,5.9110003,3.474,1.234,DLR
862,854,0.0,17.747,48.446,13.734,12.382,2.116,DLR
862,855,0.0,15.168,66.816,18.984,8.56,2.294,DLR
862,856,0.0,5.344,16.706,7.234,5.279,1.386,DLR
862,857,0.0,3.563,17.49,8.4279995,3.807,1.665,DLR
862,858,0.0,5.532,29.638,8.437,6.757,2.927,DLR
862,859,0.0,1.056,2.788,1.748,0.691,0.461,DLR
862,860,0.365,41.055,227.731,101.026,59.155,19.957,DLR
862,861,0.0,25.933,42.258,15.966,9.328,7.231,DLR
862,862,0.0,0.026,0.0,0.0,0.0,0.0,DLR
862,864,1.554,56.572,167.551,54.293,22.501,12.982,DLR
862,865,0.0,15.58,47.444,25.244,16.911,3.71,DLR
862,866,0.0,1.733,9.246,3.1660001,2.432,0.062,DLR
862,867,0.0,1.306,8.691,5.099,3.684,1.431,DLR
862,879,0.0,15.451,111.63,28.523,10.8880005,3.841,DLR
862,882,0.0,1.9,9.51,4.409,5.314,2.423,DLR
862,883,0.0,1.548,9.755,7.499,3.846,3.71,DLR
862,884,0.0,50.291,120.398,56.551,56.043,23.654,DLR
862,886,0.0,5.471,17.801,8.182,6.437,1.119,DLR
862,887,0.0,2.949,6.085,2.5970001,3.2450001,1.216,DLR
862,888,0.0,3.443,6.58,4.979,4.414,1.901,DLR
862,889,0.0,1.081,0.855,0.466,0.697,1.009,DLR
862,890,0.0,5.235,7.433,1.889,3.306,3.608,DLR
862,891,0.0,0.654,2.142,0.848,2.851,0.167,DLR
862,893,0.0,1.057,2.09,2.948,0.927,0.296,DLR
862,894,0.0,4.433,8.809,1.776,1.746,0.492,DLR
862,895,0.0,3.021,17.454,4.318,5.789,1.636,DLR
862,897,0.0,20.94,37.928,20.347,9.0859995,4.441,DLR
862,898,0.0,3.4029999,10.4,4.27,4.338,1.053,DLR
862,928,0.0,2.866,8.908,2.865,1.426,0.349,DLR
862,940,0.0,45.262,112.011,54.133,34.579,16.925,DLR
864,504,0.0,0.451,2.766,2.314,1.357,0.348,DLR
864,513,0.0,4.958,28.721,11.418,6.057,3.276,DLR
864,523,0.0,0.249,1.408,2.2450001,2.81,0.485,DLR
864,533,0.0,1.803,46.524,54.375,1.179,0.624,DLR
864,538,0.0,0.18,4.294,5.909,6.219,1.983,DLR
864,559,0.0,0.68,4.489,4.995,3.285,4.3910003,DLR
864,573,0.101,3.831,14.037,14.454,10.665,5.033,DLR
864,719,0.0,0.293,20.474,9.35,3.873,0.506,DLR
864,757,0.0,0.0,0.256,0.478,0.0,0.012,DLR
864,842,0.921,11.627,198.369,96.261,24.022,7.113,DLR
864,850,0.0,0.0,4.683,3.207,2.868,3.331,DLR
864,851,0.0,0.0,5.037,5.618,3.441,0.59099996,DLR
864,853,0.0,0.828,26.383,7.349,5.991,3.7220001,DLR
864,854,0.0,3.017,13.065,12.278,7.821,4.817,DLR
864,855,0.0,6.828,43.018,16.44,12.006,4.844,DLR
864,856,0.0,8.007,15.494,7.032,4.29,2.114,DLR
864,857,0.0,0.715,8.903,7.277,5.079,2.934,DLR
864,858,5.026,6.28,60.569,42.992,22.275,13.501,DLR
864,859,0.0,0.155,1.927,2.17,1.15,0.628,DLR
864,860,0.0,5.081,48.914,28.157999,26.969,11.383,DLR
864,861,0.622,2.728,25.311,15.782,16.582,5.088,DLR
864,862,0.0,23.397,129.065,83.685,62.928,23.534,DLR
864,865,1.176,10.531,79.905,58.508,38.388,14.154,DLR
864,866,0.0,0.0,6.198,2.381,0.505,0.617,DLR
864,867,0.0,0.429,7.2269998,7.772,5.473,3.78,DLR
864,879,0.0,10.254,87.059,22.961,7.652,5.008,DLR
864,882,0.384,2.364,22.847,21.53,14.185,5.626,DLR
864,883,0.0,4.899,23.84,23.98,17.045,8.415,DLR
864,884,0.63,9.851,65.334,50.771,35.8,15.859,DLR
864,886,0.0,15.1970005,97.339,69.238,50.238,21.705,DLR
864,887,0.058,20.561,44.174,26.27,25.673,11.526,DLR
864,888,0.245,15.225,40.44,36.574,22.833,12.776,DLR
864,889,0.0,0.0,1.618,0.797,0.725,0.30400002,DLR
864,890,0.104,5.992,28.914,24.079,22.619,10.906,DLR
864,891,0.728,3.173,5.143,6.869,5.408,3.25,DLR
864,893,0.463,5.181,9.9140005,10.718,9.56,4.81,DLR
864,894,0.0,9.128,18.223,18.115,13.884,5.402,DLR
864,895,0.0,6.5,30.319,28.477,20.791,9.548,DLR
864,897,0.0,2.592,6.438,6.78,7.013,3.661,DLR
864,898,0.0,0.0,7.622,6.171,4.071,2.961,DLR
864,928,0.0,3.1430001,6.658,2.536,1.834,0.296,DLR
864,940,0.319,3.294,19.574,14.07,6.348,3.025,DLR
865,504,0.0,1.134,6.391,0.96999997,0.367,1.127,DLR
865,513,1.503,227.178,990.005,342.045,187.146,57.947,DLR
865,523,0.0,1.023,3.357,1.62,2.42,1.122,DLR
865,533,0.0,0.496,16.639,21.507,1.615,0.0,DLR
865,538,0.0,0.696,13.04,4.174,5.548,1.577,DLR
865,559,0.0,1.334,7.255,4.242,1.839,0.415,DLR
865,573,0.0,20.548,47.291,21.541,14.632,8.918,DLR
865,719,0.0,3.923,83.046,23.887,4.5690002,0.86,DLR
865,749,0.0,0.59499997,3.522,0.409,1.546,0.0,DLR
865,757,0.0,0.049,0.521,0.463,0.32,0.381,DLR
865,842,0.0,7.179,184.549,85.676,25.597,0.018,DLR
865,850,0.0,0.379,3.785,0.81700003,1.733,0.222,DLR
865,851,0.0,3.101,10.068,6.763,3.574,1.841,DLR
865,853,0.0,1.914,5.669,2.402,1.189,0.71000004,DLR
865,854,0.0,7.363,42.492,10.107,6.119,3.119,DLR
865,855,0.0,26.11,56.209,21.302,4.915,0.084,DLR
865,856,0.0,3.399,18.59,4.497,4.566,1.443,DLR
865,857,0.0,1.541,7.844,3.12,3.718,1.512,DLR
865,858,0.0,1.919,12.139,9.36,3.405,0.151,DLR
865,859,0.0,0.31,2.146,0.561,0.782,1.205,DLR
865,860,0.486,28.849,218.554,90.25,51.28,23.384,DLR
865,861,0.0,11.285,24.733,12.933,6.413,3.391,DLR
865,862,0.0,8.335,53.355,23.637,19.335,13.123,DLR
865,864,1.243,27.69,131.12599,43.731,21.448,8.757,DLR
865,866,0.0,0.0,2.333,1.351,0.519,0.014,DLR
865,867,0.0,0.486,4.111,2.367,1.5680001,0.713,DLR
865,879,0.0,10.716,109.582,26.084,7.23,2.3930001,DLR
865,882,0.0,0.962,9.398,6.877,5.086,0.923,DLR
865,883,0.0,2.651,19.022,10.467999,8.213,4.393,DLR
865,884,0.0,34.092,113.141,52.633,32.211,15.508,DLR
865,886,0.0,6.071,39.915,14.29,14.086,3.736,DLR
865,887,0.0,2.508,9.882,6.582,9.268,5.7009997,DLR
865,888,0.0,4.483,8.416,7.087,6.4309998,3.502,DLR
865,890,0.0,8.029,11.521,6.363,2.655,2.3439999,DLR
865,891,0.0,1.948,0.973,2.816,2.687,0.399,DLR
865,893,0.0,1.381,0.42700002,4.099,0.693,1.217,DLR
865,894,0.0,1.63,12.565,3.782,2.292,2.142,DLR
865,895,0.0,0.453,13.088,6.32,3.145,2.502,DLR
865,897,0.0,7.772,31.971,11.434,9.368,4.96,DLR
865,898,0.0,3.56,8.778,3.657,3.622,0.546,DLR
865,928,0.0,1.411,8.917,2.241,0.76600003,0.419,DLR
865,940,0.0,32.459,74.915,33.072998,18.622,9.347,DLR
866,504,0.0,0.0,1.954,2.604,2.55,1.453,DLR
866,513,0.0,12.527,118.671,60.422,27.494,7.8780003,DLR
866,523,0.0,0.0,0.776,1.475,1.407,0.032,DLR
866,533,0.0,0.423,4.126,6.296,0.0,0.0,DLR
866,538,0.0,0.385,3.58,5.967,1.498,2.366,DLR
866,559,0.0,0.0,2.083,1.313,1.033,0.982,DLR
866,573,0.0,0.776,7.9440002,6.332,2.677,2.105,DLR
866,719,0.772,8.107,71.533,67.779,41.912,20.925,DLR
866,750,0.0,0.0,3.258,1.382,0.0,0.357,DLR
866,757,0.0,0.0,0.0,0.0,0.0,0.149,DLR
866,842,0.0,4.213,17.86,9.691,12.917,3.144,DLR
866,850,0.0,0.244,13.785,8.956,7.078,3.413,DLR
866,851,0.0,1.898,31.607,28.513,21.273,6.18,DLR
866,853,0.0,1.213,53.018,18.961,13.844,6.7530003,DLR
866,854,0.305,1.417,16.311,13.158,8.914,2.871,DLR
866,855,0.0,0.0,5.093,2.695,1.213,1.0879999,DLR
866,856,0.0,0.611,10.839,4.826,2.554,1.788,DLR
866,857,0.0,2.258,4.088,5.119,4.306,3.327,DLR
866,858,0.0,0.0,4.263,5.517,5.774,1.982,DLR
866,859,0.0,0.196,6.614,4.26,4.106,1.222,DLR
866,860,0.0,2.807,24.827,21.942,9.9210005,3.6759999,DLR
866,861,0.0,1.439,8.724,10.411,7.219,2.098,DLR
866,862,0.0,4.234,27.191,21.275,9.626,5.458,DLR
866,864,0.0,2.336,18.445,8.455,3.441,1.132,DLR
866,865,0.0,0.0,4.689,3.159,1.555,1.135,DLR
866,867,0.0,2.191,20.005,15.473,14.015,7.291,DLR
866,879,0.0,1.97,38.28,12.226,6.625,3.905,DLR
866,882,0.0,0.974,4.196,1.89,1.867,0.71999997,DLR
866,883,0.0,0.0,7.294,7.905,3.95,2.689,DLR
866,884,0.366,0.823,5.646,6.336,5.442,2.536,DLR
866,886,0.0,0.0,9.031,4.639,3.622,0.90900004,DLR
866,887,0.0,0.085999995,1.707,0.627,2.7580001,0.988,DLR
866,888,0.0,0.244,2.376,2.593,1.732,0.348,DLR
866,890,0.0,0.934,1.594,0.584,1.642,0.274,DLR
866,894,0.0,0.0,1.825,0.624,0.578,2.077,DLR
866,895,0.0,0.0,2.115,0.872,1.57,0.025,DLR
866,897,0.0,0.0,6.248,11.118,6.416,5.348,DLR
866,898,0.0,0.0,2.123,4.184,1.871,2.833,DLR
866,928,0.0,0.785,3.954,1.793,1.048,0.318,DLR
866,940,0.0,1.628,29.371,26.227,11.278,2.686,DLR
867,504,0.0,1.8759999,5.109,1.016,0.508,0.0,DLR
867,513,0.0,16.925,43.709,14.46,8.76,1.109,DLR
867,533,0.0,0.0,1.6340001,4.648,0.533,0.0,DLR
867,538,0.0,0.753,1.139,0.735,0.541,0.0,DLR
867,573,0.0,4.081,8.04,1.992,1.432,0.0,DLR
867,719,1.891,77.531,502.521,129.552,61.423,14.02,DLR
867,750,0.0,0.40600002,1.04,0.197,1.005,0.0,DLR
867,757,0.0,0.0,0.0,0.0,0.027,0.0,DLR
867,842,0.0,44.583,274.28,77.511,33.111,8.528,DLR
867,850,0.0,11.738,31.146,7.923,5.043,1.408,DLR
867,851,0.62200004,14.849,43.832,10.312,7.378,2.112,DLR
867,853,0.0,5.8,19.431,2.519,2.073,1.0139999,DLR
867,854,0.0,2.447,13.848,2.399,1.548,1.158,DLR
867,855,0.0,17.97,12.116,4.283,0.687,0.0,DLR
867,856,0.0,0.326,4.363,1.244,0.81,0.0,DLR
867,857,0.0,1.8019999,2.8470001,1.224,0.962,0.158,DLR
867,858,0.0,2.493,18.532,8.101,3.403,3.565,DLR
867,859,0.0,1.012,5.605,1.234,0.615,0.0,DLR
867,860,0.0,8.407,23.954,10.67,6.292,1.659,DLR
867,861,0.0,3.091,8.689,4.405,1.6010001,1.151,DLR
867,862,0.0,7.622,19.359,4.895,4.565,1.617,DLR
867,864,0.0,6.198,18.356,5.568,1.01,0.797,DLR
867,865,0.0,0.44799998,4.572,1.82,1.89,2.207,DLR
867,866,0.0,5.022,51.824,15.915,9.452,1.446,DLR
867,879,0.0,3.304,32.812,4.741,2.3930001,0.949,DLR
867,882,0.0,1.274,0.886,0.644,0.27899998,0.0,DLR
867,883,0.0,0.235,3.749,1.6570001,1.907,2.312,DLR
867,884,0.0,10.8220005,49.727,15.169,5.706,1.307,DLR
867,886,0.0,0.24000001,6.405,2.37,0.881,0.79,DLR
867,887,0.0,0.40399998,2.262,0.23,0.206,0.0,DLR
867,888,0.0,0.44300002,1.48,0.34399998,0.193,0.0,DLR
867,890,0.0,0.642,2.636,0.819,0.253,0.013,DLR
867,894,0.0,1.597,4.799,0.32,0.037,0.0,DLR
867,895,0.0,1.533,5.549,1.142,0.423,0.0,DLR
867,897,0.0,11.396,11.074,6.319,3.519,1.054,DLR
867,898,0.0,3.569,4.13,1.133,0.038,0.0,DLR
867,928,0.0,0.357,2.162,0.38,0.383,0.0,DLR
867,940,0.0,6.77,24.679,10.469,7.958,1.266,DLR
879,504,0.0,0.291,3.623,3.8890002,3.456,0.426,DLR
879,513,0.0,95.202,1006.846,710.461,216.647,65.338,DLR
879,523,0.0,0.266,1.367,2.878,1.295,2.617,DLR
879,533,0.0,0.0,8.81,6.237,0.998,0.339,DLR
879,538,0.0,0.30900002,5.518,6.897,2.744,0.64599997,DLR
879,559,0.0,0.85,4.637,3.336,1.103,0.199,DLR
879,573,0.0,0.195,0.64,0.46,0.829,0.298,DLR
879,719,0.0,6.699,144.671,105.525,39.042,11.815,DLR
879,749,0.0,0.0,1.1,0.577,0.0,0.367,DLR
879,750,0.0,0.0,0.613,0.75699997,1.967,1.375,DLR
879,842,0.0,54.595,687.651,312.373,75.506996,34.219,DLR
879,850,0.0,0.29,10.159,9.535,5.4370003,2.079,DLR
879,851,0.0,3.9060001,34.699,37.232,12.988,4.46,DLR
879,853,0.0,5.924,29.847,11.2,5.46,1.229,DLR
879,854,0.0,10.193,110.092,47.586,23.239,8.668,DLR
879,855,0.0,65.909,668.663,335.807,81.099,33.121,DLR
879,856,0.0,8.007999,62.584,41.037,25.78,9.172,DLR
879,857,0.0,3.214,45.923,31.051,11.7109995,7.323,DLR
879,858,0.0,0.865,11.509,17.712,6.022,9.746,DLR
879,859,0.0,0.411,8.284,6.255,2.797,0.713,DLR
879,860,0.0,14.99,162.96,116.218,39.549,12.054,DLR
879,861,0.0,16.034,91.206,51.225,18.531,7.217,DLR
879,862,0.0,16.358,84.528,66.011,29.344,10.262,DLR
879,864,0.0,6.342,90.507,45.931,11.373,3.662,DLR
879,865,0.0,7.124,57.175,46.75,17.732,8.3220005,DLR
879,866,0.0,4.422,51.64,20.249,9.664,3.873,DLR
879,867,0.0,1.639,11.633,12.795,6.007,1.744,DLR
879,882,0.0,0.0,4.29,3.676,1.791,0.752,DLR
879,883,0.0,0.515,11.647,10.023,5.413,4.244,DLR
879,884,0.0,2.387,26.323,21.804,11.159,4.459,DLR
879,886,0.0,0.657,16.918,13.991,3.393,1.926,DLR
879,887,0.0,1.623,4.452,3.015,3.151,0.0,DLR
879,888,0.0,0.543,4.159,4.316,1.529,1.962,DLR
879,889,0.0,0.0,0.366,0.707,0.347,0.0,DLR
879,890,0.0,1.064,5.464,4.05,2.175,2.662,DLR
879,891,0.0,0.0,1.734,1.051,0.751,0.207,DLR
879,893,0.0,0.51,1.918,1.602,0.612,0.14,DLR
879,894,0.0,0.934,3.2680001,4.354,1.488,1.303,DLR
879,895,0.0,0.24700001,2.862,4.946,2.805,0.198,DLR
879,897,0.974,6.3910003,90.535,48.414,32.148,17.903,DLR
879,898,0.0,1.427,57.565998,35.756,15.746,6.285,DLR
879,928,0.887,9.348001,97.13,61.666,19.808,6.429,DLR
879,940,1.001,18.183,374.529,208.86101,71.863,24.781,DLR
882,504,0.0,2.434,3.354,3.083,0.894,1.03,DLR
882,513,2.891,66.435,262.455,81.371,40.248,12.556,DLR
882,533,0.0,0.407,6.171,11.606,1.976,0.0,DLR
882,538,0.0,0.675,3.468,2.963,1.721,1.129,DLR
882,559,0.0,0.622,3.277,2.573,0.971,0.308,DLR
882,573,0.0,4.865,16.388,8.8619995,6.917,7.317,DLR
882,719,0.0,0.051,21.591,8.512,3.887,2.269,DLR
882,757,0.0,0.0,0.247,0.0,0.0,0.0,DLR
882,842,0.0,2.96,37.365,7.508,1.534,1.222,DLR
882,851,0.0,1.248,3.011,1.68,0.0,0.256,DLR
882,858,0.0,2.0609999,15.6,5.925,3.586,4.145,DLR
882,860,0.113,9.464,45.616,13.323,10.038,3.341,DLR
882,861,0.0,0.893,2.383,0.015,0.547,0.0,DLR
882,862,0.819,4.56,19.058,6.111,2.947,1.3740001,DLR
882,864,0.34,12.8949995,57.744,13.948,2.851,0.728,DLR
882,865,0.542,3.73,9.542,4.765,2.028,0.802,DLR
882,866,0.0,0.255,6.279,2.139,0.816,0.901,DLR
882,867,0.0,0.54,1.349,0.355,0.189,0.19,DLR
882,879,0.0,1.52,10.444,1.128,0.703,0.0,DLR
882,883,0.0,0.265,1.9200001,2.155,1.239,0.0,DLR
882,884,0.184,52.583,215.065,79.169,46.325,22.289,DLR
882,886,0.0,2.725,18.608,6.932,4.795,3.373,DLR
882,887,0.0,0.82199997,2.918,3.789,0.41,0.60899997,DLR
882,888,0.155,1.609,4.692,2.955,1.2590001,1.172,DLR
882,890,0.0,3.02,5.834,1.919,1.23,0.675,DLR
882,891,0.0,0.511,1.681,1.573,1.108,0.0,DLR
882,893,0.0,0.27199998,1.769,0.711,0.281,0.801,DLR
882,894,0.162,0.97900003,6.164,1.403,1.921,0.0,DLR
882,895,0.508,0.921,8.26,2.05,1.8610001,0.042,DLR
882,897,0.0,1.621,2.532,2.686,0.71,0.0,DLR
882,928,0.0,0.0,0.895,0.23200001,0.0,0.0,DLR
882,940,0.0,0.806,8.63,3.252,2.002,0.513,DLR
883,504,0.323,1.434,6.676,2.73,1.196,0.749,DLR
883,513,5.302,100.662,308.842,113.593,55.05,16.048,DLR
883,523,0.0,0.578,0.871,0.772,1.193,0.392,DLR
883,533,0.0,0.0,8.591,10.481,2.65,0.0,DLR
883,538,0.0,0.831,9.038,5.384,4.031,0.0,DLR
883,559,0.0,0.902,3.068,3.878,1.95,0.0,DLR
883,573,0.0,16.744,28.036,25.345,8.628,8.801,DLR
883,719,0.0,1.487,53.247,15.747,5.84,0.854,DLR
883,749,0.0,1.985,2.614,1.604,0.514,0.0,DLR
883,757,0.0,0.188,1.005,1.404,0.448,0.452,DLR
883,842,0.128,5.94,146.781,54.417,16.321,0.048,DLR
883,850,0.518,3.316,4.202,0.52,0.40800002,0.313,DLR
883,851,0.0,2.62,9.374,3.688,3.839,0.381,DLR
883,853,0.0,4.248,5.333,2.336,3.317,0.987,DLR
883,854,0.0,3.005,10.813,3.243,0.973,0.593,DLR
883,855,0.0,3.512,7.277,6.487,0.106,0.0,DLR
883,856,0.0,0.888,2.399,0.73300004,1.605,1.279,DLR
883,857,0.0,0.349,2.577,1.364,0.662,0.0,DLR
883,858,0.794,18.072,66.859,31.531,10.589,1.31,DLR
883,859,0.0,0.244,0.516,0.754,0.37,0.0,DLR
883,860,0.272,15.3,53.363,15.3,10.118,5.1480002,DLR
883,861,0.0,1.825,7.037,5.134,1.694,0.003,DLR
883,862,0.591,4.996,27.269001,5.484,6.4769998,4.027,DLR
883,864,0.345,17.698,68.284996,17.305,8.994,2.1529999,DLR
883,865,0.0,10.832,29.518,6.976,5.119,3.294,DLR
883,866,0.0,2.3439999,23.881,9.973,2.428,0.0,DLR
883,867,0.0,0.827,3.726,1.917,2.084,1.949,DLR
883,879,0.0,2.434,34.574,4.991,1.86,0.564,DLR
883,882,0.0,0.952,3.744,1.049,1.819,0.037,DLR
883,884,0.68799996,146.699,611.464,233.823,127.952,58.137,DLR
883,886,0.103,5.713,29.639,15.002,6.046,3.51,DLR
883,887,0.095,4.289,4.346,2.172,3.236,0.936,DLR
883,888,0.0,3.893,7.045,1.637,3.776,1.9230001,DLR
883,889,0.0,0.336,0.992,0.36,3.173,0.0,DLR
883,890,0.087,3.35,8.166,3.5709999,1.6060001,0.415,DLR
883,891,0.0,0.0,1.711,1.524,0.431,0.0,DLR
883,893,0.0,0.611,1.812,0.521,0.347,1.3280001,DLR
883,894,0.0,0.942,7.872,2.616,1.4729999,0.655,DLR
883,895,0.0,1.913,12.239,2.45,2.184,4.868,DLR
883,897,0.0,2.868,5.168,2.488,2.133,0.52,DLR
883,928,0.0,0.14,1.883,0.54,0.423,0.0,DLR
883,940,0.445,1.902,11.973001,4.109,1.908,0.0,DLR
884,504,0.658,48.73,212.12599,152.796,103.156,43.723,DLR
884,513,7.403,43.151,80.802,24.299,13.261,2.088,DLR
884,523,0.0,36.976,119.027,133.565,97.016,38.041,DLR
884,533,0.0,28.844,689.699,667.675,117.048,27.371,DLR
884,538,0.0,46.336,319.623,342.024,252.371,101.78,DLR
884,559,0.0,38.191,190.179,180.77,112.471,50.309002,DLR
884,573,0.0,391.995,1332.285,1051.227,733.751,280.448,DLR
884,719,7.546,46.405,176.86101,47.841,21.585,4.745,DLR
884,749,0.032,24.19,50.603,39.587,23.081,17.428,DLR
884,750,0.429,15.058,61.727,54.643,42.968,15.034,DLR
884,757,1.167,15.141,33.061,21.528,13.167,2.577,DLR
884,842,0.047,6.048,37.544,29.546,6.318,2.34,DLR
884,850,0.0,0.388,11.292,11.469,13.812,7.293,DLR
884,851,0.0,0.023,2.13,0.779,7.098,0.578,DLR
884,853,0.0,3.865,40.177,18.865,18.511,10.702,DLR
884,854,0.0,3.233,12.62,3.172,0.883,0.375,DLR
884,855,0.0,0.981,25.116,19.465,2.119,0.689,DLR
884,856,0.0,1.455,7.72,1.141,0.70600003,0.141,DLR
884,857,0.0,0.794,4.704,1.385,0.536,0.01,DLR
884,858,5.8710003,40.783,123.502,93.984,53.989,32.939,DLR
884,859,0.0,0.0,0.263,0.331,1.191,0.123,DLR
884,860,0.93,30.706,127.354,82.901,34.875,15.563,DLR
884,861,0.059,3.655,8.54,1.955,1.191,0.087,DLR
884,862,9.55,75.845,245.205,215.117,91.157,43.114,DLR
884,864,0.888,48.32,146.649,49.106,18.536,11.508,DLR
884,865,2.088,34.303,140.433,115.905,46.394,15.907,DLR
884,866,0.063,3.59,13.749001,5.738,1.855,0.608,DLR
884,867,0.0,0.577,8.719,11.327,12.368,4.735,DLR
884,879,0.0,3.0740001,40.25,8.307,1.08,0.24499999,DLR
884,882,1.403,29.942,117.287,105.059,68.207,39.231,DLR
884,883,4.095,70.205,294.467,298.393,187.098,100.227,DLR
884,886,0.0,169.713,1118.643,778.423,466.174,239.78,DLR
884,887,0.0,175.23,584.248,301.209,239.698,110.314,DLR
884,888,0.0,145.96,499.162,363.451,219.328,124.448,DLR
884,889,1.486,12.472,46.794,37.366,22.535,8.956,DLR
884,890,0.0,104.126,369.359,257.865,169.423,89.372,DLR
884,891,0.0,29.341,102.158,103.223,53.212,18.999,DLR
884,893,0.0,52.998,206.954,187.106,112.785,49.419,DLR
884,894,0.0,61.099,286.667,227.972,132.61,57.456,DLR
884,895,0.0,76.469,454.43,317.15,187.804,87.688,DLR
884,897,0.07,5.289,11.049,3.647,1.6340001,0.774,DLR
884,898,0.103,2.424,1.95,1.572,0.80300003,0.092,DLR
884,928,0.0,0.422,3.916,1.085,0.253,0.078,DLR
884,940,0.758,13.141,41.463,15.629,6.172,1.204,DLR
886,504,0.0,2.651,38.779,13.154,2.961,0.736,DLR
886,513,3.671,35.979,55.944,19.322,17.402,5.785,DLR
886,523,0.0,0.616,1.735,0.788,0.99300003,0.373,DLR
886,533,0.0,0.474,7.042,8.301,1.342,0.0,DLR
886,538,0.0,0.42,5.825,2.172,2.97,0.202,DLR
886,573,0.148,3.964,27.298,13.363,7.064,5.117,DLR
886,719,0.866,1.202,16.992,14.089,6.344,0.55,DLR
886,749,0.0,2.164,7.693,3.3439999,2.908,1.434,DLR
886,750,0.0,1.849,2.424,1.381,1.359,0.0,DLR
886,757,0.0,0.0050000004,19.421,13.258,4.903,0.0,DLR
886,842,0.141,6.011,81.744,27.605,6.093,1.15,DLR
886,850,0.0,0.337,0.995,1.526,1.799,0.0,DLR
886,851,0.0,0.0,4.0889997,2.722,3.8700001,0.0,DLR
886,853,0.0,0.0,5.664,2.815,1.492,0.242,DLR
886,854,0.0,2.18,6.9900002,1.514,0.896,0.009000001,DLR
886,855,0.0,3.438,2.677,2.498,1.265,0.0,DLR
886,856,0.0,1.196,4.435,0.776,0.23200001,0.21000001,DLR
886,857,0.0,0.0,4.798,1.437,1.362,0.211,DLR
886,858,0.67,15.136,97.86,34.878,18.844,0.81,DLR
886,859,0.0,0.20199999,0.25100002,0.45200002,0.0,0.0,DLR
886,860,0.419,11.677,46.2,17.111,12.648,5.413,DLR
886,861,0.0,2.452,7.47,2.25,1.871,0.672,DLR
886,862,1.109,20.775,29.864,11.806,6.0,1.977,DLR
886,864,2.249,50.864,202.992,55.321,22.486,9.6119995,DLR
886,865,0.0,3.252,39.104,17.266,6.386,2.73,DLR
886,866,0.0,2.2710001,12.533,3.147,0.738,0.0,DLR
886,867,0.0,0.407,2.79,1.372,1.537,0.020000001,DLR
886,879,0.0,2.218,38.1,7.557,1.817,0.156,DLR
886,882,0.0,2.1560001,10.984,8.294,4.909,1.182,DLR
886,883,0.258,4.057,14.675,9.522,7.528,1.297,DLR
886,884,5.348,298.924,1733.782,673.078,287.507,111.806,DLR
886,887,0.0,0.146,2.09,2.334,3.055,0.854,DLR
886,888,0.0,0.406,5.626,3.724,3.634,2.9780002,DLR
886,889,0.0,0.0,11.002,0.745,0.995,0.0,DLR
886,890,0.0,3.198,20.872,8.548,5.598,3.221,DLR
886,891,0.0,1.2179999,3.473,2.153,2.071,0.554,DLR
886,893,0.0,3.1069999,4.246,5.355,4.636,0.966,DLR
886,894,0.0,5.078,26.596,7.649,4.431,0.814,DLR
886,895,0.0,3.339,67.675,17.011,5.4839997,1.942,DLR
886,897,0.0,0.487,6.3320003,2.886,1.466,0.961,DLR
886,898,0.0,0.0,3.223,0.308,0.316,0.0,DLR
886,928,0.0,0.087,2.823,0.71,0.24,0.378,DLR
886,940,0.15900001,1.126,13.323,8.286,2.467,0.601,DLR
887,504,0.261,3.089,14.507,5.679,1.568,3.395,DLR
887,513,2.181,25.761,22.886,12.99,14.08,2.342,DLR
887,523,0.0,0.0,2.214,0.0,0.459,0.0,DLR
887,533,0.0,0.8,2.226,1.561,0.587,0.0,DLR
887,538,0.0,0.0,1.275,0.301,0.012,0.0,DLR
887,573,0.0,2.858,10.309,5.064,3.71,2.774,DLR
887,719,0.021,1.6850001,9.603,7.156,4.785,0.231,DLR
887,749,0.0,1.053,1.762,1.0320001,1.879,0.311,DLR
887,757,0.0,0.009000001,5.985,2.921,2.915,0.003,DLR
887,842,0.0,5.727,19.288,4.172,4.153,0.0,DLR
887,850,0.0,0.40100002,0.928,0.381,0.284,0.0,DLR
887,851,0.0,0.929,1.774,0.809,1.977,0.41,DLR
887,853,0.0,3.832,3.915,0.668,0.978,0.339,DLR
887,854,0.0,0.0,1.242,0.521,0.772,0.245,DLR
887,856,0.0,0.497,1.957,0.208,0.31800002,0.0,DLR
887,857,0.0,0.0,1.076,0.219,0.219,0.267,DLR
887,858,0.0,4.498,26.097,9.369,8.681,1.658,DLR
887,859,0.0,0.0,0.215,0.074,0.0,0.0,DLR
887,860,0.182,9.737,22.307,10.583,8.742,1.527,DLR
887,861,0.0,2.746,2.161,0.87,0.298,0.244,DLR
887,862,0.0,2.47,17.555,4.899,5.621,1.697,DLR
887,864,0.403,33.343,76.609,37.236,15.2960005,6.248,DLR
887,865,0.0,5.362,21.944,5.131,3.204,0.387,DLR
887,866,0.0,0.557,3.109,1.163,1.15,0.0,DLR
887,867,0.182,0.652,0.693,0.538,0.62,0.0,DLR
887,879,0.0,0.461,10.544,2.253,0.218,0.255,DLR
887,882,0.39,1.419,3.563,1.923,1.342,1.543,DLR
887,883,0.0,2.635,4.537,3.414,3.129,1.3050001,DLR
887,884,3.8370001,185.381,720.316,354.272,219.025,74.323,DLR
887,886,0.0,2.137,7.106,1.534,0.023,0.0,DLR
887,888,0.0,0.11,0.574,0.967,2.467,1.078,DLR
887,889,0.0,0.42299998,0.901,0.491,0.027,0.0,DLR
887,890,0.0,0.245,4.939,2.148,4.422,1.518,DLR
887,891,0.0,0.0,1.8330001,0.903,0.372,0.255,DLR
887,893,0.0,1.319,3.196,1.094,0.645,1.118,DLR
887,894,0.0,1.8169999,10.862,1.635,3.2810001,0.531,DLR
887,895,0.0,1.791,21.642,2.94,6.612,3.177,DLR
887,897,0.0,1.131,2.273,1.927,1.504,0.527,DLR
887,898,0.0,0.0,1.631,0.943,0.672,0.219,DLR
887,928,0.0,0.0,0.459,0.33,0.196,0.042,DLR
887,940,0.0,2.981,15.475,7.166,3.709,0.508,DLR
888,504,0.0,5.299,16.049,6.393,0.593,0.0,DLR
888,513,3.341,28.179,27.636,8.136,8.739,3.06,DLR
888,523,0.0,0.811,0.685,0.28,0.0,0.0,DLR
888,533,0.0,0.0,1.313,0.594,0.0,0.0,DLR
888,538,0.0,0.736,0.55,0.429,0.0,0.0,DLR
888,573,0.49199998,3.737,12.906,7.621,2.681,1.155,DLR
888,719,0.27600002,0.765,8.989,5.166,2.139,0.319,DLR
888,749,0.0,1.408,4.342,1.852,0.603,0.0,DLR
888,750,0.0,0.0,0.803,0.805,0.241,0.0,DLR
888,757,0.0,0.088,5.016,2.902,2.425,0.024999999,DLR
888,842,0.342,6.213,18.857,2.986,8.819,0.72900003,DLR
888,850,0.0,0.361,1.299,0.124,0.358,0.0,DLR
888,851,0.0,2.057,2.111,0.902,0.847,0.47100002,DLR
888,853,0.0,2.231,1.53,0.394,0.171,0.102,DLR
888,854,0.0,0.354,4.473,0.54,0.131,0.0,DLR
888,856,0.0,0.533,2.065,0.305,0.354,0.09,DLR
888,857,0.0,0.0,2.806,0.386,0.15,0.0,DLR
888,858,1.716,6.279,27.515,8.443,8.586,1.732,DLR
888,859,0.0,0.31,0.15,0.104,0.0,0.0,DLR
888,860,0.474,8.179,26.593,7.417,6.593,1.354,DLR
888,861,0.225,6.509,1.618,1.228,0.117,0.0,DLR
888,862,1.136,3.209,10.608,3.713,3.642,0.124,DLR
888,864,3.681,44.412,84.812004,23.911,9.56,1.613,DLR
888,865,0.0,7.513,14.358,5.343,2.843,0.55,DLR
888,866,0.0,2.106,4.718,1.419,0.549,0.0,DLR
888,867,0.0,0.523,1.521,0.416,0.376,0.0,DLR
888,879,0.0,2.0740001,10.4800005,1.409,0.304,0.067999996,DLR
888,882,0.0,4.014,7.934,1.14,1.899,0.816,DLR
888,883,0.216,2.043,5.478,3.441,1.482,0.0,DLR
888,884,7.1949997,229.602,784.624,271.76,141.034,35.581,DLR
888,886,0.0,1.965,26.465,5.2269998,2.659,0.179,DLR
888,887,0.0,0.303,1.983,1.096,3.91,0.871,DLR
888,889,0.12,0.065000005,0.748,0.86800003,0.0,0.0,DLR
888,890,0.0,1.234,5.458,1.452,1.31,1.1700001,DLR
888,891,0.0,1.096,2.339,0.916,0.902,0.119,DLR
888,893,0.0,1.4499999,4.662,1.53,1.603,0.135,DLR
888,894,0.0,2.4819999,14.946,2.445,2.111,0.388,DLR
888,895,0.0,2.1430001,32.658,5.729,2.653,0.679,DLR
888,897,0.0,1.264,3.258,1.121,1.094,0.142,DLR
888,898,0.0,1.569,0.85,0.225,0.538,0.0,DLR
888,928,0.0,0.734,1.043,0.248,0.058000002,0.035,DLR
888,940,0.0,2.259,10.6970005,5.032,1.839,0.568,DLR
889,504,0.637,9.749001,40.708,10.425,5.67,7.919,DLR
889,523,0.0,0.291,4.594,0.524,0.838,0.288,DLR
889,533,0.0,0.234,5.659,3.436,1.588,0.0,DLR
889,538,0.0,0.639,1.645,1.143,0.759,0.75100005,DLR
889,559,0.0,0.643,3.058,3.27,0.329,0.0,DLR
889,573,0.0,11.501,14.357,12.409,5.966,4.995,DLR
889,719,7.727,55.656,204.432,88.449,62.264,24.57,DLR
889,749,0.208,6.663,24.258,6.568,4.596,1.648,DLR
889,750,0.0,3.844,6.279,2.092,1.658,2.283,DLR
889,757,5.065,34.196,65.854004,36.228,27.128,10.077,DLR
889,853,0.0,0.0,2.024,1.2950001,0.0,0.0,DLR
889,858,0.0,0.0,4.494,4.389,0.0,0.0,DLR
889,860,0.0,1.014,2.645,0.693,0.676,0.201,DLR
889,862,0.0,0.655,4.762,0.94200003,0.666,0.948,DLR
889,864,0.0,0.024,1.781,0.0,0.0,0.0,DLR
889,865,0.0,0.62700003,3.185,1.747,0.98399997,0.0,DLR
889,879,0.0,0.0,0.707,0.299,0.0,0.0,DLR
889,883,0.0,0.676,2.092,2.552,0.24700001,0.0,DLR
889,884,0.0,26.267,55.082,26.004,15.95,11.042,DLR
889,886,0.0,0.629,9.46,2.263,0.0,0.0,DLR
889,887,0.0,0.124000005,1.046,0.352,0.0,0.0,DLR
889,888,0.0,0.134,0.916,1.234,0.0,0.0,DLR
889,890,0.0,3.492,2.827,3.093,1.488,1.515,DLR
889,893,0.0,0.528,1.118,0.711,0.223,0.299,DLR
889,894,0.0,0.252,2.8040001,1.1470001,0.0,0.0,DLR
889,895,0.0,0.582,4.929,1.145,0.0,0.0,DLR
889,940,0.0,0.23,1.808,1.081,0.0,0.028,DLR
890,504,0.0,2.1200001,16.582,4.046,0.982,0.0,DLR
890,513,2.334,24.498,21.82,4.0,4.361,1.387,DLR
890,533,0.0,0.0,2.463,1.99,0.90000004,0.0,DLR
890,538,0.0,0.0,1.974,0.23200001,0.0,0.178,DLR
890,573,0.0,2.877,8.306,4.998,0.483,1.808,DLR
890,719,0.067,0.282,5.69,1.485,0.297,0.0,DLR
890,749,0.0,1.154,3.595,0.996,0.0,0.0,DLR
890,757,0.0,0.0,4.835,4.339,0.501,0.0,DLR
890,842,0.448,7.8970003,15.837,5.503,4.341,0.0,DLR
890,851,0.0,2.104,1.969,1.604,0.58599997,0.36900002,DLR
890,854,0.0,1.262,2.976,0.764,0.0,0.202,DLR
890,856,0.0,0.0,2.978,0.261,1.012,0.0,DLR
890,858,2.098,8.573,28.649,8.064,9.931,0.772,DLR
890,860,0.094,5.685,20.636,5.572,3.769,0.987,DLR
890,861,0.0,0.416,2.533,1.618,0.44799998,0.0,DLR
890,862,0.0,3.372,12.358,8.264,2.685,1.374,DLR
890,864,0.52,44.942,81.715004,12.08,3.278,1.851,DLR
890,865,1.972,8.212,18.582,3.298,1.36,0.427,DLR
890,866,0.078,0.529,3.377,0.371,1.181,0.0,DLR
890,867,0.0,0.97,1.439,0.414,0.496,0.0,DLR
890,879,0.0,4.235,11.109,2.754,0.57199997,0.47100002,DLR
890,882,0.0,1.429,7.296,1.329,0.935,0.0,DLR
890,883,0.0,2.675,3.707,1.8,0.431,1.08,DLR
890,884,6.203,202.035,661.255,184.818,69.244,23.178,DLR
890,886,0.317,12.1189995,46.567,10.13,4.717,0.826,DLR
890,887,0.026,1.296,5.517,6.8,3.055,0.97900003,DLR
890,888,0.0,0.888,3.8,2.763,0.738,0.266,DLR
890,889,0.903,1.001,4.3,2.113,0.632,1.26,DLR
890,891,0.0,0.0,2.623,0.596,0.5,0.0,DLR
890,893,0.0,1.8180001,6.613,0.997,1.169,1.12,DLR
890,894,0.0,3.901,10.096,2.69,2.034,1.316,DLR
890,895,0.0,1.297,10.261,5.257,1.245,1.158,DLR
890,897,0.0,1.274,2.222,1.783,0.559,0.0,DLR
890,928,0.0,0.374,1.519,0.092,0.079,0.0,DLR
890,940,0.0,2.244,8.543,3.4880002,1.282,0.305,DLR
891,504,0.085,0.86300004,5.297,0.889,0.0,0.0,DLR
891,513,1.059,7.5360003,4.39,1.286,2.577,0.257,DLR
891,573,0.077999994,0.738,2.427,0.822,0.355,0.031999998,DLR
891,719,0.081,0.025,0.884,1.726,0.0,0.0,DLR
891,842,0.096,4.68,6.4440002,4.775,1.765,0.0,DLR
891,858,0.0,7.639,9.01,1.558,1.842,0.0,DLR
891,860,0.017,3.131,5.049,0.873,1.168,0.091000006,DLR
891,862,0.0,0.504,5.369,2.321,0.033,0.609,DLR
891,864,0.333,4.192,11.05,5.422,3.61,0.327,DLR
891,865,0.0,3.704,3.4850001,2.046,1.675,0.0,DLR
891,866,0.113,0.096,2.935,0.0,0.0,0.0,DLR
891,879,0.0,0.21000001,3.101,0.0,0.0,0.0,DLR
891,883,0.185,1.803,0.72900003,0.9,0.678,0.072,DLR
891,884,2.2,51.027,173.308,38.768,27.48,8.557,DLR
891,886,0.052,1.739,7.215,2.215,2.938,0.568,DLR
891,887,0.064,0.285,2.194,2.137,0.084,0.594,DLR
891,888,0.0,0.829,2.639,1.829,1.378,0.0,DLR
891,890,0.0,0.0,3.036,0.322,0.484,0.0,DLR
891,894,0.0,0.74,3.683,1.278,2.129,0.0,DLR
891,895,0.0,0.307,5.729,1.751,0.0,1.726,DLR
891,897,0.33699998,1.381,3.475,0.0,0.0,0.0,DLR
891,940,0.11400001,2.449,0.693,1.2360001,0.739,0.0,DLR
893,504,0.127,2.172,5.043,3.518,0.397,0.0,DLR
893,513,1.979,9.161,8.329,2.135,3.773,2.148,DLR
893,573,0.138,1.621,5.699,4.627,1.885,2.228,DLR
893,719,0.131,0.428,1.4070001,0.953,0.268,0.0,DLR
893,749,0.0,0.323,2.662,3.046,1.396,1.9219999,DLR
893,757,0.0,0.277,1.962,0.815,1.33,0.0,DLR
893,842,0.256,1.183,9.724,4.738,0.0,0.0,DLR
893,850,0.0,2.614,1.332,0.774,0.377,0.0,DLR
893,851,0.0,0.94,0.487,0.306,0.675,0.737,DLR
893,853,0.0,0.0,5.147,1.37,0.476,0.0,DLR
893,858,0.878,0.83,10.728,13.7039995,5.942,0.0,DLR
893,860,0.12900001,3.372,12.369,5.027,3.204,1.269,DLR
893,862,0.49899998,0.893,4.4049997,5.28,3.331,0.768,DLR
893,864,1.694,8.939,26.464,7.605,2.85,2.807,DLR
893,865,0.0,3.5180001,5.365,1.454,1.473,0.549,DLR
893,879,0.0,0.351,6.034,1.501,0.274,0.438,DLR
893,882,0.0,0.0,3.167,0.374,0.316,0.635,DLR
893,883,0.0,0.651,1.8100001,0.867,0.764,1.7030001,DLR
893,884,8.055,86.024,397.05,155.71,84.466,15.273,DLR
893,886,0.055999998,0.571,15.693,6.722,2.038,1.72,DLR
893,887,0.216,1.199,4.734,1.918,2.875,1.005,DLR
893,888,0.089,2.03,3.8930001,2.49,2.921,0.481,DLR
893,890,0.0,1.165,5.976,1.947,2.218,0.0,DLR
893,894,0.0,0.0,2.367,1.031,0.057,0.0,DLR
893,895,0.0,0.357,15.116,5.313,1.288,0.094,DLR
893,940,0.0,0.518,3.75,3.321,2.682,0.536,DLR
894,504,0.0,0.448,7.594,2.16,2.422,0.0,DLR
894,513,1.082,12.981,9.736,5.413,4.976,1.006,DLR
894,533,0.0,0.0,1.072,2.524,0.343,0.0,DLR
894,538,0.0,0.271,1.282,0.778,0.308,0.0,DLR
894,573,0.0,0.716,5.467,2.519,1.237,0.36900002,DLR
894,719,0.083,0.0,1.897,3.153,0.402,0.066,DLR
894,749,0.0,0.548,2.316,0.0,0.0,1.099,DLR
894,757,0.0,0.0,0.458,0.68,0.16600001,0.0,DLR
894,842,0.584,0.909,7.322,8.016,0.0,0.0,DLR
894,851,0.0,0.0,0.824,1.077,1.07,0.0,DLR
894,853,0.0,1.8840001,4.919,1.4990001,0.205,0.0,DLR
894,854,0.0,0.0,1.566,1.036,0.586,0.0,DLR
894,857,0.0,0.0,0.0,0.975,1.675,0.448,DLR
894,858,0.0,1.957,20.222,12.088,8.221,1.044,DLR
894,860,0.285,5.057,15.248,7.141,2.297,1.057,DLR
894,861,0.0,0.245,1.388,1.585,0.599,0.0,DLR
894,862,0.603,0.694,10.913,5.9240003,0.91400003,3.0609999,DLR
894,864,0.947,10.938,34.459,11.065,5.533,1.754,DLR
894,865,0.0,4.678,10.306,5.959,2.588,0.30200002,DLR
894,866,0.0,1.813,7.271,0.422,0.509,0.0,DLR
894,867,0.0,0.0,1.704,0.86600006,0.396,0.90900004,DLR
894,879,0.0,1.451,6.842,2.427,0.66,0.0,DLR
894,882,0.259,0.401,7.404,2.092,0.797,0.0,DLR
894,883,0.53999996,0.026,3.399,3.5049999,0.845,0.0,DLR
894,884,6.9440002,94.745,396.279,184.299,62.696,12.655,DLR
894,886,0.0,2.907,24.445,9.4470005,3.176,0.908,DLR
894,887,0.078,2.648,5.268,3.648,2.178,0.474,DLR
894,888,0.0,1.633,4.378,6.985,2.647,1.543,DLR
894,890,0.0,1.542,8.215,2.299,0.633,0.0,DLR
894,891,0.0,0.713,3.173,1.774,1.075,0.28,DLR
894,895,0.0,1.3280001,32.473,5.738,2.4129999,0.592,DLR
894,940,0.0,3.113,3.766,2.176,1.286,0.0,DLR
895,504,0.13,0.856,9.13,4.299,1.57,0.0,DLR
895,513,5.86,20.471,13.992,3.17,4.052,0.969,DLR
895,533,0.0,0.136,1.095,1.311,0.0,0.0,DLR
895,538,0.0,0.293,4.117,3.307,0.596,0.0,DLR
895,559,0.0,0.175,2.397,1.032,0.017,0.0,DLR
895,573,0.556,4.946,17.949,7.634,3.859,0.633,DLR
895,719,2.713,0.542,9.369,3.701,1.247,0.0,DLR
895,749,0.0,1.359,4.3129997,2.305,0.037,0.671,DLR
895,750,0.0,0.0,1.7919999,2.304,0.431,0.0,DLR
895,757,0.0,0.033,2.41,1.256,0.096,0.0,DLR
895,842,0.87,6.203,20.904,7.072,1.6,1.954,DLR
895,850,0.0,0.0,3.402,0.851,0.30400002,0.29,DLR
895,851,0.187,0.42,2.985,1.833,0.462,0.412,DLR
895,853,0.0,5.321,16.593,3.498,0.916,0.0050000004,DLR
895,854,0.0,2.491,2.971,1.247,0.219,0.0,DLR
895,856,0.0,0.745,1.53,0.437,0.943,0.0,DLR
895,858,2.9120002,5.743,33.751,10.044001,10.796,0.732,DLR
895,860,0.539,15.509,32.268,12.835,10.0,1.231,DLR
895,861,0.471,7.671,5.778,1.95,0.432,0.0,DLR
895,862,0.821,8.773,17.614,9.573,3.654,2.412,DLR
895,864,3.708,25.925,55.487,19.144001,5.017,2.392,DLR
895,865,0.407,6.8859997,14.201,6.711,3.169,0.557,DLR
895,866,0.0,0.667,3.286,4.8519998,0.0,0.0,DLR
895,867,0.0,2.239,1.398,2.076,1.23,0.0,DLR
895,879,0.152,2.18,10.1,1.068,0.219,0.39,DLR
895,882,0.0,0.368,4.595,2.616,1.804,0.0,DLR
895,883,0.0,1.568,8.099,5.191,1.383,0.648,DLR
895,884,24.311,185.534,617.436,198.217,89.927,19.725,DLR
895,886,0.168,5.726,80.737,22.514,6.1549997,0.275,DLR
895,887,0.479,4.001,15.733,8.804,3.504,1.119,DLR
895,888,0.443,5.756,26.818,11.322,2.683,0.0,DLR
895,889,0.0,0.398,2.522,2.628,0.723,0.0,DLR
895,890,0.092,2.886,10.287,4.715,2.214,0.643,DLR
895,891,0.197,0.38,2.751,1.02,0.332,0.0,DLR
895,893,0.052,0.929,12.8,6.507,0.76600003,0.476,DLR
895,894,0.0,5.138,39.521,14.956,0.642,0.685,DLR
895,897,0.0,3.008,2.741,0.404,0.0,0.0,DLR
895,928,0.158,0.096,0.885,0.229,0.0,0.0,DLR
895,940,0.269,5.614,16.911,6.482,2.053,0.589,DLR
897,504,0.0,0.516,2.531,0.343,1.169,0.096,DLR
897,513,0.0,109.698,401.162,144.668,71.777,34.859,DLR
897,533,0.0,0.576,7.107,5.981,0.238,0.0,DLR
897,538,0.0,0.0,1.097,0.0,0.618,0.635,DLR
897,559,0.0,1.9860001,1.945,1.6060001,2.169,1.189,DLR
897,719,0.0,8.275,99.478,38.542,24.423,15.549,DLR
897,842,0.0,89.947,347.11,110.366,63.085,30.44,DLR
897,850,0.0,0.957,7.824,5.293,4.61,4.362,DLR
897,851,0.0,11.875,21.705,13.203,13.052,6.2799997,DLR
897,853,0.0,6.301,21.586,3.892,3.63,1.478,DLR
897,854,0.0,10.659,38.142,16.17,12.95,14.972,DLR
897,855,0.0,90.201,310.842,88.726,44.266,19.521,DLR
897,856,0.0,7.666,37.565,17.222,11.993,6.8199997,DLR
897,857,0.0,4.998,27.873,10.773,9.113,10.532,DLR
897,858,0.0,0.696,6.469,4.4309998,3.481,3.768,DLR
897,859,0.0,2.325,2.673,2.386,2.886,1.237,DLR
897,860,0.0,13.861,47.913002,27.033,11.708,11.688,DLR
897,861,0.0,24.608,28.884,14.598,10.797,5.508,DLR
897,862,0.0,22.504,47.731,24.556,18.058,10.501,DLR
897,864,0.0,7.785,21.355,6.279,5.268,2.184,DLR
897,865,0.0,4.9960003,23.974,12.667,5.444,9.26,DLR
897,866,0.0,4.287,40.594,13.4,7.337,3.029,DLR
897,867,0.0,3.16,8.457,5.814,5.185,2.364,DLR
897,879,0.0,15.83,147.572,47.651,26.525,5.784,DLR
897,882,0.0,4.621,1.523,1.267,0.71599996,0.062,DLR
897,883,0.0,1.464,2.746,2.47,1.911,1.396,DLR
897,884,0.0,5.904,14.531,10.811,6.538,5.692,DLR
897,886,0.0,3.51,6.018,2.513,0.423,1.427,DLR
897,887,0.0,2.337,4.688,1.834,0.61800003,0.0,DLR
897,888,0.0,1.286,3.026,2.054,2.012,0.566,DLR
897,890,0.0,2.27,1.889,0.893,1.257,0.349,DLR
897,891,0.0,0.0,0.98399997,0.0,1.8249999,3.428,DLR
897,893,0.0,1.086,1.459,0.342,0.53,0.0,DLR
897,895,0.0,0.0,1.974,1.855,2.195,0.059,DLR
897,898,0.0,6.554,24.0,16.597,13.242,4.657,DLR
897,928,0.0,16.749,83.027,35.61,20.272,5.113,DLR
897,940,0.0,51.49,406.773,108.702,53.076,35.625,DLR
898,504,0.0,0.0,2.184,0.612,0.808,0.0,DLR
898,513,0.0,69.044,168.61101,62.217,30.545,9.14,DLR
898,533,0.0,0.322,3.369,2.271,0.126,0.0,DLR
898,719,0.0,5.187,42.367,13.562,6.582,1.115,DLR
898,842,0.0,30.906,139.677,45.14,17.566,5.511,DLR
898,850,0.0,0.475,3.967,0.601,1.387,0.693,DLR
898,851,0.0,3.339,7.152,2.724,0.546,0.043,DLR
898,853,0.0,1.8859999,8.0720005,2.991,0.729,1.039,DLR
898,854,0.0,3.665,19.778,3.203,2.723,1.02,DLR
898,855,0.0,32.420002,141.442,47.723,7.206,2.106,DLR
898,856,0.0,3.105,9.315001,3.876,1.496,0.717,DLR
898,857,0.0,0.0,11.003,0.929,0.0,0.035,DLR
898,859,0.0,0.357,2.91,0.021,0.599,0.0,DLR
898,860,0.0,8.375,37.194,14.673,9.556,2.743,DLR
898,861,0.0,6.77,13.546,4.354,1.409,1.782,DLR
898,862,0.0,7.608,15.508,5.782,6.955,0.3,DLR
898,864,0.0,4.256,13.689,3.428,2.0080001,2.79,DLR
898,865,0.0,4.993,8.6380005,3.338,3.217,0.811,DLR
898,866,0.0,1.136,14.091,7.646,5.09,0.084,DLR
898,867,0.0,0.392,3.466,1.517,0.89,0.0,DLR
898,879,0.0,10.308,72.923,26.734,13.006,2.446,DLR
898,884,0.0,3.217,8.593,3.68,3.071,2.696,DLR
898,886,0.0,2.164,2.156,0.467,0.52099997,1.296,DLR
898,887,0.0,0.359,1.039,1.244,0.048,0.0,DLR
898,888,0.0,0.428,1.178,0.459,0.761,0.0,DLR
898,897,0.0,13.882,35.885,14.885,8.397,3.378,DLR
898,928,0.0,5.688,38.994,9.235,5.031,0.904,DLR
898,940,0.0,24.536,98.577,17.487,7.521,3.832,DLR
928,504,0.0,0.0,1.61,0.922,0.8,0.246,DLR
928,513,0.0,69.396,348.373,162.52,73.049,12.212,DLR
928,533,0.0,0.0,0.743,0.58,0.0,0.0,DLR
928,719,0.0,4.178,52.149,23.971,10.722,4.502,DLR
928,842,0.0,44.09,248.415,91.74,31.101,9.523,DLR
928,850,0.0,0.42700002,1.551,1.36,1.147,0.49199998,DLR
928,851,0.0,1.849,6.672,5.869,2.327,0.626,DLR
928,853,0.0,1.061,4.67,2.866,1.721,0.243,DLR
928,854,0.0,10.107,37.774,15.0529995,9.25,2.77,DLR
928,855,0.0,42.262,214.518,71.23,13.195,5.286,DLR
928,856,0.0,3.33,27.445,20.441,11.531,5.624,DLR
928,857,0.0,3.619,20.557,9.285,11.7,3.224,DLR
928,858,0.0,0.0,4.597,3.374,3.618,0.0,DLR
928,859,0.0,0.412,1.581,1.074,0.971,0.349,DLR
928,860,0.0,7.474,52.729,20.128,15.898,2.049,DLR
928,861,0.0,15.318,30.272,15.559999,8.56,4.685,DLR
928,862,0.0,4.734,18.984,13.811,8.812,3.135,DLR
928,864,0.0,5.59,14.278,7.131,2.266,0.303,DLR
928,865,0.0,1.853,10.717,8.535,5.213,1.331,DLR
928,866,0.0,3.945,15.677,8.218,2.905,0.0,DLR
928,867,0.0,0.47599998,2.191,2.474,0.928,0.575,DLR
928,879,0.0,7.766,107.0,46.758,22.982,8.22,DLR
928,883,0.0,0.297,1.713,1.6110001,1.1620001,0.978,DLR
928,884,0.0,2.796,8.368,6.943,3.079,0.90999997,DLR
928,886,0.0,1.28,3.863,1.05,1.461,0.028,DLR
928,887,0.0,0.663,1.672,1.004,0.563,0.0,DLR
928,888,0.0,0.451,1.513,1.298,0.314,0.671,DLR
928,890,0.0,1.007,0.39000002,0.8,0.0,0.62,DLR
928,895,0.0,0.0,0.87,1.189,0.337,0.0,DLR
928,897,0.0,11.392,71.47,52.985,38.345,12.606,DLR
928,898,0.0,4.743,28.203001,27.608,15.963,8.946,DLR
928,940,0.0,31.366,264.814,144.216,72.493,29.686,DLR
940,504,0.0,0.116000004,6.043,1.0,1.272,0.533,DLR
940,513,12.083,117.802,495.968,214.989,120.08,24.06,DLR
940,523,0.0,0.557,2.486,0.921,0.413,0.0,DLR
940,533,0.0,0.294,5.583,8.064,1.93,0.0,DLR
940,538,0.0,0.775,3.043,1.814,1.533,1.184,DLR
940,559,0.0,0.832,3.436,4.377,1.281,0.0,DLR
940,573,0.0,0.20899999,0.0,0.0,0.0,0.0,DLR
940,719,4.727,36.752,299.37,134.686,72.935,15.429,DLR
940,749,0.0,0.163,0.229,0.987,1.114,0.0,DLR
940,750,0.253,0.482,1.095,1.3610001,0.707,0.71000004,DLR
940,842,8.573,171.723,851.561,293.546,143.158,45.922,DLR
940,850,0.28,1.45,16.194,11.81,6.937,5.277,DLR
940,851,2.962,20.11,59.095,37.297,15.559,4.136,DLR
940,853,2.508,12.241,30.81,15.164,3.716,3.097,DLR
940,854,0.792,25.289,112.024,44.063,22.541,6.6540003,DLR
940,855,3.627,152.466,547.687,170.394,45.73,30.952,DLR
940,856,1.572,16.308,107.311,68.218,22.729,8.25,DLR
940,857,2.288,9.976,82.381,34.047,13.592999,5.785,DLR
940,858,0.0,6.231,19.847,22.821,11.658,9.326,DLR
940,859,0.0,2.621,14.742,3.873,2.928,1.6,DLR
940,860,2.335,38.905,145.316,66.62,39.787,16.541,DLR
940,861,5.142,45.481,90.848,39.406,21.193,9.56,DLR
940,862,4.835,45.182,168.901,87.592,56.085,11.159,DLR
940,864,0.672,7.081,31.721,10.307,1.806,0.86899996,DLR
940,865,1.396,17.987,79.314,39.787,25.636,6.476,DLR
940,866,0.195,12.364,74.513,24.631,8.3880005,4.407,DLR
940,867,1.08,7.57,18.749,9.262,11.288,4.822,DLR
940,879,1.495,43.923,542.106,130.238,44.588,7.511,DLR
940,882,0.0,0.682,4.5620003,4.481,1.582,0.65099996,DLR
940,883,0.0,2.067,7.8450003,5.051,3.879,1.859,DLR
940,884,1.574,18.723,39.847,27.375,29.928,6.813,DLR
940,886,0.129,2.901,13.548,4.291,5.16,1.35,DLR
940,887,0.172,4.283,10.755,4.523,1.174,3.527,DLR
940,888,0.128,3.691,9.857,4.266,2.96,0.883,DLR
940,889,0.0,0.0,0.719,0.52,0.651,0.885,DLR
940,890,0.069,4.54,12.08,1.473,0.048,0.523,DLR
940,891,0.0,0.79700005,4.937,1.409,0.676,0.0,DLR
940,893,0.0,0.807,5.983,2.237,1.005,0.099,DLR
940,894,0.165,1.346,5.44,3.19,4.767,1.702,DLR
940,895,0.108,1.848,10.742,10.139,3.435,0.888,DLR
940,897,0.603,57.9,349.367,161.431,59.159,21.025,DLR
940,898,0.0,5.167,56.18,27.883,13.634,8.857,DLR
940,928,1.677,19.519001,204.003,69.255,25.915,7.904,DLR
