mode_mnlc_o,mode_mnlc_d,2,3,4,5,6,7,8,mode
560,3000,0.0,0.0,13.741,7.1340003,5.073,0.0,0.0,EZL
560,3087,7.697,189.775,854.561,328.614,152.211,17.253,0.0,EZL
560,3186,2.228,56.999,304.951,298.307,208.851,39.505,0.0,EZL
560,3187,1.253,30.687,340.408,259.072,154.052,25.361,0.0,EZL
560,3188,0.0,0.27899998,13.918,12.007,7.754,0.0,0.0,EZL
560,7090,1.165,27.855,85.868,50.258,12.382,2.049,0.0,EZL
560,7091,69.852,84.022,82.211,59.332,15.068,1.013,0.0,EZL
719,6872,0.438,42.654,160.356,173.285,103.835,33.212,0.002,EZL
719,6874,3.634,123.882,445.516,513.811,355.403,124.301,0.0,EZL
719,6876,6.521,132.666,635.166,555.579,391.89,159.693,0.334,EZL
719,6877,1.017,42.367,201.038,237.655,148.995,63.354,0.0,EZL
719,6878,5.221,132.509,439.966,541.802,371.331,126.425,0.0,EZL
719,6879,0.532,56.104,210.008,243.587,158.894,53.898,0.0,EZL
719,6881,11.744,319.899,1323.868,1223.536,835.45,281.918,0.419,EZL
719,6883,0.038000003,88.559,408.279,459.865,308.055,122.113,0.245,EZL
719,6886,3.859,106.973,469.946,257.9,243.311,99.27,0.728,EZL
719,6888,16.351,12.852,3.568,0.0,0.619,3.207,0.0,EZL
719,6893,10.809999,178.419,421.279,547.563,362.682,121.376,0.0,EZL
719,6965,38.407,228.204,567.065,261.798,124.319,124.057,0.0,EZL
719,6970,1.73,21.66,97.061,104.068,86.683,43.003,0.0,EZL
3000,560,0.0,1.0450001,27.925,4.872,1.317,0.0,0.0,EZL
3000,3087,0.0,0.0,89.087,22.183,6.2580004,0.0,0.0,EZL
3000,3186,0.0,0.772,4.573,1.367,0.93299997,0.0,0.0,EZL
3000,3187,0.0,0.227,4.561,1.578,0.681,0.0,0.0,EZL
3000,3188,0.0,0.098,3.844,0.799,0.717,0.0,0.0,EZL
3087,560,10.783,76.816,525.828,505.519,301.179,62.61,0.0,EZL
3087,3000,0.0,2.289,41.339,46.111,19.724,0.0,0.0,EZL
3087,3186,0.364,55.359,288.46,291.662,212.844,47.917,0.0,EZL
3087,3187,0.202,37.797,357.103,240.378,139.244,22.895,0.0,EZL
3087,3188,0.0,5.592,93.106,85.461,48.057,0.0,0.0,EZL
3087,7090,0.289,55.386,211.21,137.938,36.905,7.857,0.0,EZL
3087,7091,19.144,156.782,348.857,256.90298,100.209,16.187,0.0,EZL
3186,560,21.384,106.739,513.526,134.704,55.977,6.609,0.0,EZL
3186,3000,0.0,0.338,3.1469998,1.7210001,0.67,0.0,0.0,EZL
3186,3087,13.533,166.05,571.216,193.884,84.143,18.386,0.0,EZL
3186,3187,0.074,5.449,49.653,15.5390005,4.419,0.379,0.0,EZL
3186,3188,0.0,0.745,8.128,2.45,1.852,0.0,0.0,EZL
3186,7090,0.151,3.8569999,12.594,3.674,0.939,0.001,0.0,EZL
3186,7091,18.675,16.396,27.406,5.473,7.065,5.999,0.0,EZL
3187,560,18.82,69.974,363.031,136.896,60.82,5.543,0.0,EZL
3187,3000,0.0,0.0,4.732,2.522,1.471,0.0,0.0,EZL
3187,3087,10.235,104.705,303.207,149.421,67.488,15.327,0.0,EZL
3187,3186,0.18599999,2.077,25.93,16.458,6.251,0.273,0.0,EZL
3187,3188,0.0,0.0,5.137,1.682,1.625,0.0,0.0,EZL
3187,7090,0.051,1.975,9.114,2.701,0.965,0.001,0.0,EZL
3187,7091,23.61,5.74,33.422,7.5090003,3.272,0.04,0.0,EZL
3188,560,0.0,0.0,47.066,11.356,5.592,0.0,0.0,EZL
3188,3000,0.0,0.0,3.651,1.888,1.688,0.0,0.0,EZL
3188,3087,0.0,0.0,146.248,48.812,15.162,0.0,0.0,EZL
3188,3186,0.0,0.892,5.948,3.633,1.637,0.0,0.0,EZL
3188,3187,0.0,0.823,5.289,1.595,0.8,0.0,0.0,EZL
6872,719,10.698,82.718,348.355,96.241,44.737,8.151,0.0,EZL
6872,6874,0.008,1.299,8.02,6.108,4.189,2.3930001,0.0,EZL
6872,6876,0.03,0.656,5.568,2.401,1.714,0.442,0.0,EZL
6872,6877,0.002,1.48,8.058,5.4379997,2.971,1.564,0.0,EZL
6872,6878,0.126,2.118,7.0,2.861,1.757,1.272,0.0,EZL
6872,6879,0.165,2.461,9.003,6.922,5.972,2.269,0.0,EZL
6872,6881,0.0,3.7,17.241,5.613,4.079,4.308,0.0,EZL
6872,6883,0.0,1.62,8.386,3.957,3.773,0.47800002,0.0,EZL
6872,6886,0.013,13.394,66.19,18.087,11.55,3.237,0.0,EZL
6872,6888,0.0,6.935,16.103,4.369,3.741,0.36900002,0.0,EZL
6872,6893,0.0,1.17,3.565,2.765,1.597,1.14,0.0,EZL
6872,6965,5.045,46.415,157.216,52.458,22.639,5.594,0.0,EZL
6872,6970,0.008,0.934,4.247,2.685,1.857,0.555,0.0,EZL
6874,719,99.086,324.123,989.324,272.522,117.238,18.129,0.0,EZL
6874,6872,0.302,6.747,9.554,3.236,2.154,0.7,0.0,EZL
6874,6876,0.577,8.07,46.462,11.118,7.045,1.841,0.0,EZL
6874,6877,0.009,2.988,7.1809998,4.824,1.106,1.0370001,0.0,EZL
6874,6878,0.048,1.446,9.72,2.365,1.969,0.329,0.0,EZL
6874,6879,0.009,4.582,12.766,3.42,2.77,1.383,0.0,EZL
6874,6881,1.255,17.557,77.165,16.499,7.611,2.582,0.0,EZL
6874,6883,0.0,7.413,35.387,10.023,8.07,0.401,0.0,EZL
6874,6886,0.052,11.357,109.687004,12.708,7.652,1.8529999,0.0,EZL
6874,6888,0.072,4.607,5.405,1.446,0.342,0.0,0.0,EZL
6874,6893,0.801,0.561,12.49,3.353,2.55,0.322,0.0,EZL
6874,6965,45.814,132.327,283.83398,102.917,48.609,15.679,0.0,EZL
6874,6970,0.26500002,6.131,18.973,7.743,5.011,0.56200004,0.0,EZL
6876,719,76.583,416.824,1299.405,397.055,175.405,25.06,0.0,EZL
6876,6872,0.095,1.638,3.455,2.231,0.722,0.847,0.0,EZL
6876,6874,0.023,5.645,34.061,18.592,9.373,2.2979999,0.0,EZL
6876,6877,0.019,1.628,7.261,2.282,2.74,0.124,0.0,EZL
6876,6878,0.314,5.162,36.083,14.959,10.065001,2.955,0.0,EZL
6876,6879,0.031,2.848,8.577,2.748,2.111,0.67,0.0,EZL
6876,6881,0.495,11.964,91.828,34.542,13.495,4.267,0.0,EZL
6876,6883,0.0,1.071,9.844,7.613,4.653,0.735,0.0,EZL
6876,6886,0.084,6.771,50.627,19.443,11.358,2.309,0.0,EZL
6876,6888,0.297,1.435,2.8600001,1.021,0.296,0.139,0.0,EZL
6876,6893,0.0,4.957,23.809,14.352,9.431,2.2810001,0.0,EZL
6876,6965,36.454998,164.977,356.112,123.995,62.663002,25.975,0.0,EZL
6876,6970,0.38,3.273,23.345,6.859,4.027,0.50699997,0.0,EZL
6877,719,50.549,133.858,518.036,143.678,45.943,7.39,0.0,EZL
6877,6872,0.0,2.726,10.257,3.7779999,2.435,0.678,0.0,EZL
6877,6874,0.115,2.321,8.41,3.179,2.161,1.1719999,0.0,EZL
6877,6876,0.552,3.475,8.118,2.747,1.549,1.262,0.0,EZL
6877,6878,0.2,3.12,9.53,3.168,2.025,1.644,0.0,EZL
6877,6879,0.0,0.621,4.118,2.886,1.191,0.199,0.0,EZL
6877,6881,1.678,6.31,22.558,8.964,4.529,1.76,0.0,EZL
6877,6883,0.0,3.126,10.293,5.117,1.834,1.9300001,0.0,EZL
6877,6886,0.43199998,8.097,48.187,6.407,2.534,0.302,0.0,EZL
6877,6888,0.0,1.064,4.424,1.996,1.022,0.231,0.0,EZL
6877,6893,0.235,1.567,4.714,2.973,1.162,0.356,0.0,EZL
6877,6965,23.751,79.439,239.268,63.431,28.655,2.0279999,0.0,EZL
6877,6970,0.30400002,1.1949999,4.973,1.86,2.32,0.318,0.0,EZL
6878,719,95.951004,347.131,915.676,276.498,129.796,29.868,0.0,EZL
6878,6872,0.308,3.4520001,7.091,2.731,1.5929999,0.179,0.0,EZL
6878,6874,0.021,1.263,10.704,4.906,2.413,0.469,0.0,EZL
6878,6876,0.268,7.702,45.438,14.267,7.111,0.763,0.0,EZL
6878,6877,0.006,4.4700003,6.2070003,3.303,1.99,0.414,0.0,EZL
6878,6879,0.0,2.537,9.794,4.87,2.06,0.88600004,0.0,EZL
6878,6881,0.682,8.616,95.992,20.902,9.761,1.022,0.0,EZL
6878,6883,0.0,5.738,31.758,13.019,8.325,1.22,0.0,EZL
6878,6886,0.041,10.398,73.049,15.37,8.061,1.33,0.0,EZL
6878,6888,0.0,0.97,3.478,1.4860001,0.918,0.318,0.0,EZL
6878,6893,0.0,1.71,7.34,2.552,1.227,0.062,0.0,EZL
6878,6965,22.468,126.694,198.385,86.592,35.947,11.442,0.0,EZL
6878,6970,0.0,3.993,21.051,8.071,5.305,0.649,0.0,EZL
6879,719,14.129,170.537,479.489,134.863,56.049,7.389,0.0,EZL
6879,6872,0.0,6.076,16.128,4.167,2.202,0.592,0.0,EZL
6879,6874,0.0,4.3519998,10.051,5.655,4.262,1.4760001,0.0,EZL
6879,6876,0.0,1.405,8.726,3.913,2.962,0.452,0.0,EZL
6879,6877,0.007,1.517,4.0889997,1.591,0.622,0.092999995,0.0,EZL
6879,6878,0.087,4.238,11.01,3.833,0.844,0.846,0.0,EZL
6879,6881,0.716,11.249,25.928,9.283,4.424,0.849,0.0,EZL
6879,6883,0.0,0.792,9.383,5.2269998,2.805,0.92,0.0,EZL
6879,6886,0.06,12.9279995,90.698,12.172,4.64,0.788,0.0,EZL
6879,6888,0.0,5.287,6.9309998,2.444,1.368,0.114,0.0,EZL
6879,6893,0.331,6.616,5.94,1.781,0.90400004,0.936,0.0,EZL
6879,6965,26.293001,89.776,185.226,64.955,27.367,3.066,0.0,EZL
6879,6970,0.108,2.782,5.984,4.074,2.818,0.259,0.0,EZL
6881,719,198.371,836.498,2504.531,802.449,343.449,64.841,0.0,EZL
6881,6872,0.184,6.404,15.86,5.565,4.461,1.212,0.0,EZL
6881,6874,0.069,7.628,54.527,33.778,13.012,4.658,0.0,EZL
6881,6876,1.306,11.044001,92.731,36.835,16.386,2.828,0.0,EZL
6881,6877,0.054,8.079,16.786,8.778,6.388,1.684,0.0,EZL
6881,6878,0.082,7.033,72.91,32.436,14.807,4.132,0.0,EZL
6881,6879,0.027,8.29,19.577,12.166,8.762,2.401,0.0,EZL
6881,6883,0.0,5.223,39.443,18.127,6.272,1.2900001,0.0,EZL
6881,6886,0.247,28.577,155.943,46.193,21.03,5.326,0.0,EZL
6881,6888,0.326,3.925,4.756,3.179,0.551,0.563,0.0,EZL
6881,6893,1.164,4.327,69.662,36.887,13.642,2.342,0.0,EZL
6881,6965,82.239,286.067,588.565,198.436,113.828,41.309,0.0,EZL
6881,6970,0.44700003,9.289,47.985,20.714,13.343,2.918,0.0,EZL
6883,719,54.36,303.651,877.091,266.603,99.146,16.223,0.0,EZL
6883,6872,0.0,2.74,8.1449995,5.634,2.775,0.883,0.0,EZL
6883,6874,0.0,4.581,26.197,13.574,12.603,1.097,0.0,EZL
6883,6876,0.0,1.308,16.79,6.797,2.812,0.35,0.0,EZL
6883,6877,0.012,2.193,9.436,5.25,1.97,1.033,0.0,EZL
6883,6878,0.038,3.071,32.321,12.917,6.238,1.204,0.0,EZL
6883,6879,0.029,5.017,5.675,3.3439999,2.499,0.594,0.0,EZL
6883,6881,0.124,3.25,40.584,15.649,5.999,0.484,0.0,EZL
6883,6886,0.019,12.322,64.487,18.223,10.533,3.027,0.0,EZL
6883,6888,0.143,1.025,3.3240001,0.882,0.384,0.036,0.0,EZL
6883,6893,0.0,3.803,14.942,11.381,8.128,1.357,0.0,EZL
6883,6965,35.309002,126.65,270.052,93.459,41.385002,17.349,0.0,EZL
6883,6970,0.102,10.292,22.897,8.136,3.2319999,0.84,0.0,EZL
6886,719,111.179,245.798,686.176,302.673,122.37,24.576,0.0,EZL
6886,6872,0.0,13.439,44.454998,35.349,17.173,4.955,0.072,EZL
6886,6874,0.26999998,6.1289997,63.690998,40.239002,14.177,5.055,0.0,EZL
6886,6876,1.0139999,6.343,44.11,21.803999,11.858,3.552,0.0,EZL
6886,6877,0.0,2.323,26.208,14.731,5.557,2.577,0.142,EZL
6886,6878,0.417,7.552,54.388,29.105,11.159,3.42,0.0,EZL
6886,6879,0.0,3.29,57.322,29.568,11.919,6.19,0.124,EZL
6886,6881,2.795,20.031,110.232,63.843,24.299,5.9890003,0.0,EZL
6886,6883,0.0,10.658,49.486,29.238,15.002,2.828,0.0,EZL
6886,6888,0.0,4.561,10.998,7.459,3.499,0.795,0.113,EZL
6886,6893,0.568,4.549,32.499,24.035,8.003,2.574,0.0,EZL
6886,6965,69.532,138.886,353.657,137.634,67.592,19.171,0.0,EZL
6886,6970,0.194,5.131,24.682,10.413,6.439,2.712,0.0,EZL
6888,719,4.129,10.354,0.622,1.363,0.767,1.678,0.0,EZL
6888,6872,0.226,3.024,11.698,5.51,3.256,0.175,0.0,EZL
6888,6874,0.077999994,1.356,3.059,2.573,3.7979999,0.188,0.0,EZL
6888,6876,0.234,0.466,2.194,0.98300004,1.047,0.157,0.0,EZL
6888,6877,0.0,1.279,3.977,1.75,1.112,0.15900001,0.0,EZL
6888,6878,0.0,0.65,2.124,1.729,0.759,0.357,0.0,EZL
6888,6879,0.029,0.871,4.416,2.138,1.3889999,0.522,0.0,EZL
6888,6881,0.069,0.34,4.659,2.287,1.387,0.04,0.0,EZL
6888,6883,0.0,0.486,2.8339999,1.118,0.59499997,0.141,0.0,EZL
6888,6886,0.031,2.942,12.433,4.022,3.8240001,0.37,0.0,EZL
6888,6893,0.65,0.788,1.701,1.128,0.198,0.0,0.0,EZL
6888,6965,2.493,12.756,24.074,8.967,6.557,3.119,0.0,EZL
6888,6970,0.0,0.0,0.408,0.717,0.197,0.061,0.0,EZL
6893,719,101.027,397.661,876.904,236.247,102.241,28.987,0.0,EZL
6893,6872,0.034,3.011,4.213,1.6489999,1.699,0.017,0.0,EZL
6893,6874,0.0,1.337,7.481,3.0,1.455,0.526,0.0,EZL
6893,6876,1.136,9.179,29.766,11.224,5.53,0.772,0.0,EZL
6893,6877,0.029,3.312,3.911,2.989,1.1159999,0.326,0.0,EZL
6893,6878,0.0,1.307,7.104,2.349,1.314,0.242,0.0,EZL
6893,6879,0.044,1.678,6.44,1.998,1.482,0.36,0.0,EZL
6893,6881,1.279,13.652,107.963,17.82,9.138,2.873,0.0,EZL
6893,6883,0.0,4.739,23.404,8.597,4.064,1.242,0.0,EZL
6893,6886,0.04,10.614,51.877,8.971,3.942,1.303,0.0,EZL
6893,6888,0.0,0.875,2.383,0.467,0.338,0.139,0.0,EZL
6893,6965,35.27,108.998,210.96,77.426,38.563,11.952,0.0,EZL
6893,6970,1.099,2.964,18.635,4.5230002,3.732,0.784,0.0,EZL
6965,719,14.228,78.179,530.186,359.438,200.38,164.922,0.0,EZL
6965,6872,1.035,23.578001,121.103,107.493,88.183,34.187,0.0,EZL
6965,6874,1.5289999,61.351,243.73201,238.017,175.286,92.416,0.0,EZL
6965,6876,3.764,47.6,274.108,257.395,197.591,103.638,0.0,EZL
6965,6877,0.677,22.491,172.076,185.315,130.405,55.585,0.0,EZL
6965,6878,3.154,49.62,160.647,159.852,143.683,79.088,0.0,EZL
6965,6879,0.885,31.528,152.028,160.806,120.896,59.88,0.0,EZL
6965,6881,8.469,110.775,475.575,393.786,330.81302,155.895,0.0,EZL
6965,6883,0.0,42.979,199.12,207.902,142.0,86.786,0.0,EZL
6965,6886,0.592,71.198,413.867,321.901,248.186,94.302,0.0,EZL
6965,6888,11.797,10.368,23.890999,11.695,15.371,10.801,0.0,EZL
6965,6893,0.095,71.69,142.81,185.105,152.411,76.499,0.0,EZL
6965,6970,2.5,18.001,96.203,111.865,81.489,58.276,0.0,EZL
6970,719,16.566,100.202,261.674,105.221,47.795002,9.778,0.0,EZL
6970,6872,0.031,1.362,3.686,1.854,1.194,0.61800003,0.0,EZL
6970,6874,0.79800004,5.338,15.3810005,7.5,8.906,1.28,0.0,EZL
6970,6876,0.097,1.809,11.868,4.194,3.059,1.009,0.0,EZL
6970,6877,0.0,2.394,5.738,1.841,2.154,1.315,0.0,EZL
6970,6878,0.45599997,2.838,13.725,7.605,5.896,3.53,0.0,EZL
6970,6879,0.12799999,3.477,4.705,1.71,1.164,0.311,0.0,EZL
6970,6881,0.484,7.652,44.522,19.878,11.83,3.5939999,0.0,EZL
6970,6883,0.0,3.023,14.004,9.048,7.2990003,0.846,0.0,EZL
6970,6886,0.157,8.157,25.825,12.227,7.066,1.74,0.0,EZL
6970,6888,0.0,0.18100001,1.122,0.343,0.0,0.0,0.0,EZL
6970,6893,0.0,4.179,12.212,8.698,5.121,1.391,0.0,EZL
6970,6965,18.501999,74.51,175.358,60.485,34.421,16.186,0.0,EZL
7090,560,0.382,9.769,40.105,26.365,33.838,15.261,0.0,EZL
7090,3087,0.622,55.231,141.743,66.528,89.338,46.733,0.0,EZL
7090,3186,0.001,1.761,8.098,3.674,6.125,2.566,0.0,EZL
7090,3187,0.015000001,0.71500003,16.235,3.808,5.148,4.747,0.0,EZL
7090,7091,33.467,104.187996,219.857,111.763,87.586,27.466,0.0,EZL
7091,560,18.14,47.108,58.058,39.989,39.217,16.438,0.0,EZL
7091,3087,13.902,222.11299,387.707,241.399,170.525,83.609,0.0,EZL
7091,3186,1.5680001,7.798,23.967,5.371,6.671,3.5600002,0.0,EZL
7091,3187,0.007,3.2129998,18.1,5.452,5.968,5.517,0.0,EZL
7091,7090,65.795,160.837,231.33301,119.032,67.095,13.598001,0.0,EZL
