Mode,Segment,Distress
tube,"(0, 231)",1.0000000000000036
tube,"(231, 213)",1.049463511733275
tube,"(213, 183)",1.0659539165584009
tube,"(183, 94)",1.1241718374788912
tube,"(94, 15)",5.844998022990825
tube,"(15, 62)",0.9999999999999984
tube,"(62, 84)",1.4404140193701322
tube,"(84, 202)",2.1259260070873744
tube,"(202, 198)",2.8821951312230554
tube,"(198, 239)",3.018042340083536
tube,"(239, 90)",2.208457717192774
tube,"(90, 169)",0.7013924383351432
tube,"(169, 242)",1.6185637316384018
tube,"(242, 76)",2.640222162789695
tube,"(76, 34)",1.0000000000000007
tube,"(34, 122)",11.339508016295708
tube,"(122, 230)",6.416548862553393
tube,"(230, 6)",8.95134127379652
tube,"(90, 257)",1.1209077521722028
tube,"(257, 244)",1.5379003636695527
tube,"(244, 11)",1.5412291142373116
tube,"(11, 137)",1.8958322677974557
tube,"(137, 1)",1.296689303327597
tube,"(76, 127)",2.665041325636103
tube,"(127, 5)",1.2919560967912824
tube,"(0, 61)",6.285235272824348
tube,"(61, 155)",5.725943750870151
tube,"(155, 171)",7.967746936363824
tube,"(171, 3)",12.438371775778105
tube,"(3, 220)",10.953482939238963
tube,"(220, 219)",11.258733804126534
tube,"(219, 201)",9.477057291222204
tube,"(201, 184)",9.709090365016978
tube,"(184, 253)",10.434921523537207
tube,"(253, 100)",7.783016219382015
tube,"(100, 157)",15.563378831831542
tube,"(157, 176)",13.770752808067334
tube,"(176, 162)",19.388702525191846
tube,"(162, 163)",13.33052129877182
tube,"(163, 148)",19.74457739912628
tube,"(148, 188)",25.798022050986596
tube,"(188, 47)",31.75116536628732
tube,"(47, 40)",28.919116213272414
tube,"(40, 4)",30.2417749436697
tube,"(127, 107)",2.691859626843099
tube,"(107, 81)",2.274364175671158
tube,"(81, 141)",8.426450201377495
tube,"(141, 232)",19.24384236282902
tube,"(232, 264)",7.347643075321683
tube,"(264, 26)",12.55516947650418
tube,"(26, 7)",9.126236709485404
tube,"(127, 33)",2.471051808617604
tube,"(33, 112)",1.767408379763491
tube,"(112, 8)",2.4017047448839723
tube,"(137, 20)",4.392537858495792
tube,"(20, 145)",4.223645217259459
tube,"(145, 27)",1.4691315939415628
tube,"(27, 30)",0.6341164473038015
tube,"(127, 78)",1.246687655163526
tube,"(78, 12)",0.6475986842819306
tube,"(90, 174)",1.4256216453878627
tube,"(174, 43)",0.7770719906621625
tube,"(43, 73)",0.6629357622061339
tube,"(73, 222)",4.541458111840816
tube,"(222, 21)",4.081061766861923
tube,"(244, 209)",5.114795765186504
tube,"(209, 138)",7.946927356703693
tube,"(138, 19)",9.929640436908283
tube,"(19, 35)",6.82396720552214
tube,"(35, 36)",8.575776200973156
tube,"(36, 156)",7.1318184514642935
tube,"(156, 37)",6.970533355938351
tube,"(37, 251)",8.135995281740477
tube,"(251, 177)",8.312021418636315
tube,"(177, 236)",11.136142497380611
tube,"(236, 65)",9.75468758868279
tube,"(65, 13)",16.726186666696975
tube,"(145, 218)",3.820059410054055
tube,"(218, 135)",14.509640377403628
tube,"(135, 136)",13.153829301351601
tube,"(136, 199)",14.188534102787573
tube,"(199, 206)",10.9043951818119
tube,"(206, 266)",14.508694092081567
tube,"(266, 31)",21.64618065927552
tube,"(239, 175)",4.793188466145245
tube,"(175, 238)",4.286911338136771
tube,"(238, 216)",3.8512843493205766
tube,"(216, 49)",8.367329317573715
tube,"(49, 48)",5.894209428463382
tube,"(48, 50)",9.987604886470406
tube,"(50, 10)",9.079454795400986
tube,"(81, 195)",28.914305360796007
tube,"(195, 227)",9.072083389787505
tube,"(227, 22)",12.2974494724559
tube,"(62, 106)",1.7931534098465318
tube,"(106, 164)",4.12228339468206
tube,"(164, 182)",2.1304817243298455
tube,"(182, 132)",2.478529743141167
tube,"(132, 143)",2.9512198997489434
tube,"(143, 23)",3.1086318905854284
tube,"(138, 24)",-3.0786980447083803
tube,"(0, 200)",15.860676401584916
tube,"(200, 159)",3.401046198244924
tube,"(159, 25)",7.19573490547447
tube,"(164, 16)",3.815584828786728
tube,"(16, 170)",4.7395007031807435
tube,"(170, 68)",1.07196118931553
tube,"(68, 144)",1.1712871613753209
tube,"(144, 9)",1.3395285089347726
tube,"(34, 41)",8.132451463386959
tube,"(41, 18)",9.647004259227101
tube,"(18, 96)",8.849848514571212
tube,"(96, 85)",17.20817256458499
tube,"(85, 28)",12.428611072879997
tube,"(28, 104)",9.554630097639906
tube,"(104, 52)",19.143936452943205
tube,"(52, 32)",10.756027719668987
tube,"(216, 29)",10.929747560537303
tube,"(174, 134)",0.8178436514596875
tube,"(134, 54)",0.767991644654717
tube,"(54, 110)",0.6051208906677856
tube,"(110, 42)",2.159598016740727
tube,"(7, 208)",16.025767991775307
tube,"(208, 165)",14.410711540705808
tube,"(165, 51)",9.493317167888701
tube,"(100, 161)",10.920297287271453
tube,"(161, 178)",14.543716569771439
tube,"(178, 247)",12.237516835376033
tube,"(247, 128)",21.08651173005541
tube,"(128, 181)",9.600168515180194
tube,"(181, 39)",14.140329582070011
tube,"(10, 224)",8.676803173858147
tube,"(224, 225)",8.782379387426287
tube,"(225, 53)",10.515700069281113
tube,"(21, 142)",3.909970239139392
tube,"(142, 38)",1.5276450488634772
tube,"(0, 46)",1.9999999999999998
tube,"(13, 235)",12.24642250506219
tube,"(235, 17)",15.816186017835413
tube,"(17, 57)",12.304383978133114
tube,"(9, 211)",1.425284117718424
tube,"(211, 221)",1.1967515584238517
tube,"(221, 80)",1.0907919491106075
tube,"(80, 252)",6.251371861040757
tube,"(252, 126)",7.030997741411934
tube,"(126, 260)",6.298136921202381
tube,"(260, 59)",4.629832057458262
tube,"(244, 131)",4.280685836302032
tube,"(131, 71)",6.415849417721833
tube,"(184, 67)",16.257814101296404
tube,"(61, 60)",6.495058497185404
tube,"(60, 248)",11.81066830432719
tube,"(248, 154)",11.38601416213581
tube,"(154, 63)",0.5974291819197003
tube,"(6, 108)",13.441044771472816
tube,"(108, 64)",15.039541067404189
tube,"(32, 70)",12.258880427550595
tube,"(62, 249)",4.553360681088517
tube,"(249, 82)",5.997023376035492
tube,"(82, 172)",5.671890007622617
tube,"(172, 179)",7.408191619358009
tube,"(179, 66)",8.199192178605507
tube,"(170, 69)",3.8708410905664214
tube,"(136, 241)",10.48237038943621
tube,"(241, 185)",7.850868748741977
tube,"(185, 83)",8.653373099608233
tube,"(83, 153)",6.643337668322871
tube,"(153, 14)",3.629660355768503
tube,"(14, 77)",2.7046476723956383
tube,"(64, 79)",21.47360288394373
tube,"(231, 92)",11.858197551286093
tube,"(169, 226)",0.5394199077732457
tube,"(226, 87)",0.09495954243177197
tube,"(154, 97)",21.034705647780346
tube,"(97, 173)",20.538615319858604
tube,"(173, 91)",14.9193605932629
tube,"(170, 190)",6.320873883623022
tube,"(190, 256)",6.833217694198078
tube,"(256, 130)",6.6481459014303805
tube,"(130, 133)",5.844594123277612
tube,"(133, 265)",5.242219095874144
tube,"(265, 197)",3.727311665751341
tube,"(197, 86)",1.9833594293177603
tube,"(9, 89)",2.3404466223621685
tube,"(79, 250)",7.892828127492573
tube,"(250, 267)",8.769904602012412
tube,"(267, 228)",12.645505402822899
tube,"(228, 105)",21.5251601830844
tube,"(67, 192)",9.4226310746716
tube,"(192, 193)",5.520412052731289
tube,"(193, 118)",15.4010724737608
tube,"(118, 109)",9.689691615298596
tube,"(25, 167)",21.78813061952806
tube,"(167, 115)",7.442014786732199
tube,"(115, 114)",6.337671672813423
tube,"(114, 116)",12.08214625246332
tube,"(116, 101)",22.540015146008898
tube,"(90, 117)",5.992147613864332
tube,"(164, 111)",5.675653423807622
tube,"(101, 103)",16.810737002105903
tube,"(103, 102)",23.641857347820288
tube,"(117, 129)",4.803989702483342
tube,"(244, 119)",2.5476223764933246
tube,"(62, 121)",10.106381673899106
tube,"(170, 243)",7.318319441100272
tube,"(243, 140)",6.37584157808884
tube,"(140, 125)",6.250699100898181
tube,"(92, 124)",15.807965917618693
tube,"(31, 139)",14.57792069344071
tube,"(53, 205)",8.189311885356794
tube,"(205, 150)",12.781207934966194
tube,"(5, 166)",0.6202317538115166
tube,"(166, 149)",0.9056275408348101
tube,"(76, 151)",1.9999999999999993
tube,"(91, 160)",14.990583327464215
tube,"(216, 168)",3.197145324144208
tube,"(125, 180)",5.234004845480743
tube,"(9, 186)",0.163685675850146
tube,"(124, 187)",15.013792677820712
tube,"(110, 194)",0.6904186714801738
tube,"(111, 196)",7.844207967475582
tube,"(66, 207)",14.017295048705002
tube,"(145, 215)",4.966672201558738
tube,"(239, 210)",0.43892667556684384
tube,"(42, 212)",2.1662499930723818
tube,"(39, 214)",12.7526744511729
tube,"(38, 147)",2.0992044426731358
tube,"(147, 229)",3.422662452202363
tube,"(57, 56)",11.115545282233708
tube,"(56, 72)",20.495799043990388
tube,"(72, 113)",12.993004400927903
tube,"(113, 233)",10.599075341384902
tube,"(233, 234)",7.4682617027418905
tube,"(109, 237)",17.065694595746802
tube,"(196, 258)",5.752019565466337
tube,"(207, 262)",10.6242890266477
tube,"(262, 263)",12.615915344199102
tube,"(15, 254)",3.719571011547509
tube,"(1, 259)",3.4827000807113757
tube,"(22, 240)",14.38157425612239
tube,"(6, 230)",8.951341273796531
tube,"(230, 122)",6.416548862553377
tube,"(122, 34)",9.339508016295673
tube,"(34, 151)",1.0155733622916978
tube,"(151, 76)",1.078285124793475
tube,"(76, 242)",1.3786243337243171
tube,"(242, 169)",0.883792805171164
tube,"(169, 23)",1.166318042198959
tube,"(23, 143)",3.0807742435406094
tube,"(143, 132)",3.1583537308685874
tube,"(132, 182)",2.853117733450265
tube,"(182, 164)",2.5939305828978125
tube,"(164, 106)",2.59457798864462
tube,"(106, 62)",1.3259257323753897
tube,"(62, 15)",0.0
tube,"(15, 94)",3.9587800731219143
tube,"(94, 231)",0.0
tube,"(231, 0)",1.0000000000000004
tube,"(12, 149)",0.9655744997139983
tube,"(149, 137)",1.997920112405703
tube,"(137, 2)",1.5328039203388923
tube,"(30, 251)",0.43569614370444154
tube,"(226, 134)",0.2912344523789099
tube,"(134, 43)",0.3051137276641186
tube,"(169, 90)",0.981876883247099
tube,"(90, 239)",2.558259563222801
tube,"(127, 194)",1.2076263646431689
tube,"(194, 110)",1.2280339750250113
tube,"(212, 11)",2.0008922160688063
tube,"(23, 9)",1.4753310780152962
tube,"(110, 54)",0.6927587424136694
tube,"(231, 46)",3.988975322015958
tube,"(139, 58)",18.07918676592721
tube,"(258, 63)",11.22172457217152
tube,"(63, 154)",8.202676144825832
tube,"(154, 248)",5.615368247639569
tube,"(248, 60)",5.373070548521681
tube,"(60, 61)",4.823969509910939
tube,"(58, 223)",29.24011699390029
tube,"(223, 74)",23.4839923306459
tube,"(9, 144)",1.351417588701065
tube,"(144, 68)",1.1549549370331396
tube,"(9, 69)",2.997405115642658
tube,"(242, 87)",0.3442621459273026
tube,"(68, 170)",1.039588578984623
tube,"(127, 75)",2.158797455112022
tube,"(75, 89)",2.1852851341199817
tube,"(239, 198)",3.3528588549890674
tube,"(198, 202)",3.1326967939026265
tube,"(202, 84)",2.069654474657956
tube,"(77, 93)",1.552018068254739
tube,"(80, 247)",1.9563410708936522
tube,"(247, 178)",12.377748597038188
tube,"(178, 161)",14.73766030657983
tube,"(161, 100)",10.091255352055965
tube,"(86, 95)",7.497367061513977
tube,"(180, 120)",11.745367829997592
tube,"(120, 261)",10.506165152257006
tube,"(261, 98)",8.457887231845005
tube,"(79, 146)",12.574659086514202
tube,"(59, 152)",4.358919845495281
tube,"(119, 168)",2.185291951457407
tube,"(169, 174)",0.0
tube,"(94, 183)",3.0871346621904907
tube,"(100, 253)",8.859042620237467
tube,"(253, 184)",10.694506039576758
tube,"(183, 213)",2.5909762753549033
tube,"(160, 204)",21.046736637423383
tube,"(2, 229)",0.1909051929239594
tube,"(62, 254)",1.9973209921695632
tube,"(204, 191)",8.250721160169872
tube,"(191, 255)",19.31441124031841
tube,"(98, 217)",13.11743742532441
tube,"(217, 246)",15.250993258748718
tube,"(1, 229)",1.2443904974624205
tube,"(229, 147)",2.192790997182965
tube,"(147, 38)",1.4877607753739694
tube,"(38, 142)",1.1354840351742759
tube,"(142, 21)",2.5505317504604808
tube,"(21, 222)",2.944294439907002
tube,"(222, 73)",3.3548540465391734
tube,"(73, 257)",1.0685827214318364
tube,"(257, 210)",1.0631723289628208
tube,"(210, 239)",1.0988043904571079
tube,"(84, 62)",1.452114580655172
tube,"(1, 137)",2.1614786335508063
tube,"(137, 149)",2.0468927133191936
tube,"(149, 166)",1.4145844294145324
tube,"(166, 5)",1.308539830418114
tube,"(5, 127)",1.9407607167259033
tube,"(127, 76)",1.120401144554576
tube,"(229, 2)",0.836434112334265
tube,"(137, 11)",2.1366677821921107
tube,"(11, 212)",1.4803793415115516
tube,"(212, 42)",1.5393043448310357
tube,"(42, 110)",1.5728022408604476
tube,"(110, 226)",0.7536900186744753
tube,"(226, 169)",0.8295749583273974
tube,"(81, 8)",3.3766965706454477
tube,"(259, 215)",5.148158986069801
tube,"(215, 145)",4.750049560262615
tube,"(149, 12)",4.874115253795722
tube,"(11, 244)",2.6125994884236934
tube,"(168, 216)",2.3206380162078992
tube,"(251, 37)",7.610722720328585
tube,"(73, 43)",0.7486244776828779
tube,"(12, 78)",1.7891447829788234
tube,"(257, 90)",0.9840223742019572
tube,"(246, 158)",10.431874677575506
tube,"(158, 203)",7.081810596431093
tube,"(203, 123)",12.104137966388803
tube,"(123, 99)",16.256267708257106
tube,"(43, 134)",0.8136085452883351
tube,"(37, 156)",6.713501461636
tube,"(43, 174)",0.0
tube,"(169, 186)",1.2712780290532515
tube,"(184, 201)",10.495351551128294
tube,"(89, 9)",2.390370763914603
tube,"(218, 251)",4.481574902224473
tube,"(170, 16)",5.157235213064268
tube,"(40, 44)",46.20038484573799
tube,"(266, 189)",6.301172581433319
tube,"(189, 45)",5.84220584877093
tube,"(148, 55)",16.1818495650263
tube,"(134, 174)",0.7563503364949846
tube,"(55, 245)",17.43855807873589
tube,"(2, 137)",1.988759668425349
tube,"(244, 257)",0.8888257466763041
tube,"(229, 1)",2.6537981918356692
tube,"(244, 73)",0.7843396425427117
tube,"(3, 171)",12.989525357185817
tube,"(171, 155)",8.214188166196744
tube,"(155, 61)",5.897573211790146
tube,"(61, 0)",5.506389805715706
tube,"(210, 257)",0.20065796294987456
tube,"(4, 40)",30.241774943669682
tube,"(40, 47)",29.919116213272407
tube,"(47, 188)",30.75116536628728
tube,"(188, 148)",26.798022050986596
tube,"(148, 163)",19.744577399126328
tube,"(163, 162)",13.330521298771798
tube,"(162, 176)",19.388702525191754
tube,"(176, 157)",13.770752808067288
tube,"(157, 100)",14.563378831831475
tube,"(201, 219)",10.804576587437039
tube,"(219, 220)",12.09206927729316
tube,"(220, 3)",11.692416886260704
tube,"(247, 80)",1.9947376542515014
tube,"(80, 221)",2.065997891670786
tube,"(221, 211)",2.2067474750338665
tube,"(211, 9)",2.399218117664744
tube,"(186, 169)",0.17316549529596773
tube,"(89, 75)",2.228498929696412
tube,"(75, 127)",2.3271749292669823
tube,"(9, 23)",0.9920140686630351
tube,"(23, 90)",0.7936858352569149
tube,"(247, 152)",5.134680960809627
tube,"(152, 59)",3.6516992054005195
tube,"(16, 164)",4.136530129648267
tube,"(226, 110)",0.6499394561618441
tube,"(59, 260)",4.057176910634011
tube,"(260, 126)",5.856682376618536
tube,"(126, 252)",6.00970214792705
tube,"(7, 26)",10.126236709485397
tube,"(26, 264)",12.5551694765042
tube,"(264, 232)",8.347643075321697
tube,"(232, 141)",19.243842362829007
tube,"(141, 81)",8.426450201377493
tube,"(81, 107)",2.312651518217365
tube,"(107, 127)",2.6282420808152653
tube,"(73, 244)",0.0
tube,"(8, 112)",2.070440537151478
tube,"(112, 33)",1.6146098072367863
tube,"(33, 127)",2.3330045638353276
tube,"(8, 81)",4.655314510098648
tube,"(30, 27)",1.4143272566952838
tube,"(27, 145)",1.9856010112564042
tube,"(145, 20)",3.8800362504428
tube,"(20, 137)",4.09840409064796
tube,"(215, 259)",5.445374479084902
tube,"(259, 1)",3.6324624148806643
tube,"(251, 218)",4.56608231561517
tube,"(156, 36)",7.089962087102128
tube,"(36, 35)",8.53819711909246
tube,"(35, 19)",6.759196286968774
tube,"(19, 138)",9.872773787467933
tube,"(78, 127)",2.827037075616553
tube,"(17, 235)",15.816186017835424
tube,"(235, 13)",11.246422505062215
tube,"(13, 65)",17.726186666696968
tube,"(65, 236)",9.75468758868279
tube,"(236, 177)",11.136142497380613
tube,"(177, 251)",7.312021418636303
tube,"(138, 209)",8.494747735794704
tube,"(209, 244)",5.069339725629745
tube,"(251, 30)",1.29791736446852
tube,"(90, 23)",0.8397581031898197
tube,"(84, 106)",2.8989328848219253
tube,"(14, 153)",3.5501161053618078
tube,"(153, 83)",6.826058567405132
tube,"(83, 185)",9.189013765091769
tube,"(185, 241)",7.9828970485538076
tube,"(241, 136)",10.090069665953461
tube,"(136, 135)",14.153829301351623
tube,"(135, 218)",14.509640377403606
tube,"(218, 145)",3.2036740471691867
tube,"(93, 88)",6.429808622441066
tube,"(88, 45)",4.909369431064581
tube,"(45, 189)",5.9393384991249505
tube,"(189, 266)",6.3759227772881
tube,"(266, 206)",14.5032616434312
tube,"(134, 226)",0.7991647320455633
tube,"(87, 242)",0.09033628919680503
tube,"(194, 127)",0.7012816502903009
tube,"(31, 266)",21.646180659275494
tube,"(206, 199)",10.887510930585306
tube,"(199, 136)",13.206803145561532
tube,"(45, 88)",4.789765747275361
tube,"(88, 93)",6.769530081727619
tube,"(93, 77)",1.57239573140014
tube,"(77, 14)",2.6287111073927747
tube,"(54, 134)",0.314389459855481
tube,"(10, 50)",9.079454795400999
tube,"(50, 48)",10.98760488647044
tube,"(48, 49)",5.894209428463375
tube,"(49, 216)",8.36732931757371
tube,"(216, 238)",3.5227902334864902
tube,"(238, 175)",3.9991531010865287
tube,"(175, 239)",4.414035885243447
tube,"(168, 119)",2.990600669859893
tube,"(119, 244)",3.3750475938481315
tube,"(22, 227)",12.297449472455881
tube,"(227, 195)",8.0720833897875
tube,"(195, 81)",28.914305360795982
tube,"(23, 169)",1.6180366942489874
tube,"(106, 84)",3.1323949680823313
tube,"(24, 138)",-3.0786980447083794
tube,"(24, 71)",-2.044315953795971
tube,"(25, 159)",5.195734905474458
tube,"(159, 200)",4.401046198244917
tube,"(200, 0)",14.860676401584888
tube,"(32, 52)",10.756027719668996
tube,"(52, 104)",19.14393645294319
tube,"(104, 28)",9.554630097639906
tube,"(28, 85)",11.428611072880011
tube,"(85, 96)",18.208172564584995
tube,"(96, 18)",8.849848514571207
tube,"(18, 41)",9.6470042592271
tube,"(41, 34)",7.132451463386952
tube,"(29, 216)",9.929747560537301
tube,"(87, 226)",0.1542714523567008
tube,"(174, 90)",0.714060595483111
tube,"(51, 165)",9.49331716788869
tube,"(165, 208)",15.410711540705817
tube,"(208, 7)",14.025767991775309
tube,"(39, 181)",14.140329582069986
tube,"(181, 128)",9.6001685151802
tube,"(128, 247)",20.086511730055406
tube,"(53, 225)",10.515700069281115
tube,"(225, 224)",9.782379387426305
tube,"(224, 10)",8.676803173858147
tube,"(44, 40)",45.20038484573799
tube,"(46, 0)",2.0
tube,"(46, 231)",3.9966507372183773
tube,"(55, 148)",16.181849565026297
tube,"(58, 139)",17.079186765927197
tube,"(139, 31)",15.577920693440694
tube,"(56, 57)",11.115545282233708
tube,"(57, 17)",12.304383978133112
tube,"(152, 247)",6.768938028408497
tube,"(252, 80)",6.0277187334744005
tube,"(71, 131)",7.418584777298292
tube,"(131, 244)",3.281640410482355
tube,"(71, 24)",-2.044315953795971
tube,"(67, 184)",15.257814101296416
tube,"(63, 258)",4.646999081337409
tube,"(258, 196)",6.132509614549344
tube,"(196, 111)",8.516160378254202
tube,"(111, 164)",5.986812264627631
tube,"(64, 108)",15.039541067404201
tube,"(108, 6)",13.44104477147276
tube,"(70, 32)",12.25888042755061
tube,"(74, 223)",23.483992330645915
tube,"(223, 58)",29.2401169939003
tube,"(72, 56)",20.495799043990445
tube,"(66, 179)",8.199192178605506
tube,"(179, 172)",7.408191619358016
tube,"(172, 82)",5.671890007622629
tube,"(82, 249)",5.997023376035506
tube,"(249, 62)",1.5533606810885319
tube,"(69, 170)",3.8589506859123306
tube,"(69, 9)",2.9972996764047917
tube,"(79, 64)",21.473602883943702
tube,"(92, 231)",11.858197551286096
tube,"(91, 173)",14.919360593262898
tube,"(173, 97)",20.538615319858604
tube,"(97, 154)",21.034705647780402
tube,"(86, 197)",2.9833594293177588
tube,"(197, 265)",3.7273116657513428
tube,"(265, 133)",5.2422190958741455
tube,"(133, 130)",5.844594123277608
tube,"(130, 256)",6.648145901430381
tube,"(256, 190)",6.833217694198071
tube,"(190, 170)",5.320873883623014
tube,"(99, 123)",15.256267708257104
tube,"(123, 203)",12.104137966388794
tube,"(203, 158)",7.081810596431092
tube,"(158, 246)",10.431874677575495
tube,"(246, 217)",15.250993258748696
tube,"(217, 98)",13.117437425324411
tube,"(98, 261)",8.457887231844992
tube,"(261, 120)",11.506165152257003
tube,"(120, 180)",10.7453678299976
tube,"(180, 125)",6.234004845480739
tube,"(125, 140)",6.250699100898195
tube,"(140, 243)",6.375841578088855
tube,"(243, 170)",7.31831944110027
tube,"(105, 228)",21.52516018308441
tube,"(228, 267)",12.645505402822897
tube,"(267, 250)",8.769904602012398
tube,"(250, 79)",7.892828127492581
tube,"(113, 72)",12.993004400927887
tube,"(109, 118)",8.6896916152986
tube,"(118, 193)",15.401072473760808
tube,"(193, 192)",5.520412052731286
tube,"(192, 67)",9.422631074671596
tube,"(101, 116)",23.54001514600892
tube,"(116, 114)",12.082146252463316
tube,"(114, 115)",6.337671672813419
tube,"(115, 167)",7.442014786732197
tube,"(167, 25)",21.788130619528
tube,"(117, 90)",5.583657327173874
tube,"(102, 103)",23.64185734782028
tube,"(103, 101)",17.810737002105906
tube,"(95, 86)",7.497367061513969
tube,"(129, 117)",4.535515119078887
tube,"(121, 62)",9.106381673899103
tube,"(124, 92)",14.807965917618708
tube,"(150, 205)",12.781207934966194
tube,"(205, 53)",8.189311885356798
tube,"(146, 79)",11.574659086514195
tube,"(151, 34)",2.0
tube,"(160, 91)",14.990583327464181
tube,"(174, 169)",0.998475564959546
tube,"(186, 9)",2.992074046719857
tube,"(187, 124)",16.0137926778207
tube,"(191, 204)",8.250721160169876
tube,"(204, 160)",20.04673663742338
tube,"(213, 231)",4.56370667826141
tube,"(207, 66)",14.017295048704987
tube,"(257, 73)",0.0
tube,"(214, 39)",12.752674451172883
tube,"(233, 113)",10.599075341384886
tube,"(234, 233)",8.468261702741897
tube,"(237, 109)",19.06569459574682
tube,"(245, 55)",18.43855807873589
tube,"(263, 262)",13.615915344199093
tube,"(262, 207)",10.624289026647686
tube,"(254, 15)",3.7091019147909603
tube,"(254, 62)",1.0
tube,"(255, 191)",19.314411240318396
tube,"(240, 22)",13.3815742561224
