lineId,modeName,created,modified,Services
1,bus,2023-01-25 11:01:30.940000+00:00,2023-01-25 11:01:30.940000+00:00,['Regular']
100,bus,2023-01-25 11:01:30.957000+00:00,2023-01-25 11:01:30.957000+00:00,['Regular']
101,bus,2023-01-25 11:01:30.940000+00:00,2023-01-25 11:01:30.940000+00:00,['Regular']
102,bus,2023-01-25 11:01:30.957000+00:00,2023-01-25 11:01:30.957000+00:00,['Regular']
103,bus,2023-01-25 11:01:30.940000+00:00,2023-01-25 11:01:30.940000+00:00,['Regular']
104,bus,2023-01-25 11:01:30.940000+00:00,2023-01-25 11:01:30.940000+00:00,['Regular']
105,bus,2023-01-25 11:01:30.940000+00:00,2023-01-25 11:01:30.940000+00:00,['Regular']
106,bus,2023-01-25 11:01:30.940000+00:00,2023-01-25 11:01:30.940000+00:00,['Regular']
107,bus,2023-01-25 11:01:30.940000+00:00,2023-01-25 11:01:30.940000+00:00,['Regular']
108,bus,2023-01-25 11:01:30.940000+00:00,2023-01-25 11:01:30.940000+00:00,['Regular']
109,bus,2023-01-25 11:01:30.957000+00:00,2023-01-25 11:01:30.957000+00:00,['Regular']
11,bus,2023-01-25 11:01:30.940000+00:00,2023-01-25 11:01:30.940000+00:00,['Regular']
110,bus,2023-01-25 11:01:30.957000+00:00,2023-01-25 11:01:30.957000+00:00,['Regular']
111,bus,2023-01-25 11:01:30.957000+00:00,2023-01-25 11:01:30.957000+00:00,['Regular']
112,bus,2023-01-25 11:01:30.940000+00:00,2023-01-25 11:01:30.940000+00:00,['Regular']
113,bus,2023-01-25 11:01:30.957000+00:00,2023-01-25 11:01:30.957000+00:00,['Regular']
114,bus,2023-01-25 11:01:30.957000+00:00,2023-01-25 11:01:30.957000+00:00,['Regular']
115,bus,2023-01-25 11:01:30.940000+00:00,2023-01-25 11:01:30.940000+00:00,['Regular']
116,bus,2023-01-25 11:01:30.957000+00:00,2023-01-25 11:01:30.957000+00:00,['Regular']
117,bus,2023-01-25 11:01:30.957000+00:00,2023-01-25 11:01:30.957000+00:00,['Regular']
118,bus,2023-01-25 11:01:30.970000+00:00,2023-01-25 11:01:30.970000+00:00,['Regular']
119,bus,2023-01-25 11:01:30.940000+00:00,2023-01-25 11:01:30.940000+00:00,['Regular']
12,bus,2023-01-25 11:01:30.940000+00:00,2023-01-25 11:01:30.940000+00:00,['Regular']
120,bus,2023-01-25 11:01:30.957000+00:00,2023-01-25 11:01:30.957000+00:00,['Regular']
121,bus,2023-01-25 11:01:30.970000+00:00,2023-01-25 11:01:30.970000+00:00,['Regular']
122,bus,2023-01-25 11:01:30.957000+00:00,2023-01-25 11:01:30.957000+00:00,['Regular']
123,bus,2023-01-25 11:01:30.940000+00:00,2023-01-25 11:01:30.940000+00:00,['Regular']
124,bus,2023-01-25 11:01:30.957000+00:00,2023-01-25 11:01:30.957000+00:00,['Regular']
125,bus,2023-01-25 11:01:30.940000+00:00,2023-01-25 11:01:30.940000+00:00,['Regular']
126,bus,2023-01-25 11:01:30.940000+00:00,2023-01-25 11:01:30.940000+00:00,['Regular']
127,bus,2023-01-25 11:01:30.940000+00:00,2023-01-25 11:01:30.940000+00:00,['Regular']
128,bus,2023-01-25 11:01:30.957000+00:00,2023-01-25 11:01:30.957000+00:00,['Regular']
129,bus,2023-01-25 11:01:30.940000+00:00,2023-01-25 11:01:30.940000+00:00,['Regular']
13,bus,2023-01-25 11:01:30.940000+00:00,2023-01-25 11:01:30.940000+00:00,['Regular']
130,bus,2023-01-25 11:01:30.957000+00:00,2023-01-25 11:01:30.957000+00:00,['Regular']
131,bus,2023-01-25 11:01:30.957000+00:00,2023-01-25 11:01:30.957000+00:00,['Regular']
132,bus,2023-01-25 11:01:30.940000+00:00,2023-01-25 11:01:30.940000+00:00,['Regular']
133,bus,2023-01-25 11:01:30.940000+00:00,2023-01-25 11:01:30.940000+00:00,['Regular']
134,bus,2023-01-25 11:01:30.940000+00:00,2023-01-25 11:01:30.940000+00:00,['Regular']
135,bus,2023-01-25 11:01:30.957000+00:00,2023-01-25 11:01:30.957000+00:00,['Regular']
136,bus,2023-01-25 11:01:30.940000+00:00,2023-01-25 11:01:30.940000+00:00,['Regular']
137,bus,2023-01-25 11:01:30.940000+00:00,2023-01-25 11:01:30.940000+00:00,['Regular']
138,bus,2023-01-25 11:01:30.957000+00:00,2023-01-25 11:01:30.957000+00:00,['Regular']
139,bus,2023-01-25 11:01:30.940000+00:00,2023-01-25 11:01:30.940000+00:00,['Regular']
14,bus,2023-01-25 11:01:30.940000+00:00,2023-01-25 11:01:30.940000+00:00,['Regular']
140,bus,2023-01-25 11:01:30.940000+00:00,2023-01-25 11:01:30.940000+00:00,['Regular']
141,bus,2023-01-25 11:01:30.940000+00:00,2023-01-25 11:01:30.940000+00:00,['Regular']
142,bus,2023-01-25 11:01:30.957000+00:00,2023-01-25 11:01:30.957000+00:00,['Regular']
143,bus,2023-01-25 11:01:30.940000+00:00,2023-01-25 11:01:30.940000+00:00,['Regular']
144,bus,2023-01-25 11:01:30.940000+00:00,2023-01-25 11:01:30.940000+00:00,['Regular']
145,bus,2023-01-25 11:01:30.957000+00:00,2023-01-25 11:01:30.957000+00:00,['Regular']
146,bus,2023-01-25 11:01:30.940000+00:00,2023-01-25 11:01:30.940000+00:00,['Regular']
147,bus,2023-01-25 11:01:30.957000+00:00,2023-01-25 11:01:30.957000+00:00,['Regular']
148,bus,2023-01-25 11:01:30.940000+00:00,2023-01-25 11:01:30.940000+00:00,['Regular']
149,bus,2023-01-25 11:01:30.957000+00:00,2023-01-25 11:01:30.957000+00:00,['Regular']
15,bus,2023-01-25 11:01:30.970000+00:00,2023-01-25 11:01:30.970000+00:00,['Regular']
150,bus,2023-01-25 11:01:30.970000+00:00,2023-01-25 11:01:30.970000+00:00,['Regular']
151,bus,2023-01-25 11:01:30.940000+00:00,2023-01-25 11:01:30.940000+00:00,['Regular']
152,bus,2023-01-25 11:01:30.940000+00:00,2023-01-25 11:01:30.940000+00:00,['Regular']
153,bus,2023-01-25 11:01:30.957000+00:00,2023-01-25 11:01:30.957000+00:00,['Regular']
154,bus,2023-01-25 11:01:30.940000+00:00,2023-01-25 11:01:30.940000+00:00,['Regular']
155,bus,2023-01-25 11:01:30.957000+00:00,2023-01-25 11:01:30.957000+00:00,['Regular']
156,bus,2023-01-25 11:01:30.940000+00:00,2023-01-25 11:01:30.940000+00:00,['Regular']
157,bus,2023-01-25 11:01:30.940000+00:00,2023-01-25 11:01:30.940000+00:00,['Regular']
158,bus,2023-01-25 11:01:30.940000+00:00,2023-01-25 11:01:30.940000+00:00,['Regular']
159,bus,2023-01-25 11:01:30.957000+00:00,2023-01-25 11:01:30.957000+00:00,['Regular']
16,bus,2023-01-25 11:01:30.940000+00:00,2023-01-25 11:01:30.940000+00:00,['Regular']
160,bus,2023-01-25 11:01:30.940000+00:00,2023-01-25 11:01:30.940000+00:00,['Regular']
161,bus,2023-01-25 11:01:30.940000+00:00,2023-01-25 11:01:30.940000+00:00,['Regular']
162,bus,2023-01-25 11:01:30.970000+00:00,2023-01-25 11:01:30.970000+00:00,['Regular']
163,bus,2023-01-25 11:01:30.940000+00:00,2023-01-25 11:01:30.940000+00:00,['Regular']
164,bus,2023-01-25 11:01:30.940000+00:00,2023-01-25 11:01:30.940000+00:00,['Regular']
165,bus,2023-01-25 11:01:30.957000+00:00,2023-01-25 11:01:30.957000+00:00,['Regular']
166,bus,2023-01-25 11:01:30.957000+00:00,2023-01-25 11:01:30.957000+00:00,['Regular']
167,bus,2023-01-25 11:01:30.957000+00:00,2023-01-25 11:01:30.957000+00:00,['Regular']
168,bus,2023-01-25 11:01:30.940000+00:00,2023-01-25 11:01:30.940000+00:00,['Regular']
169,bus,2023-01-25 11:01:30.940000+00:00,2023-01-25 11:01:30.940000+00:00,['Regular']
17,bus,2023-01-25 11:01:30.940000+00:00,2023-01-25 11:01:30.940000+00:00,['Regular']
170,bus,2023-01-25 11:01:30.957000+00:00,2023-01-25 11:01:30.957000+00:00,['Regular']
171,bus,2023-01-25 11:01:30.957000+00:00,2023-01-25 11:01:30.957000+00:00,['Regular']
172,bus,2023-01-25 11:01:30.940000+00:00,2023-01-25 11:01:30.940000+00:00,['Regular']
173,bus,2023-01-25 11:01:30.957000+00:00,2023-01-25 11:01:30.957000+00:00,['Regular']
174,bus,2023-01-25 11:01:30.940000+00:00,2023-01-25 11:01:30.940000+00:00,['Regular']
175,bus,2023-01-25 11:01:30.940000+00:00,2023-01-25 11:01:30.940000+00:00,['Regular']
176,bus,2023-01-25 11:01:30.940000+00:00,2023-01-25 11:01:30.940000+00:00,['Regular']
177,bus,2023-01-25 11:01:30.940000+00:00,2023-01-25 11:01:30.940000+00:00,['Regular']
178,bus,2023-01-25 11:01:30.940000+00:00,2023-01-25 11:01:30.940000+00:00,['Regular']
179,bus,2023-01-25 11:01:30.940000+00:00,2023-01-25 11:01:30.940000+00:00,['Regular']
18,bus,2023-01-25 11:01:30.957000+00:00,2023-01-25 11:01:30.957000+00:00,['Regular']
180,bus,2023-01-25 11:01:30.940000+00:00,2023-01-25 11:01:30.940000+00:00,['Regular']
181,bus,2023-01-25 11:01:30.957000+00:00,2023-01-25 11:01:30.957000+00:00,['Regular']
182,bus,2023-01-25 11:01:30.940000+00:00,2023-01-25 11:01:30.940000+00:00,['Regular']
183,bus,2023-01-25 11:01:30.957000+00:00,2023-01-25 11:01:30.957000+00:00,['Regular']
184,bus,2023-01-25 11:01:30.940000+00:00,2023-01-25 11:01:30.940000+00:00,['Regular']
185,bus,2023-01-25 11:01:30.940000+00:00,2023-01-25 11:01:30.940000+00:00,['Regular']
186,bus,2023-01-25 11:01:30.940000+00:00,2023-01-25 11:01:30.940000+00:00,['Regular']
187,bus,2023-01-25 11:01:30.970000+00:00,2023-01-25 11:01:30.970000+00:00,['Regular']
188,bus,2023-01-25 11:01:30.940000+00:00,2023-01-25 11:01:30.940000+00:00,['Regular']
189,bus,2023-01-25 11:01:30.957000+00:00,2023-01-25 11:01:30.957000+00:00,['Regular']
19,bus,2023-01-25 11:01:30.940000+00:00,2023-01-25 11:01:30.940000+00:00,['Regular']
190,bus,2023-01-25 11:01:30.957000+00:00,2023-01-25 11:01:30.957000+00:00,['Regular']
191,bus,2023-01-25 11:01:30.957000+00:00,2023-01-25 11:01:30.957000+00:00,['Regular']
192,bus,2023-01-25 11:01:30.957000+00:00,2023-01-25 11:01:30.957000+00:00,['Regular']
193,bus,2023-01-25 11:01:30.940000+00:00,2023-01-25 11:01:30.940000+00:00,['Regular']
194,bus,2023-01-25 11:01:30.957000+00:00,2023-01-25 11:01:30.957000+00:00,['Regular']
195,bus,2023-01-25 11:01:30.940000+00:00,2023-01-25 11:01:30.940000+00:00,['Regular']
196,bus,2023-01-25 11:01:30.940000+00:00,2023-01-25 11:01:30.940000+00:00,['Regular']
197,bus,2023-01-25 11:01:30.940000+00:00,2023-01-25 11:01:30.940000+00:00,['Regular']
198,bus,2023-01-25 11:01:30.940000+00:00,2023-01-25 11:01:30.940000+00:00,['Regular']
199,bus,2023-01-25 11:01:30.957000+00:00,2023-01-25 11:01:30.957000+00:00,['Regular']
2,bus,2023-01-25 11:01:30.940000+00:00,2023-01-25 11:01:30.940000+00:00,['Regular']
20,bus,2023-01-25 11:01:30.940000+00:00,2023-01-25 11:01:30.940000+00:00,['Regular']
200,bus,2023-01-25 11:01:30.940000+00:00,2023-01-25 11:01:30.940000+00:00,['Regular']
201,bus,2023-01-25 11:01:30.940000+00:00,2023-01-25 11:01:30.940000+00:00,['Regular']
202,bus,2023-01-25 11:01:30.940000+00:00,2023-01-25 11:01:30.940000+00:00,['Regular']
203,bus,2023-01-25 11:01:30.940000+00:00,2023-01-25 11:01:30.940000+00:00,['Regular']
204,bus,2023-01-25 11:01:30.940000+00:00,2023-01-25 11:01:30.940000+00:00,['Regular']
205,bus,2023-01-25 11:01:30.970000+00:00,2023-01-25 11:01:30.970000+00:00,['Regular']
206,bus,2023-01-25 11:01:30.970000+00:00,2023-01-25 11:01:30.970000+00:00,['Regular']
207,bus,2023-01-25 11:01:30.957000+00:00,2023-01-25 11:01:30.957000+00:00,['Regular']
208,bus,2023-01-25 11:01:30.940000+00:00,2023-01-25 11:01:30.940000+00:00,['Regular']
209,bus,2023-01-25 11:01:30.940000+00:00,2023-01-25 11:01:30.940000+00:00,['Regular']
21,bus,2023-01-25 11:01:30.940000+00:00,2023-01-25 11:01:30.940000+00:00,['Regular']
210,bus,2023-01-25 11:01:30.940000+00:00,2023-01-25 11:01:30.940000+00:00,['Regular']
211,bus,2023-01-25 11:01:30.940000+00:00,2023-01-25 11:01:30.940000+00:00,['Regular']
212,bus,2023-01-25 11:01:30.957000+00:00,2023-01-25 11:01:30.957000+00:00,['Regular']
213,bus,2023-01-25 11:01:30.940000+00:00,2023-01-25 11:01:30.940000+00:00,['Regular']
214,bus,2023-01-25 11:01:30.940000+00:00,2023-01-25 11:01:30.940000+00:00,['Regular']
215,bus,2023-01-25 11:01:30.957000+00:00,2023-01-25 11:01:30.957000+00:00,['Regular']
216,bus,2023-01-25 11:01:30.957000+00:00,2023-01-25 11:01:30.957000+00:00,['Regular']
217,bus,2023-01-25 11:01:30.940000+00:00,2023-01-25 11:01:30.940000+00:00,['Regular']
218,bus,2023-01-25 11:01:30.940000+00:00,2023-01-25 11:01:30.940000+00:00,['Regular']
219,bus,2023-01-25 11:01:30.940000+00:00,2023-01-25 11:01:30.940000+00:00,['Regular']
22,bus,2023-01-25 11:01:30.957000+00:00,2023-01-25 11:01:30.957000+00:00,['Regular']
220,bus,2023-01-25 11:01:30.940000+00:00,2023-01-25 11:01:30.940000+00:00,['Regular']
221,bus,2023-01-25 11:01:30.940000+00:00,2023-01-25 11:01:30.940000+00:00,['Regular']
222,bus,2023-01-25 11:01:30.940000+00:00,2023-01-25 11:01:30.940000+00:00,['Regular']
223,bus,2023-01-25 11:01:30.957000+00:00,2023-01-25 11:01:30.957000+00:00,['Regular']
224,bus,2023-01-25 11:01:30.940000+00:00,2023-01-25 11:01:30.940000+00:00,['Regular']
225,bus,2023-01-25 11:01:30.940000+00:00,2023-01-25 11:01:30.940000+00:00,['Regular']
226,bus,2023-01-25 11:01:30.970000+00:00,2023-01-25 11:01:30.970000+00:00,['Regular']
227,bus,2023-01-25 11:01:30.940000+00:00,2023-01-25 11:01:30.940000+00:00,['Regular']
228,bus,2023-01-25 11:01:30.957000+00:00,2023-01-25 11:01:30.957000+00:00,['Regular']
229,bus,2023-01-25 11:01:30.940000+00:00,2023-01-25 11:01:30.940000+00:00,['Regular']
23,bus,2023-01-25 11:01:30.940000+00:00,2023-01-25 11:01:30.940000+00:00,['Regular']
230,bus,2023-01-25 11:01:30.940000+00:00,2023-01-25 11:01:30.940000+00:00,['Regular']
231,bus,2023-01-25 11:01:30.957000+00:00,2023-01-25 11:01:30.957000+00:00,['Regular']
232,bus,2023-01-25 11:01:30.957000+00:00,2023-01-25 11:01:30.957000+00:00,['Regular']
233,bus,2023-01-25 11:01:30.940000+00:00,2023-01-25 11:01:30.940000+00:00,['Regular']
234,bus,2023-01-25 11:01:30.957000+00:00,2023-01-25 11:01:30.957000+00:00,['Regular']
235,bus,2023-01-25 11:01:30.940000+00:00,2023-01-25 11:01:30.940000+00:00,['Regular']
236,bus,2023-01-25 11:01:30.940000+00:00,2023-01-25 11:01:30.940000+00:00,['Regular']
237,bus,2023-01-25 11:01:30.957000+00:00,2023-01-25 11:01:30.957000+00:00,['Regular']
238,bus,2023-01-25 11:01:30.957000+00:00,2023-01-25 11:01:30.957000+00:00,['Regular']
24,bus,2023-01-25 11:01:30.940000+00:00,2023-01-25 11:01:30.940000+00:00,['Regular']
240,bus,2023-01-25 11:01:30.940000+00:00,2023-01-25 11:01:30.940000+00:00,['Regular']
241,bus,2023-01-25 11:01:30.957000+00:00,2023-01-25 11:01:30.957000+00:00,['Regular']
242,bus,2023-01-25 11:01:30.957000+00:00,2023-01-25 11:01:30.957000+00:00,['Regular']
243,bus,2023-01-25 11:01:30.940000+00:00,2023-01-25 11:01:30.940000+00:00,['Regular']
244,bus,2023-01-25 11:01:30.957000+00:00,2023-01-25 11:01:30.957000+00:00,['Regular']
245,bus,2023-01-25 11:01:30.940000+00:00,2023-01-25 11:01:30.940000+00:00,['Regular']
246,bus,2023-01-25 11:01:30.957000+00:00,2023-01-25 11:01:30.957000+00:00,['Regular']
247,bus,2023-01-25 11:01:30.940000+00:00,2023-01-25 11:01:30.940000+00:00,['Regular']
248,bus,2023-01-25 11:01:30.957000+00:00,2023-01-25 11:01:30.957000+00:00,['Regular']
249,bus,2023-01-25 11:01:30.957000+00:00,2023-01-25 11:01:30.957000+00:00,['Regular']
25,bus,2023-01-25 11:01:30.957000+00:00,2023-01-25 11:01:30.957000+00:00,['Regular']
250,bus,2023-01-25 11:01:30.940000+00:00,2023-01-25 11:01:30.940000+00:00,['Regular']
251,bus,2023-01-25 11:01:30.940000+00:00,2023-01-25 11:01:30.940000+00:00,['Regular']
252,bus,2023-01-25 11:01:30.940000+00:00,2023-01-25 11:01:30.940000+00:00,['Regular']
253,bus,2023-01-25 11:01:30.940000+00:00,2023-01-25 11:01:30.940000+00:00,['Regular']
254,bus,2023-01-25 11:01:30.940000+00:00,2023-01-25 11:01:30.940000+00:00,['Regular']
255,bus,2023-01-25 11:01:30.940000+00:00,2023-01-25 11:01:30.940000+00:00,['Regular']
256,bus,2023-01-25 11:01:30.940000+00:00,2023-01-25 11:01:30.940000+00:00,['Regular']
257,bus,2023-01-25 11:01:30.957000+00:00,2023-01-25 11:01:30.957000+00:00,['Regular']
258,bus,2023-01-25 11:01:30.940000+00:00,2023-01-25 11:01:30.940000+00:00,['Regular']
259,bus,2023-01-25 11:01:30.940000+00:00,2023-01-25 11:01:30.940000+00:00,['Regular']
26,bus,2023-01-25 11:01:30.957000+00:00,2023-01-25 11:01:30.957000+00:00,['Regular']
260,bus,2023-01-25 11:01:30.940000+00:00,2023-01-25 11:01:30.940000+00:00,['Regular']
261,bus,2023-01-25 11:01:30.940000+00:00,2023-01-25 11:01:30.940000+00:00,['Regular']
262,bus,2023-01-25 11:01:30.940000+00:00,2023-01-25 11:01:30.940000+00:00,['Regular']
263,bus,2023-01-25 11:01:30.940000+00:00,2023-01-25 11:01:30.940000+00:00,['Regular']
264,bus,2023-01-25 11:01:30.940000+00:00,2023-01-25 11:01:30.940000+00:00,['Regular']
265,bus,2023-01-25 11:01:30.940000+00:00,2023-01-25 11:01:30.940000+00:00,['Regular']
266,bus,2023-01-25 11:01:30.940000+00:00,2023-01-25 11:01:30.940000+00:00,['Regular']
267,bus,2023-01-25 11:01:30.940000+00:00,2023-01-25 11:01:30.940000+00:00,['Regular']
268,bus,2023-01-25 11:01:30.940000+00:00,2023-01-25 11:01:30.940000+00:00,['Regular']
269,bus,2023-01-25 11:01:30.940000+00:00,2023-01-25 11:01:30.940000+00:00,['Regular']
27,bus,2023-01-25 11:01:30.957000+00:00,2023-01-25 11:01:30.957000+00:00,['Regular']
270,bus,2023-01-25 11:01:30.970000+00:00,2023-01-25 11:01:30.970000+00:00,['Regular']
272,bus,2023-01-25 11:01:30.940000+00:00,2023-01-25 11:01:30.940000+00:00,['Regular']
273,bus,2023-01-25 11:01:30.970000+00:00,2023-01-25 11:01:30.970000+00:00,['Regular']
274,bus,2023-01-25 11:01:30.970000+00:00,2023-01-25 11:01:30.970000+00:00,['Regular']
275,bus,2023-01-25 11:01:30.940000+00:00,2023-01-25 11:01:30.940000+00:00,['Regular']
276,bus,2023-01-25 11:01:30.940000+00:00,2023-01-25 11:01:30.940000+00:00,['Regular']
277,bus,2023-01-25 11:01:30.957000+00:00,2023-01-25 11:01:30.957000+00:00,['Regular']
278,bus,2023-01-25 11:01:30.970000+00:00,2023-01-25 11:01:30.970000+00:00,['Regular']
279,bus,2023-01-25 11:01:30.940000+00:00,2023-01-25 11:01:30.940000+00:00,['Regular']
28,bus,2023-01-25 11:01:30.957000+00:00,2023-01-25 11:01:30.957000+00:00,['Regular']
280,bus,2023-01-25 11:01:30.957000+00:00,2023-01-25 11:01:30.957000+00:00,['Regular']
281,bus,2023-01-25 11:01:30.940000+00:00,2023-01-25 11:01:30.940000+00:00,['Regular']
282,bus,2023-01-25 11:01:30.940000+00:00,2023-01-25 11:01:30.940000+00:00,['Regular']
283,bus,2023-01-25 11:01:30.940000+00:00,2023-01-25 11:01:30.940000+00:00,['Regular']
284,bus,2023-01-25 11:01:30.940000+00:00,2023-01-25 11:01:30.940000+00:00,['Regular']
285,bus,2023-01-25 11:01:30.940000+00:00,2023-01-25 11:01:30.940000+00:00,['Regular']
286,bus,2023-01-25 11:01:30.957000+00:00,2023-01-25 11:01:30.957000+00:00,['Regular']
287,bus,2023-01-25 11:01:30.940000+00:00,2023-01-25 11:01:30.940000+00:00,['Regular']
288,bus,2023-01-25 11:01:30.940000+00:00,2023-01-25 11:01:30.940000+00:00,['Regular']
289,bus,2023-01-25 11:01:30.957000+00:00,2023-01-25 11:01:30.957000+00:00,['Regular']
29,bus,2023-01-25 11:01:30.957000+00:00,2023-01-25 11:01:30.957000+00:00,['Regular']
290,bus,2023-01-25 11:01:30.940000+00:00,2023-01-25 11:01:30.940000+00:00,['Regular']
291,bus,2023-01-25 11:01:30.940000+00:00,2023-01-25 11:01:30.940000+00:00,['Regular']
292,bus,2023-01-25 11:01:30.940000+00:00,2023-01-25 11:01:30.940000+00:00,['Regular']
293,bus,2023-01-25 11:01:30.940000+00:00,2023-01-25 11:01:30.940000+00:00,['Regular']
294,bus,2023-01-25 11:01:30.940000+00:00,2023-01-25 11:01:30.940000+00:00,['Regular']
295,bus,2023-01-25 11:01:30.957000+00:00,2023-01-25 11:01:30.957000+00:00,['Regular']
296,bus,2023-01-25 11:01:30.940000+00:00,2023-01-25 11:01:30.940000+00:00,['Regular']
297,bus,2023-01-25 11:01:30.940000+00:00,2023-01-25 11:01:30.940000+00:00,['Regular']
298,bus,2023-01-25 11:01:30.957000+00:00,2023-01-25 11:01:30.957000+00:00,['Regular']
299,bus,2023-01-25 11:01:30.957000+00:00,2023-01-25 11:01:30.957000+00:00,['Regular']
3,bus,2023-01-25 11:01:30.940000+00:00,2023-01-25 11:01:30.940000+00:00,['Regular']
30,bus,2023-01-25 11:01:30.940000+00:00,2023-01-25 11:01:30.940000+00:00,['Regular']
300,bus,2023-01-25 11:01:30.957000+00:00,2023-01-25 11:01:30.957000+00:00,['Regular']
301,bus,2023-01-25 11:01:30.940000+00:00,2023-01-25 11:01:30.940000+00:00,['Regular']
302,bus,2023-01-25 11:01:30.940000+00:00,2023-01-25 11:01:30.940000+00:00,['Regular']
303,bus,2023-01-25 11:01:30.940000+00:00,2023-01-25 11:01:30.940000+00:00,['Regular']
304,bus,2023-01-25 11:01:30.957000+00:00,2023-01-25 11:01:30.957000+00:00,['Regular']
306,bus,2023-01-25 11:01:30.957000+00:00,2023-01-25 11:01:30.957000+00:00,['Regular']
307,bus,2023-01-25 11:01:30.957000+00:00,2023-01-25 11:01:30.957000+00:00,['Regular']
308,bus,2023-01-25 11:01:30.957000+00:00,2023-01-25 11:01:30.957000+00:00,['Regular']
309,bus,2023-01-25 11:01:30.940000+00:00,2023-01-25 11:01:30.940000+00:00,['Regular']
31,bus,2023-01-25 11:01:30.940000+00:00,2023-01-25 11:01:30.940000+00:00,['Regular']
312,bus,2023-01-25 11:01:30.940000+00:00,2023-01-25 11:01:30.940000+00:00,['Regular']
313,bus,2023-01-25 11:01:30.940000+00:00,2023-01-25 11:01:30.940000+00:00,['Regular']
314,bus,2023-01-25 11:01:30.940000+00:00,2023-01-25 11:01:30.940000+00:00,['Regular']
315,bus,2023-01-25 11:01:30.940000+00:00,2023-01-25 11:01:30.940000+00:00,['Regular']
316,bus,2023-01-25 11:01:30.957000+00:00,2023-01-25 11:01:30.957000+00:00,['Regular']
317,bus,2023-01-25 11:01:30.940000+00:00,2023-01-25 11:01:30.940000+00:00,['Regular']
318,bus,2023-01-25 11:01:30.940000+00:00,2023-01-25 11:01:30.940000+00:00,['Regular']
319,bus,2023-01-25 11:01:30.940000+00:00,2023-01-25 11:01:30.940000+00:00,['Regular']
32,bus,2023-01-25 11:01:30.940000+00:00,2023-01-25 11:01:30.940000+00:00,['Regular']
320,bus,2023-01-25 11:01:30.940000+00:00,2023-01-25 11:01:30.940000+00:00,['Regular']
321,bus,2023-01-25 11:01:30.940000+00:00,2023-01-25 11:01:30.940000+00:00,['Regular']
322,bus,2023-01-25 11:01:30.940000+00:00,2023-01-25 11:01:30.940000+00:00,['Regular']
323,bus,2023-01-25 11:01:30.940000+00:00,2023-01-25 11:01:30.940000+00:00,['Regular']
324,bus,2023-01-25 11:01:30.940000+00:00,2023-01-25 11:01:30.940000+00:00,['Regular']
325,bus,2023-01-25 11:01:30.940000+00:00,2023-01-25 11:01:30.940000+00:00,['Regular']
326,bus,2023-01-25 11:01:30.957000+00:00,2023-01-25 11:01:30.957000+00:00,['Regular']
327,bus,2023-01-25 11:01:30.940000+00:00,2023-01-25 11:01:30.940000+00:00,['Regular']
328,bus,2023-01-25 11:01:30.940000+00:00,2023-01-25 11:01:30.940000+00:00,['Regular']
329,bus,2023-01-25 11:01:30.957000+00:00,2023-01-25 11:01:30.957000+00:00,['Regular']
33,bus,2023-01-25 11:01:30.940000+00:00,2023-01-25 11:01:30.940000+00:00,['Regular']
330,bus,2023-01-25 11:01:30.940000+00:00,2023-01-25 11:01:30.940000+00:00,['Regular']
331,bus,2023-01-25 11:01:30.940000+00:00,2023-01-25 11:01:30.940000+00:00,['Regular']
332,bus,2023-01-25 11:01:30.957000+00:00,2023-01-25 11:01:30.957000+00:00,['Regular']
333,bus,2023-01-25 11:01:30.957000+00:00,2023-01-25 11:01:30.957000+00:00,['Regular']
335,bus,2023-01-25 11:01:30.940000+00:00,2023-01-25 11:01:30.940000+00:00,['Regular']
336,bus,2023-01-25 11:01:30.957000+00:00,2023-01-25 11:01:30.957000+00:00,['Regular']
337,bus,2023-01-25 11:01:30.940000+00:00,2023-01-25 11:01:30.940000+00:00,['Regular']
339,bus,2023-01-25 11:01:30.970000+00:00,2023-01-25 11:01:30.970000+00:00,['Regular']
34,bus,2023-01-25 11:01:30.957000+00:00,2023-01-25 11:01:30.957000+00:00,['Regular']
340,bus,2023-01-25 11:01:30.940000+00:00,2023-01-25 11:01:30.940000+00:00,['Regular']
341,bus,2023-01-25 11:01:30.940000+00:00,2023-01-25 11:01:30.940000+00:00,['Regular']
343,bus,2023-01-25 11:01:30.940000+00:00,2023-01-25 11:01:30.940000+00:00,['Regular']
344,bus,2023-01-25 11:01:30.940000+00:00,2023-01-25 11:01:30.940000+00:00,['Regular']
345,bus,2023-01-25 11:01:30.940000+00:00,2023-01-25 11:01:30.940000+00:00,['Regular']
346,bus,2023-01-25 11:01:30.940000+00:00,2023-01-25 11:01:30.940000+00:00,['Regular']
347,bus,2023-01-25 11:01:30.940000+00:00,2023-01-25 11:01:30.940000+00:00,['Regular']
349,bus,2023-01-25 11:01:30.940000+00:00,2023-01-25 11:01:30.940000+00:00,['Regular']
35,bus,2023-01-25 11:01:30.957000+00:00,2023-01-25 11:01:30.957000+00:00,['Regular']
350,bus,2023-01-25 11:01:30.940000+00:00,2023-01-25 11:01:30.940000+00:00,['Regular']
352,bus,2023-01-25 11:01:30.940000+00:00,2023-01-25 11:01:30.940000+00:00,['Regular']
353,bus,2023-01-25 11:01:30.940000+00:00,2023-01-25 11:01:30.940000+00:00,['Regular']
354,bus,2023-01-25 11:01:30.940000+00:00,2023-01-25 11:01:30.940000+00:00,['Regular']
355,bus,2023-01-25 11:01:30.940000+00:00,2023-01-25 11:01:30.940000+00:00,['Regular']
356,bus,2023-01-25 11:01:30.957000+00:00,2023-01-25 11:01:30.957000+00:00,['Regular']
357,bus,2023-01-25 11:01:30.940000+00:00,2023-01-25 11:01:30.940000+00:00,['Regular']
358,bus,2023-01-25 11:01:30.940000+00:00,2023-01-25 11:01:30.940000+00:00,['Regular']
359,bus,2023-01-25 11:01:30.940000+00:00,2023-01-25 11:01:30.940000+00:00,['Regular']
36,bus,2023-01-25 11:01:30.940000+00:00,2023-01-25 11:01:30.940000+00:00,['Regular']
360,bus,2023-01-25 11:01:30.940000+00:00,2023-01-25 11:01:30.940000+00:00,['Regular']
362,bus,2023-01-25 11:01:30.957000+00:00,2023-01-25 11:01:30.957000+00:00,['Regular']
363,bus,2023-01-25 11:01:30.940000+00:00,2023-01-25 11:01:30.940000+00:00,['Regular']
364,bus,2023-01-25 11:01:30.940000+00:00,2023-01-25 11:01:30.940000+00:00,['Regular']
365,bus,2023-01-25 11:01:30.940000+00:00,2023-01-25 11:01:30.940000+00:00,['Regular']
366,bus,2023-01-25 11:01:30.957000+00:00,2023-01-25 11:01:30.957000+00:00,['Regular']
367,bus,2023-01-25 11:01:30.940000+00:00,2023-01-25 11:01:30.940000+00:00,['Regular']
368,bus,2023-01-25 11:01:30.957000+00:00,2023-01-25 11:01:30.957000+00:00,['Regular']
37,bus,2023-01-25 11:01:30.940000+00:00,2023-01-25 11:01:30.940000+00:00,['Regular']
370,bus,2023-01-25 11:01:30.940000+00:00,2023-01-25 11:01:30.940000+00:00,['Regular']
371,bus,2023-01-25 11:01:30.970000+00:00,2023-01-25 11:01:30.970000+00:00,['Regular']
372,bus,2023-01-25 11:01:30.970000+00:00,2023-01-25 11:01:30.970000+00:00,['Regular']
375,bus,2023-01-25 11:01:30.957000+00:00,2023-01-25 11:01:30.957000+00:00,['Regular']
376,bus,2023-01-25 11:01:30.940000+00:00,2023-01-25 11:01:30.940000+00:00,['Regular']
377,bus,2023-01-25 11:01:30.940000+00:00,2023-01-25 11:01:30.940000+00:00,['Regular']
378,bus,2023-01-25 11:01:30.957000+00:00,2023-01-25 11:01:30.957000+00:00,['Regular']
379,bus,2023-01-25 11:01:30.957000+00:00,2023-01-25 11:01:30.957000+00:00,['Regular']
38,bus,2023-01-25 11:01:30.940000+00:00,2023-01-25 11:01:30.940000+00:00,['Regular']
380,bus,2023-01-25 11:01:30.957000+00:00,2023-01-25 11:01:30.957000+00:00,['Regular']
381,bus,2023-01-25 11:01:30.970000+00:00,2023-01-25 11:01:30.970000+00:00,['Regular']
382,bus,2023-01-25 11:01:30.957000+00:00,2023-01-25 11:01:30.957000+00:00,['Regular']
383,bus,2023-01-25 11:01:30.940000+00:00,2023-01-25 11:01:30.940000+00:00,['Regular']
384,bus,2023-01-25 11:01:30.957000+00:00,2023-01-25 11:01:30.957000+00:00,['Regular']
385,bus,2023-01-25 11:01:30.957000+00:00,2023-01-25 11:01:30.957000+00:00,['Regular']
386,bus,2023-01-25 11:01:30.940000+00:00,2023-01-25 11:01:30.940000+00:00,['Regular']
388,bus,2023-01-25 11:01:30.940000+00:00,2023-01-25 11:01:30.940000+00:00,['Regular']
389,bus,2023-01-25 11:01:30.940000+00:00,2023-01-25 11:01:30.940000+00:00,['Regular']
39,bus,2023-01-25 11:01:30.957000+00:00,2023-01-25 11:01:30.957000+00:00,['Regular']
390,bus,2023-01-25 11:01:30.940000+00:00,2023-01-25 11:01:30.940000+00:00,['Regular']
393,bus,2023-01-25 11:01:30.940000+00:00,2023-01-25 11:01:30.940000+00:00,['Regular']
394,bus,2023-01-25 11:01:30.940000+00:00,2023-01-25 11:01:30.940000+00:00,['Regular']
395,bus,2023-01-25 11:01:30.940000+00:00,2023-01-25 11:01:30.940000+00:00,['Regular']
396,bus,2023-01-25 11:01:30.957000+00:00,2023-01-25 11:01:30.957000+00:00,['Regular']
397,bus,2023-01-25 11:01:30.957000+00:00,2023-01-25 11:01:30.957000+00:00,['Regular']
398,bus,2023-01-25 11:01:30.940000+00:00,2023-01-25 11:01:30.940000+00:00,['Regular']
399,bus,2023-01-25 11:01:30.940000+00:00,2023-01-25 11:01:30.940000+00:00,['Regular']
4,bus,2023-01-25 11:01:30.957000+00:00,2023-01-25 11:01:30.957000+00:00,['Regular']
40,bus,2023-01-25 11:01:30.940000+00:00,2023-01-25 11:01:30.940000+00:00,['Regular']
401,bus,2023-01-25 11:01:30.957000+00:00,2023-01-25 11:01:30.957000+00:00,['Regular']
403,bus,2023-01-25 11:01:30.957000+00:00,2023-01-25 11:01:30.957000+00:00,['Regular']
404,bus,2023-01-25 11:01:30.940000+00:00,2023-01-25 11:01:30.940000+00:00,['Regular']
405,bus,2023-01-25 11:01:30.940000+00:00,2023-01-25 11:01:30.940000+00:00,['Regular']
406,bus,2023-01-25 11:01:30.957000+00:00,2023-01-25 11:01:30.957000+00:00,['Regular']
407,bus,2023-01-25 11:01:30.940000+00:00,2023-01-25 11:01:30.940000+00:00,['Regular']
41,bus,2023-01-25 11:01:30.957000+00:00,2023-01-25 11:01:30.957000+00:00,['Regular']
410,bus,2023-01-25 11:01:30.940000+00:00,2023-01-25 11:01:30.940000+00:00,['Regular']
411,bus,2023-01-25 11:01:30.940000+00:00,2023-01-25 11:01:30.940000+00:00,['Regular']
412,bus,2023-01-25 11:01:30.940000+00:00,2023-01-25 11:01:30.940000+00:00,['Regular']
413,bus,2023-01-25 11:01:30.940000+00:00,2023-01-25 11:01:30.940000+00:00,['Regular']
414,bus,2023-01-25 11:01:30.940000+00:00,2023-01-25 11:01:30.940000+00:00,['Regular']
415,bus,2023-01-25 11:01:30.957000+00:00,2023-01-25 11:01:30.957000+00:00,['Regular']
417,bus,2023-01-25 11:01:30.940000+00:00,2023-01-25 11:01:30.940000+00:00,['Regular']
418,bus,2023-01-25 11:01:30.957000+00:00,2023-01-25 11:01:30.957000+00:00,['Regular']
419,bus,2023-01-25 11:01:30.957000+00:00,2023-01-25 11:01:30.957000+00:00,['Regular']
42,bus,2023-01-25 11:01:30.940000+00:00,2023-01-25 11:01:30.940000+00:00,['Regular']
422,bus,2023-01-25 11:01:30.957000+00:00,2023-01-25 11:01:30.957000+00:00,['Regular']
423,bus,2023-01-25 11:01:30.957000+00:00,2023-01-25 11:01:30.957000+00:00,['Regular']
424,bus,2023-01-25 11:01:30.940000+00:00,2023-01-25 11:01:30.940000+00:00,['Regular']
425,bus,2023-01-25 11:01:30.970000+00:00,2023-01-25 11:01:30.970000+00:00,['Regular']
427,bus,2023-01-25 11:01:30.940000+00:00,2023-01-25 11:01:30.940000+00:00,['Regular']
428,bus,2023-01-25 11:01:30.957000+00:00,2023-01-25 11:01:30.957000+00:00,['Regular']
43,bus,2023-01-25 11:01:30.957000+00:00,2023-01-25 11:01:30.957000+00:00,['Regular']
430,bus,2023-01-25 11:01:30.940000+00:00,2023-01-25 11:01:30.940000+00:00,['Regular']
432,bus,2023-01-25 11:01:30.940000+00:00,2023-01-25 11:01:30.940000+00:00,['Regular']
433,bus,2023-01-25 11:01:30.940000+00:00,2023-01-25 11:01:30.940000+00:00,['Regular']
434,bus,2023-01-25 11:01:30.940000+00:00,2023-01-25 11:01:30.940000+00:00,['Regular']
436,bus,2023-01-25 11:01:30.940000+00:00,2023-01-25 11:01:30.940000+00:00,['Regular']
44,bus,2023-01-25 11:01:30.957000+00:00,2023-01-25 11:01:30.957000+00:00,['Regular']
440,bus,2023-01-25 11:01:30.940000+00:00,2023-01-25 11:01:30.940000+00:00,['Regular']
444,bus,2023-01-25 11:01:30.940000+00:00,2023-01-25 11:01:30.940000+00:00,['Regular']
45,bus,2023-01-25 11:01:30.940000+00:00,2023-01-25 11:01:30.940000+00:00,['Regular']
450,bus,2023-01-25 11:01:30.940000+00:00,2023-01-25 11:01:30.940000+00:00,['Regular']
452,bus,2023-01-25 11:01:30.940000+00:00,2023-01-25 11:01:30.940000+00:00,['Regular']
453,bus,2023-01-25 11:01:30.940000+00:00,2023-01-25 11:01:30.940000+00:00,['Regular']
455,bus,2023-01-25 11:01:30.957000+00:00,2023-01-25 11:01:30.957000+00:00,['Regular']
456,bus,2023-01-25 11:01:30.957000+00:00,2023-01-25 11:01:30.957000+00:00,['Regular']
46,bus,2023-01-25 11:01:30.940000+00:00,2023-01-25 11:01:30.940000+00:00,['Regular']
460,bus,2023-01-25 11:01:30.957000+00:00,2023-01-25 11:01:30.957000+00:00,['Regular']
462,bus,2023-01-25 11:01:30.940000+00:00,2023-01-25 11:01:30.940000+00:00,['Regular']
463,bus,2023-01-25 11:01:30.970000+00:00,2023-01-25 11:01:30.970000+00:00,['Regular']
464,bus,2023-01-25 11:01:30.940000+00:00,2023-01-25 11:01:30.940000+00:00,['Regular']
465,bus,2023-01-25 11:01:30.940000+00:00,2023-01-25 11:01:30.940000+00:00,['Regular']
466,bus,2023-01-25 11:01:30.940000+00:00,2023-01-25 11:01:30.940000+00:00,['Regular']
467,bus,2023-01-25 11:01:30.940000+00:00,2023-01-25 11:01:30.940000+00:00,['Regular']
468,bus,2023-01-25 11:01:30.957000+00:00,2023-01-25 11:01:30.957000+00:00,['Regular']
469,bus,2023-01-25 11:01:30.957000+00:00,2023-01-25 11:01:30.957000+00:00,['Regular']
47,bus,2023-01-25 11:01:30.940000+00:00,2023-01-25 11:01:30.940000+00:00,['Regular']
470,bus,2023-01-25 11:01:30.940000+00:00,2023-01-25 11:01:30.940000+00:00,['Regular']
472,bus,2023-01-25 11:01:30.940000+00:00,2023-01-25 11:01:30.940000+00:00,['Regular']
473,bus,2023-01-25 11:01:30.940000+00:00,2023-01-25 11:01:30.940000+00:00,['Regular']
474,bus,2023-01-25 11:01:30.940000+00:00,2023-01-25 11:01:30.940000+00:00,['Regular']
476,bus,2023-01-25 11:01:30.957000+00:00,2023-01-25 11:01:30.957000+00:00,['Regular']
481,bus,2023-01-25 11:01:30.940000+00:00,2023-01-25 11:01:30.940000+00:00,['Regular']
482,bus,2023-01-25 11:01:30.940000+00:00,2023-01-25 11:01:30.940000+00:00,['Regular']
483,bus,2023-01-25 11:01:30.940000+00:00,2023-01-25 11:01:30.940000+00:00,['Regular']
484,bus,2023-01-25 11:01:30.940000+00:00,2023-01-25 11:01:30.940000+00:00,['Regular']
485,bus,2023-01-25 11:01:30.940000+00:00,2023-01-25 11:01:30.940000+00:00,['Regular']
486,bus,2023-01-25 11:01:30.957000+00:00,2023-01-25 11:01:30.957000+00:00,['Regular']
487,bus,2023-01-25 11:01:30.957000+00:00,2023-01-25 11:01:30.957000+00:00,['Regular']
488,bus,2023-01-25 11:01:30.940000+00:00,2023-01-25 11:01:30.940000+00:00,['Regular']
49,bus,2023-01-25 11:01:30.940000+00:00,2023-01-25 11:01:30.940000+00:00,['Regular']
490,bus,2023-01-25 11:01:30.970000+00:00,2023-01-25 11:01:30.970000+00:00,['Regular']
491,bus,2023-01-25 11:01:30.957000+00:00,2023-01-25 11:01:30.957000+00:00,['Regular']
492,bus,2023-01-25 11:01:30.940000+00:00,2023-01-25 11:01:30.940000+00:00,['Regular']
493,bus,2023-01-25 11:01:30.940000+00:00,2023-01-25 11:01:30.940000+00:00,['Regular']
496,bus,2023-01-25 11:01:30.940000+00:00,2023-01-25 11:01:30.940000+00:00,['Regular']
497,bus,2023-01-25 11:01:30.957000+00:00,2023-01-25 11:01:30.957000+00:00,['Regular']
498,bus,2023-01-25 11:01:30.957000+00:00,2023-01-25 11:01:30.957000+00:00,['Regular']
499,bus,2023-01-25 11:01:30.957000+00:00,2023-01-25 11:01:30.957000+00:00,['Regular']
5,bus,2023-01-25 11:01:30.940000+00:00,2023-01-25 11:01:30.940000+00:00,['Regular']
50,bus,2023-01-25 11:01:30.940000+00:00,2023-01-25 11:01:30.940000+00:00,['Regular']
507,bus,2023-01-25 11:01:30.940000+00:00,2023-01-25 11:01:30.940000+00:00,['Regular']
51,bus,2023-01-25 11:01:30.970000+00:00,2023-01-25 11:01:30.970000+00:00,['Regular']
52,bus,2023-01-25 11:01:30.940000+00:00,2023-01-25 11:01:30.940000+00:00,['Regular']
521,bus,2023-01-25 11:01:30.940000+00:00,2023-01-25 11:01:30.940000+00:00,['Regular']
53,bus,2023-01-25 11:01:30.940000+00:00,2023-01-25 11:01:30.940000+00:00,['Regular']
533,bus,2023-01-25 11:01:30.957000+00:00,2023-01-25 11:01:30.957000+00:00,['Regular']
54,bus,2023-01-25 11:01:30.940000+00:00,2023-01-25 11:01:30.940000+00:00,['Regular']
549,bus,2023-01-25 11:01:30.940000+00:00,2023-01-25 11:01:30.940000+00:00,['Regular']
55,bus,2023-01-25 11:01:30.940000+00:00,2023-01-25 11:01:30.940000+00:00,['Regular']
56,bus,2023-01-25 11:01:30.940000+00:00,2023-01-25 11:01:30.940000+00:00,['Regular']
57,bus,2023-01-25 11:01:30.940000+00:00,2023-01-25 11:01:30.940000+00:00,['Regular']
58,bus,2023-01-25 11:01:30.940000+00:00,2023-01-25 11:01:30.940000+00:00,['Regular']
59,bus,2023-01-25 11:01:30.940000+00:00,2023-01-25 11:01:30.940000+00:00,['Regular']
6,bus,2023-01-25 11:01:30.970000+00:00,2023-01-25 11:01:30.970000+00:00,['Regular']
60,bus,2023-01-25 11:01:30.940000+00:00,2023-01-25 11:01:30.940000+00:00,['Regular']
601,bus,2023-01-25 11:01:30.957000+00:00,2023-01-25 11:01:30.957000+00:00,['Regular']
602,bus,2023-01-25 11:01:30.940000+00:00,2023-01-25 11:01:30.940000+00:00,['Regular']
603,bus,2023-01-25 11:01:30.940000+00:00,2023-01-25 11:01:30.940000+00:00,['Regular']
605,bus,2023-01-25 11:01:30.923000+00:00,2023-01-25 11:01:30.923000+00:00,['Regular']
606,bus,2023-01-25 11:01:30.940000+00:00,2023-01-25 11:01:30.940000+00:00,['Regular']
607,bus,2023-01-25 11:01:30.957000+00:00,2023-01-25 11:01:30.957000+00:00,['Regular']
608,bus,2023-01-25 11:01:30.940000+00:00,2023-01-25 11:01:30.940000+00:00,['Regular']
61,bus,2023-01-25 11:01:30.957000+00:00,2023-01-25 11:01:30.957000+00:00,['Regular']
612,bus,2023-01-25 11:01:30.940000+00:00,2023-01-25 11:01:30.940000+00:00,['Regular']
613,bus,2023-01-25 11:01:30.957000+00:00,2023-01-25 11:01:30.957000+00:00,['Regular']
616,bus,2023-01-25 11:01:30.940000+00:00,2023-01-25 11:01:30.940000+00:00,['Regular']
617,bus,2023-01-25 11:01:30.940000+00:00,2023-01-25 11:01:30.940000+00:00,['Regular']
62,bus,2023-01-25 11:01:30.940000+00:00,2023-01-25 11:01:30.940000+00:00,['Regular']
621,bus,2023-01-25 11:01:30.940000+00:00,2023-01-25 11:01:30.940000+00:00,['Regular']
624,bus,2023-01-25 11:01:30.957000+00:00,2023-01-25 11:01:30.957000+00:00,['Regular']
625,bus,2023-01-25 11:01:30.940000+00:00,2023-01-25 11:01:30.940000+00:00,['Regular']
626,bus,2023-01-25 11:01:30.957000+00:00,2023-01-25 11:01:30.957000+00:00,['Regular']
627,bus,2023-01-25 11:01:30.940000+00:00,2023-01-25 11:01:30.940000+00:00,['Regular']
628,bus,2023-01-25 11:01:30.940000+00:00,2023-01-25 11:01:30.940000+00:00,['Regular']
629,bus,2023-01-25 11:01:30.940000+00:00,2023-01-25 11:01:30.940000+00:00,['Regular']
63,bus,2023-01-25 11:01:30.970000+00:00,2023-01-25 11:01:30.970000+00:00,['Regular']
631,bus,2023-01-25 11:01:30.957000+00:00,2023-01-25 11:01:30.957000+00:00,['Regular']
632,bus,2023-01-25 11:01:30.957000+00:00,2023-01-25 11:01:30.957000+00:00,['Regular']
633,bus,2023-01-25 11:01:30.923000+00:00,2023-01-25 11:01:30.923000+00:00,['Regular']
635,bus,2023-01-25 11:01:30.940000+00:00,2023-01-25 11:01:30.940000+00:00,['Regular']
638,bus,2023-01-25 11:01:30.940000+00:00,2023-01-25 11:01:30.940000+00:00,['Regular']
639,bus,2023-01-25 11:01:30.940000+00:00,2023-01-25 11:01:30.940000+00:00,['Regular']
64,bus,2023-01-25 11:01:30.957000+00:00,2023-01-25 11:01:30.957000+00:00,['Regular']
640,bus,2023-01-25 11:01:30.940000+00:00,2023-01-25 11:01:30.940000+00:00,['Regular']
642,bus,2023-01-25 11:01:30.957000+00:00,2023-01-25 11:01:30.957000+00:00,['Regular']
643,bus,2023-01-25 11:01:30.940000+00:00,2023-01-25 11:01:30.940000+00:00,['Regular']
645,bus,2023-01-25 11:01:30.940000+00:00,2023-01-25 11:01:30.940000+00:00,['Regular']
646,bus,2023-01-25 11:01:30.940000+00:00,2023-01-25 11:01:30.940000+00:00,['Regular']
649,bus,2023-01-25 11:01:30.957000+00:00,2023-01-25 11:01:30.957000+00:00,['Regular']
65,bus,2023-01-25 11:01:30.940000+00:00,2023-01-25 11:01:30.940000+00:00,['Regular']
650,bus,2023-01-25 11:01:30.940000+00:00,2023-01-25 11:01:30.940000+00:00,['Regular']
651,bus,2023-01-25 11:01:30.940000+00:00,2023-01-25 11:01:30.940000+00:00,['Regular']
652,bus,2023-01-25 11:01:30.940000+00:00,2023-01-25 11:01:30.940000+00:00,['Regular']
653,bus,2023-01-25 11:01:30.957000+00:00,2023-01-25 11:01:30.957000+00:00,['Regular']
654,bus,2023-01-25 11:01:30.923000+00:00,2023-01-25 11:01:30.923000+00:00,['Regular']
655,bus,2023-01-25 11:01:30.957000+00:00,2023-01-25 11:01:30.957000+00:00,['Regular']
656,bus,2023-01-25 11:01:30.940000+00:00,2023-01-25 11:01:30.940000+00:00,['Regular']
657,bus,2023-01-25 11:01:30.957000+00:00,2023-01-25 11:01:30.957000+00:00,['Regular']
658,bus,2023-01-25 11:01:30.940000+00:00,2023-01-25 11:01:30.940000+00:00,['Regular']
66,bus,2023-01-25 11:01:30.957000+00:00,2023-01-25 11:01:30.957000+00:00,['Regular']
660,bus,2023-01-25 11:01:30.940000+00:00,2023-01-25 11:01:30.940000+00:00,['Regular']
661,bus,2023-01-25 11:01:30.940000+00:00,2023-01-25 11:01:30.940000+00:00,['Regular']
662,bus,2023-01-25 11:01:30.940000+00:00,2023-01-25 11:01:30.940000+00:00,['Regular']
663,bus,2023-01-25 11:01:30.957000+00:00,2023-01-25 11:01:30.957000+00:00,['Regular']
664,bus,2023-01-25 11:01:30.940000+00:00,2023-01-25 11:01:30.940000+00:00,['Regular']
665,bus,2023-01-25 11:01:30.923000+00:00,2023-01-25 11:01:30.923000+00:00,['Regular']
667,bus,2023-01-25 11:01:30.940000+00:00,2023-01-25 11:01:30.940000+00:00,['Regular']
669,bus,2023-01-25 11:01:30.940000+00:00,2023-01-25 11:01:30.940000+00:00,['Regular']
67,bus,2023-01-25 11:01:30.940000+00:00,2023-01-25 11:01:30.940000+00:00,['Regular']
670,bus,2023-01-25 11:01:30.957000+00:00,2023-01-25 11:01:30.957000+00:00,['Regular']
671,bus,2023-01-25 11:01:30.957000+00:00,2023-01-25 11:01:30.957000+00:00,['Regular']
672,bus,2023-01-25 11:01:30.940000+00:00,2023-01-25 11:01:30.940000+00:00,['Regular']
673,bus,2023-01-25 11:01:30.957000+00:00,2023-01-25 11:01:30.957000+00:00,['Regular']
674,bus,2023-01-25 11:01:30.957000+00:00,2023-01-25 11:01:30.957000+00:00,['Regular']
675,bus,2023-01-25 11:01:30.957000+00:00,2023-01-25 11:01:30.957000+00:00,['Regular']
677,bus,2023-01-25 11:01:30.957000+00:00,2023-01-25 11:01:30.957000+00:00,['Regular']
678,bus,2023-01-25 11:01:30.957000+00:00,2023-01-25 11:01:30.957000+00:00,['Regular']
679,bus,2023-01-25 11:01:30.923000+00:00,2023-01-25 11:01:30.923000+00:00,['Regular']
68,bus,2023-01-25 11:01:30.970000+00:00,2023-01-25 11:01:30.970000+00:00,['Regular']
681,bus,2023-01-25 11:01:30.940000+00:00,2023-01-25 11:01:30.940000+00:00,['Regular']
683,bus,2023-01-25 11:01:30.940000+00:00,2023-01-25 11:01:30.940000+00:00,['Regular']
684,bus,2023-01-25 11:01:30.940000+00:00,2023-01-25 11:01:30.940000+00:00,['Regular']
685,bus,2023-01-25 11:01:30.923000+00:00,2023-01-25 11:01:30.923000+00:00,['Regular']
686,bus,2023-01-25 11:01:30.940000+00:00,2023-01-25 11:01:30.940000+00:00,['Regular']
687,bus,2023-01-25 11:01:30.940000+00:00,2023-01-25 11:01:30.940000+00:00,['Regular']
688,bus,2023-01-25 11:01:30.940000+00:00,2023-01-25 11:01:30.940000+00:00,['Regular']
689,bus,2023-01-25 11:01:30.957000+00:00,2023-01-25 11:01:30.957000+00:00,['Regular']
69,bus,2023-01-25 11:01:30.940000+00:00,2023-01-25 11:01:30.940000+00:00,['Regular']
690,bus,2023-01-25 11:01:30.940000+00:00,2023-01-25 11:01:30.940000+00:00,['Regular']
692,bus,2023-01-25 11:01:30.940000+00:00,2023-01-25 11:01:30.940000+00:00,['Regular']
696,bus,2023-01-25 11:01:30.940000+00:00,2023-01-25 11:01:30.940000+00:00,['Regular']
697,bus,2023-01-25 11:01:30.940000+00:00,2023-01-25 11:01:30.940000+00:00,['Regular']
698,bus,2023-01-25 11:01:30.940000+00:00,2023-01-25 11:01:30.940000+00:00,['Regular']
699,bus,2023-01-25 11:01:30.957000+00:00,2023-01-25 11:01:30.957000+00:00,['Regular']
7,bus,2023-01-25 11:01:30.940000+00:00,2023-01-25 11:01:30.940000+00:00,['Regular']
70,bus,2023-01-25 11:01:30.957000+00:00,2023-01-25 11:01:30.957000+00:00,['Regular']
71,bus,2023-01-25 11:01:30.940000+00:00,2023-01-25 11:01:30.940000+00:00,['Regular']
72,bus,2023-01-25 11:01:30.940000+00:00,2023-01-25 11:01:30.940000+00:00,['Regular']
73,bus,2023-01-25 11:01:30.940000+00:00,2023-01-25 11:01:30.940000+00:00,['Regular']
74,bus,2023-01-25 11:01:30.940000+00:00,2023-01-25 11:01:30.940000+00:00,['Regular']
75,bus,2023-01-25 11:01:30.940000+00:00,2023-01-25 11:01:30.940000+00:00,['Regular']
76,bus,2023-01-25 11:01:30.940000+00:00,2023-01-25 11:01:30.940000+00:00,['Regular']
77,bus,2023-01-25 11:01:30.970000+00:00,2023-01-25 11:01:30.970000+00:00,['Regular']
78,bus,2023-01-25 11:01:30.940000+00:00,2023-01-25 11:01:30.940000+00:00,['Regular']
79,bus,2023-01-25 11:01:30.957000+00:00,2023-01-25 11:01:30.957000+00:00,['Regular']
8,bus,2023-01-25 11:01:30.957000+00:00,2023-01-25 11:01:30.957000+00:00,['Regular']
80,bus,2023-01-25 11:01:30.940000+00:00,2023-01-25 11:01:30.940000+00:00,['Regular']
81,bus,2023-01-25 11:01:30.957000+00:00,2023-01-25 11:01:30.957000+00:00,['Regular']
83,bus,2023-01-25 11:01:30.940000+00:00,2023-01-25 11:01:30.940000+00:00,['Regular']
85,bus,2023-01-25 11:01:30.957000+00:00,2023-01-25 11:01:30.957000+00:00,['Regular']
86,bus,2023-01-25 11:01:30.940000+00:00,2023-01-25 11:01:30.940000+00:00,['Regular']
87,bus,2023-01-25 11:01:30.940000+00:00,2023-01-25 11:01:30.940000+00:00,['Regular']
88,bus,2023-01-25 11:01:30.940000+00:00,2023-01-25 11:01:30.940000+00:00,['Regular']
89,bus,2023-01-25 11:01:30.940000+00:00,2023-01-25 11:01:30.940000+00:00,['Regular']
9,bus,2023-01-25 11:01:30.940000+00:00,2023-01-25 11:01:30.940000+00:00,['Regular']
90,bus,2023-01-25 11:01:30.957000+00:00,2023-01-25 11:01:30.957000+00:00,['Regular']
91,bus,2023-01-25 11:01:30.940000+00:00,2023-01-25 11:01:30.940000+00:00,['Regular']
92,bus,2023-01-25 11:01:30.940000+00:00,2023-01-25 11:01:30.940000+00:00,['Regular']
93,bus,2023-01-25 11:01:30.940000+00:00,2023-01-25 11:01:30.940000+00:00,['Regular']
94,bus,2023-01-25 11:01:30.940000+00:00,2023-01-25 11:01:30.940000+00:00,['Regular']
95,bus,2023-01-25 11:01:30.940000+00:00,2023-01-25 11:01:30.940000+00:00,['Regular']
96,bus,2023-01-25 11:01:30.940000+00:00,2023-01-25 11:01:30.940000+00:00,['Regular']
969,bus,2023-01-25 11:01:30.957000+00:00,2023-01-25 11:01:30.957000+00:00,['Regular']
97,bus,2023-01-25 11:01:30.940000+00:00,2023-01-25 11:01:30.940000+00:00,['Regular']
98,bus,2023-01-25 11:01:30.957000+00:00,2023-01-25 11:01:30.957000+00:00,['Regular']
99,bus,2023-01-25 11:01:30.957000+00:00,2023-01-25 11:01:30.957000+00:00,['Regular']
a10,bus,2023-01-25 11:01:30.940000+00:00,2023-01-25 11:01:30.940000+00:00,['Regular']
b11,bus,2023-01-25 11:01:30.940000+00:00,2023-01-25 11:01:30.940000+00:00,['Regular']
b12,bus,2023-01-25 11:01:30.957000+00:00,2023-01-25 11:01:30.957000+00:00,['Regular']
b13,bus,2023-01-25 11:01:30.957000+00:00,2023-01-25 11:01:30.957000+00:00,['Regular']
b14,bus,2023-01-25 11:01:30.957000+00:00,2023-01-25 11:01:30.957000+00:00,['Regular']
b15,bus,2023-01-25 11:01:30.940000+00:00,2023-01-25 11:01:30.940000+00:00,['Regular']
b16,bus,2023-01-25 11:01:30.957000+00:00,2023-01-25 11:01:30.957000+00:00,['Regular']
c1,bus,2023-01-25 11:01:30.940000+00:00,2023-01-25 11:01:30.940000+00:00,['Regular']
c10,bus,2023-01-25 11:01:30.940000+00:00,2023-01-25 11:01:30.940000+00:00,['Regular']
c11,bus,2023-01-25 11:01:30.940000+00:00,2023-01-25 11:01:30.940000+00:00,['Regular']
c3,bus,2023-01-25 11:01:30.957000+00:00,2023-01-25 11:01:30.957000+00:00,['Regular']
d3,bus,2023-01-25 11:01:30.940000+00:00,2023-01-25 11:01:30.940000+00:00,['Regular']
d6,bus,2023-01-25 11:01:30.940000+00:00,2023-01-25 11:01:30.940000+00:00,['Regular']
d7,bus,2023-01-25 11:01:30.940000+00:00,2023-01-25 11:01:30.940000+00:00,['Regular']
d8,bus,2023-01-25 11:01:30.957000+00:00,2023-01-25 11:01:30.957000+00:00,['Regular']
e1,bus,2023-01-25 11:01:30.957000+00:00,2023-01-25 11:01:30.957000+00:00,['Regular']
e10,bus,2023-01-25 11:01:30.957000+00:00,2023-01-25 11:01:30.957000+00:00,['Regular']
e11,bus,2023-01-25 11:01:30.940000+00:00,2023-01-25 11:01:30.940000+00:00,['Regular']
e2,bus,2023-01-25 11:01:30.940000+00:00,2023-01-25 11:01:30.940000+00:00,['Regular']
e3,bus,2023-01-25 11:01:30.940000+00:00,2023-01-25 11:01:30.940000+00:00,['Regular']
e5,bus,2023-01-25 11:01:30.940000+00:00,2023-01-25 11:01:30.940000+00:00,['Regular']
e6,bus,2023-01-25 11:01:30.940000+00:00,2023-01-25 11:01:30.940000+00:00,['Regular']
e7,bus,2023-01-25 11:01:30.940000+00:00,2023-01-25 11:01:30.940000+00:00,['Regular']
e8,bus,2023-01-25 11:01:30.940000+00:00,2023-01-25 11:01:30.940000+00:00,['Regular']
e9,bus,2023-01-25 11:01:30.957000+00:00,2023-01-25 11:01:30.957000+00:00,['Regular']
el1,bus,2023-01-25 11:01:30.957000+00:00,2023-01-25 11:01:30.957000+00:00,['Regular']
el2,bus,2023-01-25 11:01:30.940000+00:00,2023-01-25 11:01:30.940000+00:00,['Regular']
el3,bus,2023-01-25 11:01:30.957000+00:00,2023-01-25 11:01:30.957000+00:00,['Regular']
g1,bus,2023-01-25 11:01:30.957000+00:00,2023-01-25 11:01:30.957000+00:00,['Regular']
h10,bus,2023-01-25 11:01:30.940000+00:00,2023-01-25 11:01:30.940000+00:00,['Regular']
h11,bus,2023-01-25 11:01:30.957000+00:00,2023-01-25 11:01:30.957000+00:00,['Regular']
h12,bus,2023-01-25 11:01:30.957000+00:00,2023-01-25 11:01:30.957000+00:00,['Regular']
h13,bus,2023-01-25 11:01:30.940000+00:00,2023-01-25 11:01:30.940000+00:00,['Regular']
h14,bus,2023-01-25 11:01:30.957000+00:00,2023-01-25 11:01:30.957000+00:00,['Regular']
h17,bus,2023-01-25 11:01:30.940000+00:00,2023-01-25 11:01:30.940000+00:00,['Regular']
h18,bus,2023-01-25 11:01:30.957000+00:00,2023-01-25 11:01:30.957000+00:00,['Regular']
h19,bus,2023-01-25 11:01:30.957000+00:00,2023-01-25 11:01:30.957000+00:00,['Regular']
h2,bus,2023-01-25 11:01:30.940000+00:00,2023-01-25 11:01:30.940000+00:00,['Regular']
h20,bus,2023-01-25 11:01:30.940000+00:00,2023-01-25 11:01:30.940000+00:00,['Regular']
h22,bus,2023-01-25 11:01:30.940000+00:00,2023-01-25 11:01:30.940000+00:00,['Regular']
h25,bus,2023-01-25 11:01:30.940000+00:00,2023-01-25 11:01:30.940000+00:00,['Regular']
h26,bus,2023-01-25 11:01:30.940000+00:00,2023-01-25 11:01:30.940000+00:00,['Regular']
h28,bus,2023-01-25 11:01:30.957000+00:00,2023-01-25 11:01:30.957000+00:00,['Regular']
h3,bus,2023-01-25 11:01:30.957000+00:00,2023-01-25 11:01:30.957000+00:00,['Regular']
h32,bus,2023-01-25 11:01:30.940000+00:00,2023-01-25 11:01:30.940000+00:00,['Regular']
h37,bus,2023-01-25 11:01:30.940000+00:00,2023-01-25 11:01:30.940000+00:00,['Regular']
h9,bus,2023-01-25 11:01:30.957000+00:00,2023-01-25 11:01:30.957000+00:00,['Regular']
h91,bus,2023-01-25 11:01:30.970000+00:00,2023-01-25 11:01:30.970000+00:00,['Regular']
h98,bus,2023-01-25 11:01:30.940000+00:00,2023-01-25 11:01:30.940000+00:00,['Regular']
k1,bus,2023-01-25 11:01:30.940000+00:00,2023-01-25 11:01:30.940000+00:00,['Regular']
k2,bus,2023-01-25 11:01:30.940000+00:00,2023-01-25 11:01:30.940000+00:00,['Regular']
k3,bus,2023-01-25 11:01:30.957000+00:00,2023-01-25 11:01:30.957000+00:00,['Regular']
k4,bus,2023-01-25 11:01:30.940000+00:00,2023-01-25 11:01:30.940000+00:00,['Regular']
k5,bus,2023-01-25 11:01:30.940000+00:00,2023-01-25 11:01:30.940000+00:00,['Regular']
n1,bus,2023-01-25 11:01:30.940000+00:00,2023-01-25 11:01:30.940000+00:00,['Regular']
n109,bus,2023-01-25 11:01:30.940000+00:00,2023-01-25 11:01:30.940000+00:00,['Regular']
n11,bus,2023-01-25 11:01:30.957000+00:00,2023-01-25 11:01:30.957000+00:00,['Regular']
n113,bus,2023-01-25 11:01:30.940000+00:00,2023-01-25 11:01:30.940000+00:00,['Regular']
n133,bus,2023-01-25 11:01:30.940000+00:00,2023-01-25 11:01:30.940000+00:00,['Regular']
n136,bus,2023-01-25 11:01:30.940000+00:00,2023-01-25 11:01:30.940000+00:00,['Regular']
n137,bus,2023-01-25 11:01:30.957000+00:00,2023-01-25 11:01:30.957000+00:00,['Regular']
n140,bus,2023-01-25 11:01:30.957000+00:00,2023-01-25 11:01:30.957000+00:00,['Regular']
n15,bus,2023-01-25 11:01:30.957000+00:00,2023-01-25 11:01:30.957000+00:00,['Regular']
n155,bus,2023-01-25 11:01:30.957000+00:00,2023-01-25 11:01:30.957000+00:00,['Regular']
n16,bus,2023-01-25 11:01:30.957000+00:00,2023-01-25 11:01:30.957000+00:00,['Regular']
n171,bus,2023-01-25 11:01:30.940000+00:00,2023-01-25 11:01:30.940000+00:00,['Regular']
n18,bus,2023-01-25 11:01:30.957000+00:00,2023-01-25 11:01:30.957000+00:00,['Regular']
n19,bus,2023-01-25 11:01:30.957000+00:00,2023-01-25 11:01:30.957000+00:00,['Regular']
n199,bus,2023-01-25 11:01:30.940000+00:00,2023-01-25 11:01:30.940000+00:00,['Regular']
n2,bus,2023-01-25 11:01:30.957000+00:00,2023-01-25 11:01:30.957000+00:00,['Regular']
n20,bus,2023-01-25 11:01:30.957000+00:00,2023-01-25 11:01:30.957000+00:00,['Regular']
n205,bus,2023-01-25 11:01:30.957000+00:00,2023-01-25 11:01:30.957000+00:00,['Regular']
n207,bus,2023-01-25 11:01:30.957000+00:00,2023-01-25 11:01:30.957000+00:00,['Regular']
n21,bus,2023-01-25 11:01:30.957000+00:00,2023-01-25 11:01:30.957000+00:00,['Regular']
n22,bus,2023-01-25 11:01:30.940000+00:00,2023-01-25 11:01:30.940000+00:00,['Regular']
n242,bus,2023-01-25 11:01:30.940000+00:00,2023-01-25 11:01:30.940000+00:00,['Regular']
n25,bus,2023-01-25 11:01:30.940000+00:00,2023-01-25 11:01:30.940000+00:00,['Regular']
n250,bus,2023-01-25 11:01:30.957000+00:00,2023-01-25 11:01:30.957000+00:00,['Regular']
n253,bus,2023-01-25 11:01:30.957000+00:00,2023-01-25 11:01:30.957000+00:00,['Regular']
n26,bus,2023-01-25 11:01:30.940000+00:00,2023-01-25 11:01:30.940000+00:00,['Regular']
n266,bus,2023-01-25 11:01:30.940000+00:00,2023-01-25 11:01:30.940000+00:00,['Regular']
n27,bus,2023-01-25 11:01:30.940000+00:00,2023-01-25 11:01:30.940000+00:00,['Regular']
n277,bus,2023-01-25 11:01:30.957000+00:00,2023-01-25 11:01:30.957000+00:00,['Regular']
n279,bus,2023-01-25 11:01:30.940000+00:00,2023-01-25 11:01:30.940000+00:00,['Regular']
n28,bus,2023-01-25 11:01:30.957000+00:00,2023-01-25 11:01:30.957000+00:00,['Regular']
n29,bus,2023-01-25 11:01:30.940000+00:00,2023-01-25 11:01:30.940000+00:00,['Regular']
n3,bus,2023-01-25 11:01:30.940000+00:00,2023-01-25 11:01:30.940000+00:00,['Regular']
n31,bus,2023-01-25 11:01:30.940000+00:00,2023-01-25 11:01:30.940000+00:00,['Regular']
n33,bus,2023-01-25 11:01:30.957000+00:00,2023-01-25 11:01:30.957000+00:00,['Regular']
n343,bus,2023-01-25 11:01:30.940000+00:00,2023-01-25 11:01:30.940000+00:00,['Regular']
n38,bus,2023-01-25 11:01:30.940000+00:00,2023-01-25 11:01:30.940000+00:00,['Regular']
n381,bus,2023-01-25 11:01:30.940000+00:00,2023-01-25 11:01:30.940000+00:00,['Regular']
n41,bus,2023-01-25 11:01:30.940000+00:00,2023-01-25 11:01:30.940000+00:00,['Regular']
n44,bus,2023-01-25 11:01:30.957000+00:00,2023-01-25 11:01:30.957000+00:00,['Regular']
n5,bus,2023-01-25 11:01:30.940000+00:00,2023-01-25 11:01:30.940000+00:00,['Regular']
n53,bus,2023-01-25 11:01:30.940000+00:00,2023-01-25 11:01:30.940000+00:00,['Regular']
n55,bus,2023-01-25 11:01:30.957000+00:00,2023-01-25 11:01:30.957000+00:00,['Regular']
n550,bus,2023-01-25 11:01:30.940000+00:00,2023-01-25 11:01:30.940000+00:00,['Regular']
n551,bus,2023-01-25 11:01:30.957000+00:00,2023-01-25 11:01:30.957000+00:00,['Regular']
n63,bus,2023-01-25 11:01:30.940000+00:00,2023-01-25 11:01:30.940000+00:00,['Regular']
n65,bus,2023-01-25 11:01:30.940000+00:00,2023-01-25 11:01:30.940000+00:00,['Regular']
n68,bus,2023-01-25 11:01:30.940000+00:00,2023-01-25 11:01:30.940000+00:00,['Regular']
n7,bus,2023-01-25 11:01:30.957000+00:00,2023-01-25 11:01:30.957000+00:00,['Regular']
n72,bus,2023-01-25 11:01:30.940000+00:00,2023-01-25 11:01:30.940000+00:00,['Regular']
n73,bus,2023-01-25 11:01:30.940000+00:00,2023-01-25 11:01:30.940000+00:00,['Regular']
n74,bus,2023-01-25 11:01:30.940000+00:00,2023-01-25 11:01:30.940000+00:00,['Regular']
n8,bus,2023-01-25 11:01:30.957000+00:00,2023-01-25 11:01:30.957000+00:00,['Regular']
n83,bus,2023-01-25 11:01:30.940000+00:00,2023-01-25 11:01:30.940000+00:00,['Regular']
n86,bus,2023-01-25 11:01:30.940000+00:00,2023-01-25 11:01:30.940000+00:00,['Regular']
n87,bus,2023-01-25 11:01:30.957000+00:00,2023-01-25 11:01:30.957000+00:00,['Regular']
n89,bus,2023-01-25 11:01:30.940000+00:00,2023-01-25 11:01:30.940000+00:00,['Regular']
n9,bus,2023-01-25 11:01:30.940000+00:00,2023-01-25 11:01:30.940000+00:00,['Regular']
n91,bus,2023-01-25 11:01:30.940000+00:00,2023-01-25 11:01:30.940000+00:00,['Regular']
n97,bus,2023-01-25 11:01:30.940000+00:00,2023-01-25 11:01:30.940000+00:00,['Regular']
n98,bus,2023-01-25 11:01:30.957000+00:00,2023-01-25 11:01:30.957000+00:00,['Regular']
p12,bus,2023-01-25 11:01:30.940000+00:00,2023-01-25 11:01:30.940000+00:00,['Regular']
p13,bus,2023-01-25 11:01:30.957000+00:00,2023-01-25 11:01:30.957000+00:00,['Regular']
p4,bus,2023-01-25 11:01:30.970000+00:00,2023-01-25 11:01:30.970000+00:00,['Regular']
p5,bus,2023-01-25 11:01:30.940000+00:00,2023-01-25 11:01:30.940000+00:00,['Regular']
r1,bus,2023-01-25 11:01:30.957000+00:00,2023-01-25 11:01:30.957000+00:00,['Regular']
r10,bus,2023-01-25 11:01:30.940000+00:00,2023-01-25 11:01:30.940000+00:00,['Regular']
r11,bus,2023-01-25 11:01:30.940000+00:00,2023-01-25 11:01:30.940000+00:00,['Regular']
r2,bus,2023-01-25 11:01:30.940000+00:00,2023-01-25 11:01:30.940000+00:00,['Regular']
r3,bus,2023-01-25 11:01:30.940000+00:00,2023-01-25 11:01:30.940000+00:00,['Regular']
r4,bus,2023-01-25 11:01:30.957000+00:00,2023-01-25 11:01:30.957000+00:00,['Regular']
r5,bus,2023-01-25 11:01:30.923000+00:00,2023-01-25 11:01:30.923000+00:00,['Regular']
r6,bus,2023-01-25 11:01:30.957000+00:00,2023-01-25 11:01:30.957000+00:00,['Regular']
r68,bus,2023-01-25 11:01:30.957000+00:00,2023-01-25 11:01:30.957000+00:00,['Regular']
r7,bus,2023-01-25 11:01:30.940000+00:00,2023-01-25 11:01:30.940000+00:00,['Regular']
r70,bus,2023-01-25 11:01:30.940000+00:00,2023-01-25 11:01:30.940000+00:00,['Regular']
r8,bus,2023-01-25 11:01:30.957000+00:00,2023-01-25 11:01:30.957000+00:00,['Regular']
r9,bus,2023-01-25 11:01:30.940000+00:00,2023-01-25 11:01:30.940000+00:00,['Regular']
s1,bus,2023-01-25 11:01:30.940000+00:00,2023-01-25 11:01:30.940000+00:00,['Regular']
s3,bus,2023-01-25 11:01:30.940000+00:00,2023-01-25 11:01:30.940000+00:00,['Regular']
s4,bus,2023-01-25 11:01:30.940000+00:00,2023-01-25 11:01:30.940000+00:00,['Regular']
u1,bus,2023-01-25 11:01:30.940000+00:00,2023-01-25 11:01:30.940000+00:00,['Regular']
u10,bus,2023-01-25 11:01:30.957000+00:00,2023-01-25 11:01:30.957000+00:00,['Regular']
u2,bus,2023-01-25 11:01:30.940000+00:00,2023-01-25 11:01:30.940000+00:00,['Regular']
u3,bus,2023-01-25 11:01:30.940000+00:00,2023-01-25 11:01:30.940000+00:00,['Regular']
u4,bus,2023-01-25 11:01:30.940000+00:00,2023-01-25 11:01:30.940000+00:00,['Regular']
u5,bus,2023-01-25 11:01:30.940000+00:00,2023-01-25 11:01:30.940000+00:00,['Regular']
u7,bus,2023-01-25 11:01:30.957000+00:00,2023-01-25 11:01:30.957000+00:00,['Regular']
u9,bus,2023-01-25 11:01:30.957000+00:00,2023-01-25 11:01:30.957000+00:00,['Regular']
w11,bus,2023-01-25 11:01:30.957000+00:00,2023-01-25 11:01:30.957000+00:00,['Regular']
w12,bus,2023-01-25 11:01:30.940000+00:00,2023-01-25 11:01:30.940000+00:00,['Regular']
w13,bus,2023-01-25 11:01:30.940000+00:00,2023-01-25 11:01:30.940000+00:00,['Regular']
w14,bus,2023-01-25 11:01:30.957000+00:00,2023-01-25 11:01:30.957000+00:00,['Regular']
w15,bus,2023-01-25 11:01:30.940000+00:00,2023-01-25 11:01:30.940000+00:00,['Regular']
w16,bus,2023-01-25 11:01:30.940000+00:00,2023-01-25 11:01:30.940000+00:00,['Regular']
w19,bus,2023-01-25 11:01:30.940000+00:00,2023-01-25 11:01:30.940000+00:00,['Regular']
w3,bus,2023-01-25 11:01:30.940000+00:00,2023-01-25 11:01:30.940000+00:00,['Regular']
w4,bus,2023-01-25 11:01:30.970000+00:00,2023-01-25 11:01:30.970000+00:00,['Regular']
w5,bus,2023-01-25 11:01:30.940000+00:00,2023-01-25 11:01:30.940000+00:00,['Regular']
w6,bus,2023-01-25 11:01:30.940000+00:00,2023-01-25 11:01:30.940000+00:00,['Regular']
w7,bus,2023-01-25 11:01:30.957000+00:00,2023-01-25 11:01:30.957000+00:00,['Regular']
w8,bus,2023-01-25 11:01:30.940000+00:00,2023-01-25 11:01:30.940000+00:00,['Regular']
w9,bus,2023-01-25 11:01:30.940000+00:00,2023-01-25 11:01:30.940000+00:00,['Regular']
x140,bus,2023-01-25 11:01:30.957000+00:00,2023-01-25 11:01:30.957000+00:00,['Regular']
x26,bus,2023-01-25 11:01:30.940000+00:00,2023-01-25 11:01:30.940000+00:00,['Regular']
x68,bus,2023-01-25 11:01:30.923000+00:00,2023-01-25 11:01:30.923000+00:00,['Regular']
london-cable-car,cable-car,2023-01-25 11:01:30.957000+00:00,2023-01-25 11:01:30.957000+00:00,['Regular']
dlr,dlr,2023-01-25 11:01:30.957000+00:00,2023-01-25 11:01:30.957000+00:00,['Regular']
elizabeth,elizabeth-line,2023-01-25 11:01:30.940000+00:00,2023-01-25 11:01:30.940000+00:00,['Regular']
london-overground,overground,2023-01-25 11:01:30.940000+00:00,2023-01-25 11:01:30.940000+00:00,"['Regular', 'Night']"
city-cruises,river-bus,2023-01-25 11:01:30.940000+00:00,2023-01-25 11:01:30.940000+00:00,['Regular']
rb1,river-bus,2023-01-25 11:01:30.957000+00:00,2023-01-25 11:01:30.957000+00:00,['Regular']
rb2,river-bus,2023-01-25 11:01:30.957000+00:00,2023-01-25 11:01:30.957000+00:00,['Regular']
rb4,river-bus,2023-01-25 11:01:30.957000+00:00,2023-01-25 11:01:30.957000+00:00,['Regular']
rb6,river-bus,2023-01-25 11:01:30.940000+00:00,2023-01-25 11:01:30.940000+00:00,['Regular']
thames-river-services,river-bus,2023-01-25 11:01:30.940000+00:00,2023-01-25 11:01:30.940000+00:00,['Regular']
woolwich-ferry,river-bus,2023-01-25 11:01:30.957000+00:00,2023-01-25 11:01:30.957000+00:00,['Regular']
tram,tram,2023-01-25 11:01:30.940000+00:00,2023-01-25 11:01:30.940000+00:00,['Regular']
bakerloo,tube,2023-01-25 11:01:30.970000+00:00,2023-01-25 11:01:30.970000+00:00,['Regular']
central,tube,2023-01-25 11:01:30.940000+00:00,2023-01-25 11:01:30.940000+00:00,"['Regular', 'Night']"
circle,tube,2023-01-25 11:01:30.940000+00:00,2023-01-25 11:01:30.940000+00:00,['Regular']
district,tube,2023-01-25 11:01:30.940000+00:00,2023-01-25 11:01:30.940000+00:00,['Regular']
hammersmith-city,tube,2023-01-25 11:01:30.940000+00:00,2023-01-25 11:01:30.940000+00:00,['Regular']
jubilee,tube,2023-01-25 11:01:30.940000+00:00,2023-01-25 11:01:30.940000+00:00,"['Regular', 'Night']"
metropolitan,tube,2023-01-25 11:01:30.940000+00:00,2023-01-25 11:01:30.940000+00:00,['Regular']
northern,tube,2023-01-25 11:01:30.940000+00:00,2023-01-25 11:01:30.940000+00:00,"['Regular', 'Night']"
piccadilly,tube,2023-01-25 11:01:30.940000+00:00,2023-01-25 11:01:30.940000+00:00,"['Regular', 'Night']"
victoria,tube,2023-01-25 11:01:30.940000+00:00,2023-01-25 11:01:30.940000+00:00,"['Regular', 'Night']"
waterloo-city,tube,2023-01-25 11:01:30.957000+00:00,2023-01-25 11:01:30.957000+00:00,['Regular']
