,fri,fri,fri,fri,fri,fri,fri,fri,fri,fri,fri,fri,fri,fri,fri,fri,fri,fri,fri,fri,fri,fri,fri,fri,sat,sat,sat,sat,sat,sat,sat,sat,sat,sat,sat,sat,sat,sat,sat,sat,sat,sat,sat,sat,sat,sat,sat,sat,mtt,mtt,mtt,mtt,mtt,mtt,mtt,mtt,mtt,mtt,mtt,mtt,mtt,mtt,mtt,mtt,mtt,mtt,mtt,mtt,mtt,mtt,mtt,mtt,sun,sun,sun,sun,sun,sun,sun,sun,sun,sun,sun,sun,sun,sun,sun,sun,sun,sun,sun,sun,sun,sun,sun,sun
,Morning,Morning,Morning,Morning,AM Peak,AM Peak,AM Peak,AM Peak,Midday,Midday,Midday,Midday,PM Peak,PM Peak,PM Peak,PM Peak,Evening,Evening,Evening,Evening,Late,Late,Late,Late,Morning,Morning,Morning,Morning,AM Peak,AM Peak,AM Peak,AM Peak,Midday,Midday,Midday,Midday,PM Peak,PM Peak,PM Peak,PM Peak,Evening,Evening,Evening,Evening,Late,Late,Late,Late,Morning,Morning,Morning,Morning,AM Peak,AM Peak,AM Peak,AM Peak,Midday,Midday,Midday,Midday,PM Peak,PM Peak,PM Peak,PM Peak,Evening,Evening,Evening,Evening,Late,Late,Late,Late,Morning,Morning,Morning,Morning,AM Peak,AM Peak,AM Peak,AM Peak,Midday,Midday,Midday,Midday,PM Peak,PM Peak,PM Peak,PM Peak,Evening,Evening,Evening,Evening,Late,Late,Late,Late
,alpha,alpha_rnk,distress,distress_rnk,alpha,alpha_rnk,distress,distress_rnk,alpha,alpha_rnk,distress,distress_rnk,alpha,alpha_rnk,distress,distress_rnk,alpha,alpha_rnk,distress,distress_rnk,alpha,alpha_rnk,distress,distress_rnk,alpha,alpha_rnk,distress,distress_rnk,alpha,alpha_rnk,distress,distress_rnk,alpha,alpha_rnk,distress,distress_rnk,alpha,alpha_rnk,distress,distress_rnk,alpha,alpha_rnk,distress,distress_rnk,alpha,alpha_rnk,distress,distress_rnk,alpha,alpha_rnk,distress,distress_rnk,alpha,alpha_rnk,distress,distress_rnk,alpha,alpha_rnk,distress,distress_rnk,alpha,alpha_rnk,distress,distress_rnk,alpha,alpha_rnk,distress,distress_rnk,alpha,alpha_rnk,distress,distress_rnk,alpha,alpha_rnk,distress,distress_rnk,alpha,alpha_rnk,distress,distress_rnk,alpha,alpha_rnk,distress,distress_rnk,alpha,alpha_rnk,distress,distress_rnk,alpha,alpha_rnk,distress,distress_rnk,alpha,alpha_rnk,distress,distress_rnk
"(38, 36)",0.9999,92,0.0,90,0.9999,92,0.0,90,0.9999,92,0.0,90,0.9999,92,0.0,90,0.9999,92,0.0,90,0.9999,87,0.0,1,0.9999,92,0.0,90,0.9999,92,0.0,90,0.9999,92,0.0,90,0.9999,92,0.0,90,0.9999,92,0.0,90,0.9999,87,0.0,4,0.9999,92,0.0,90,0.9999,92,0.0,90,0.9999,92,0.0,90,0.9999,92,0.0,90,0.9999,92,0.0,90,0.9999,87,0.0,1,0.9999,92,0.0,90,0.9999,92,0.0,90,0.9999,92,0.0,90,0.9999,92,0.0,90,0.9999,92,0.0,90,0.9999,87,0.0,1
"(36, 37)",0.16101215379342138,59,0.16795088210089276,70,0.1890179590373201,63,0.1678326274048934,72,0.19880592862095947,63,0.16896386767882593,72,0.21422623985152456,68,0.16877088247637934,72,0.22301921765303234,68,0.1687838317043759,72,0.9995000999900006,9,0.0,2,0.18879437907298036,63,0.1674519539277415,71,0.200006572366774,64,0.16745079866279236,72,0.20236804564027366,64,0.16758697743890585,72,0.21148804069383909,65,0.1675117741953108,72,0.223071116827935,68,0.1682004682063804,72,0.9995000999900006,12,0.0,5,0.16006495239555485,59,0.16797285470173617,70,0.18725233713735512,63,0.16754813690508738,72,0.201702576798661,63,0.16889948244597244,72,0.22048320260001264,68,0.16881405399532926,72,0.2277118803239535,68,0.16870970348800057,72,0.9995000999900006,9,0.0,2,0.1966152930274102,65,0.1678525165635989,71,0.19912587210264165,65,0.1675959060164291,72,0.20972658660177512,66,0.167371398431795,72,0.2289767384394722,68,0.16831818489252443,72,0.23260945142286615,69,0.1682212492557213,72,0.9995000999900006,9,0.0,2
"(36, 30)",0.13991562578838979,49,0.1785019673002486,69,0.09548439322642088,35,0.22201920002214193,58,0.0823204035380184,31,0.24058787528101727,48,0.0675176020703856,28,0.2652005535034497,44,0.060279930331798126,25,0.2798076640422099,40,0.9995000999900006,10,0.0,3,0.09636716384284894,35,0.2207029273574119,56,0.08304332000945014,34,0.23854285388782687,53,0.08032605630109024,31,0.24269399405596495,48,0.07140124438217677,29,0.2572461716772197,44,0.06081169931335739,25,0.27822715727969216,40,0.9995000999900006,13,0.0,6,0.14174632052784808,50,0.17708726442935244,69,0.09822484252441743,37,0.21850870510771828,60,0.07932313763016619,30,0.24510191607377604,48,0.06224285842196231,25,0.2756710311038892,39,0.05683877317499353,25,0.2874490258907374,39,0.9995000999900006,10,0.0,3,0.08627737722546036,33,0.23416555286361385,50,0.08381364727149465,34,0.23751343891563423,53,0.07322154817428594,29,0.25399981318928794,44,0.05628560620081369,24,0.2884339090116749,36,0.05382952060127244,25,0.29426549808741576,39,0.9995000999900006,10,0.0,3
"(36, 38)",0.10017914594443433,37,0.2024413895450185,62,0.12354184310545357,45,0.20244138954501847,64,0.13421811928458172,49,0.20244138954501834,65,0.14743856972006886,52,0.20244138954501867,64,0.1553247089367944,55,0.2024413895450183,66,0.9995000999900006,11,0.0,4,0.12262294952954722,44,0.2024413895450185,63,0.1322894237526011,47,0.20244138954501847,64,0.13461337903298198,49,0.20244138954501878,64,0.1424556281155751,50,0.20244138954501847,64,0.1541594409247502,55,0.20244138954501836,65,0.9995000999900006,14,0.0,7,0.09943682259343067,37,0.20244138954501856,62,0.12148718198134145,45,0.2024413895450187,63,0.1366297145170181,49,0.20244138954501853,65,0.15311274434866684,54,0.20244138954501856,66,0.1593936175127817,57,0.20244138954501853,66,0.9995000999900006,11,0.0,4,0.13013435920340255,48,0.2024413895450185,62,0.1318100595349272,47,0.20244138954501853,64,0.14062210286041132,49,0.20244138954501847,64,0.15971224255446415,58,0.20244138954501847,65,0.16278819518533394,58,0.20244138954501856,64,0.9995000999900006,11,0.0,4
"(37, 0)",0.030523794955262695,15,0.32239967507533723,28,0.026834607623682505,14,0.3233996385603017,28,0.025037188437094238,14,0.32409385802426866,29,0.028997824834876118,15,0.3225999162551507,28,0.0277732089586481,14,0.32414096094126343,27,0.9997000299990002,21,0.0,5,0.03035926987706783,15,0.32064973381043155,28,0.027933540721559513,14,0.3234727643133956,27,0.028941314958971454,15,0.3233457861913823,27,0.028969219850628725,15,0.3208348704080097,27,0.02769425938840664,14,0.325463208387964,25,0.9997000299990002,24,0.0,8,0.030620758243785184,15,0.3222051499671559,28,0.025667436670718802,14,0.32272495379041033,28,0.024008449375158225,13,0.32379254415850994,29,0.02758105890012441,14,0.321836314033797,28,0.025912805117844107,14,0.3236728652160782,28,0.9997000299990002,21,0.0,5,0.028099718167928445,14,0.32292117914951535,28,0.029348849780447717,15,0.3220978899973336,28,0.029178196659229494,15,0.3195332344365909,27,0.025554448446129197,14,0.32287629125674006,28,0.02144411198270424,13,0.3275945753905322,25,0.9997000299990002,21,0.0,5
"(37, 36)",0.3249210853880977,80,0.14655978059413965,73,0.3439031059964367,82,0.1381950796692136,77,0.3540734413063852,82,0.13401956460546993,77,0.33248993253491244,81,0.1430627463102957,77,0.3388467413591356,82,0.1408017863411625,77,0.9997000299990002,22,0.0,6,0.3257193169940983,81,0.14538295307836874,75,0.3379993679083819,82,0.14089894890050383,75,0.33277754469786647,81,0.14325901291680374,77,0.3326354527422062,80,0.14221246110702235,77,0.33926572026344104,81,0.1411838952180585,77,0.9997000299990002,25,0.0,9,0.32445259706733753,81,0.1466968222710764,73,0.35043083179542256,82,0.13502865565345265,77,0.3602089094823937,83,0.1312814599647513,78,0.339868462279207,82,0.13933762445163017,77,0.34903550529017136,82,0.13603622322943248,77,0.9997000299990002,22,0.0,6,0.33712599774830876,81,0.14105866503468267,75,0.3307153553378188,81,0.14367023042640364,75,0.33157550935447766,81,0.14212638267041403,77,0.3510776045762196,82,0.13481057191662466,77,0.3766427577477488,84,0.12602678291946098,78,0.9997000299990002,22,0.0,6
"(0, 40)",0.18681412736409253,63,0.18109613852071402,65,0.1821326181591738,62,0.18099288746681974,69,0.17056909196637127,60,0.18260201375839383,69,0.1845146118821328,62,0.18232271944075795,69,0.17055704107223568,60,0.18252983908719936,69,0.9997000299990002,23,0.0,7,0.19961099937390347,65,0.18116688756883267,68,0.19733258692476274,63,0.18099476166303538,69,0.19586522680057272,62,0.18109742989805774,69,0.1873204976209768,62,0.18094893299536072,69,0.15858070294561388,57,0.1817083169210663,69,0.9997000299990002,26,0.0,10,0.18717553384174979,63,0.1812001028481073,65,0.1771565245773885,60,0.18064225691497288,69,0.167694116676393,60,0.18240340665986426,69,0.17832048632509245,60,0.18236241678511447,69,0.14592093625843006,52,0.18244241256707822,69,0.9997000299990002,23,0.0,7,0.1799030486220502,61,0.1816339292853973,68,0.19800802175548737,63,0.18104392639864114,68,0.184071791014619,63,0.18078908512144928,69,0.15363158483818784,55,0.1819342460879533,69,0.13522573356709744,49,0.18185186370778647,69,0.9997000299990002,23,0.0,7
"(0, 37)",0.07859064156386308,30,0.2416882203711642,47,0.08127123134546066,30,0.2368527721930098,52,0.08836891439466832,33,0.22735569395109742,54,0.07989416857607967,31,0.24099758139515742,48,0.0883766883437005,33,0.22725381400755498,54,0.9997000299990002,24,0.0,8,0.07177131361655298,28,0.25477492429379167,41,0.07293401168806479,29,0.25220609318826,45,0.07369423298492883,30,0.25085353908385283,44,0.078306940930436,31,0.24200130501990935,48,0.09652980690172641,36,0.21440641380414993,60,0.9997000299990002,27,0.0,11,0.0783880366747729,30,0.24219111369856866,47,0.08423924364131452,32,0.23143742124954675,52,0.0902471128283957,33,0.22424758858346944,56,0.08353366565100295,33,0.2348092704524184,54,0.10618083604185302,40,0.20283814441304648,65,0.9997000299990002,24,0.0,8,0.08258553052785622,31,0.23545531486785473,49,0.07258709945546793,29,0.2529638178814463,43,0.08014808544738372,30,0.23852664640086946,52,0.10016687886934206,37,0.20981341140716225,62,0.11530322609912436,43,0.19177429081781616,66,0.9997000299990002,24,0.0,8
"(40, 35)",0.02189866689256892,12,0.33003526512968057,24,0.021202466008953147,12,0.32703502973726895,24,0.021275642069795375,12,0.3268040446658634,25,0.024091665755973102,12,0.3254966908031745,24,0.023118098097965056,12,0.32748345842369847,24,0.9997000299990002,25,0.0,9,0.024527294061557736,13,0.3299714838200723,24,0.024921779199903016,13,0.3254999786105675,24,0.02582073420736275,13,0.32494323514327894,26,0.025450156308029825,13,0.3218456515580066,26,0.021509969795801775,12,0.32706538609759195,24,0.9997000299990002,28,0.0,12,0.021986739424445734,12,0.329922683031279,24,0.020707347820404065,12,0.3260849029398244,24,0.02165513545719533,12,0.32637651179773225,25,0.024487355800132393,13,0.32526363445576467,24,0.01972875164249399,12,0.3284476432839094,24,0.9997000299990002,25,0.0,9,0.021473604970955407,12,0.33244654975477156,24,0.02439792279269115,12,0.3252127056766314,24,0.024220301220832408,12,0.32134638281915984,26,0.019810299131951536,12,0.3260836664311739,24,0.017305044543824755,12,0.32953809842225695,24,0.9997000299990002,25,0.0,9
"(40, 0)",0.3736010488022603,85,0.12820261332928362,79,0.37828408640424227,85,0.12515562549346526,79,0.3777852399765169,85,0.1252660316132733,79,0.3597035139562521,84,0.13218655791220307,78,0.3657212784741364,85,0.13045377744836206,79,0.9997000299990002,26,0.0,10,0.3570842570958145,83,0.13513547975052823,76,0.3547498210573159,83,0.13430842326625814,78,0.34955760973134764,83,0.13634025713509798,78,0.3516770017972912,83,0.13412090473416763,78,0.3761983925143525,85,0.12600144898767898,79,0.9997000299990002,29,0.0,13,0.37301846255176363,85,0.12839723635008432,79,0.3817016106525143,85,0.1234423519098543,79,0.3752233311102142,85,0.1261273448043521,79,0.357322563469632,83,0.1331054977953223,78,0.3886829093479487,85,0.12160950954795119,79,0.9997000299990002,26,0.0,10,0.37644360288085765,85,0.12797452004845056,77,0.35785752547701244,84,0.13285617274058328,78,0.3589254871816435,84,0.13082733544074576,79,0.3880891791490241,85,0.1209619776625613,79,0.40743428265223236,85,0.11497692306401329,79,0.9997000299990002,26,0.0,10
"(35, 8)",1.000088900582341e-12,1,0.32537871123912215,25,1.000088900582341e-12,1,0.3248185594508474,27,1.000088900582341e-12,1,0.3247486859608504,28,1.000088900582341e-12,1,0.32287798698673503,27,1.000088900582341e-12,1,0.3240985990576045,28,0.9997000299990002,27,0.0,11,1.000088900582341e-12,1,0.3272199069395526,25,1.000088900582341e-12,1,0.3225219690141981,28,1.000088900582341e-12,1,0.31892667729416374,28,1.000088900582341e-12,1,0.3179193675799735,28,1.000088900582341e-12,1,0.3222441872113887,28,0.9997000299990002,30,0.0,14,1.000088900582341e-12,1,0.32491834279549975,27,1.000088900582341e-12,1,0.3240268630551192,27,1.000088900582341e-12,1,0.3245457611062253,28,1.000088900582341e-12,1,0.322931693513052,27,1.000088900582341e-12,1,0.3257588035348585,25,0.9997000299990002,27,0.0,11,1.000088900582341e-12,1,0.3300998826813523,25,1.000088900582341e-12,1,0.3227603438152163,27,1.000088900582341e-12,1,0.3175802523366069,28,1.000088900582341e-12,1,0.322986666484184,27,1.000088900582341e-12,1,0.3258843216120546,26,0.9997000299990002,27,0.0,11
"(35, 40)",0.9997000299990002,91,0.0,91,0.9997000299990002,91,0.0,91,0.9997000299990002,91,0.0,91,0.9997000299990002,91,0.0,91,0.9997000299990002,91,0.0,91,0.9997000299990002,28,0.0,12,0.9997000299990002,91,0.0,91,0.9997000299990002,91,0.0,91,0.9997000299990002,91,0.0,91,0.9997000299990002,91,0.0,91,0.9997000299990002,91,0.0,91,0.9997000299990002,31,0.0,15,0.9997000299990002,91,0.0,91,0.9997000299990002,91,0.0,91,0.9997000299990002,91,0.0,91,0.9997000299990002,91,0.0,91,0.9997000299990002,91,0.0,91,0.9997000299990002,28,0.0,12,0.9997000299990002,91,0.0,91,0.9997000299990002,91,0.0,91,0.9997000299990002,91,0.0,91,0.9997000299990002,91,0.0,91,0.9997000299990002,91,0.0,91,0.9997000299990002,28,0.0,12
"(8, 42)",0.018932398314044696,11,0.6792010306214307,4,0.017077835676230002,11,0.6792010306214308,4,0.01845828495073709,11,0.6792010306214304,4,0.017516772770612254,11,0.6792010306214309,4,0.01773948443922757,11,0.6792010306214303,4,0.9993002099650037,1,0.0,13,0.017004810175805907,11,0.6792010306214307,4,0.016828414447235485,11,0.6792010306214303,4,0.01714194714368844,11,0.6792010306214318,4,0.01673782303218596,11,0.6792010306214308,4,0.016422529337273728,11,0.6792010306214303,4,0.9993002099650037,4,0.0,16,0.01893081100833216,11,0.6792010306214312,4,0.017052573338877886,11,0.6792010306214317,4,0.01882704232851573,11,0.679201030621431,4,0.01754045891762135,11,0.6792010306214306,4,0.016700454278915977,11,0.6792010306214303,4,0.9993002099650037,1,0.0,13,0.016614939980324595,11,0.6792010306214312,4,0.01644485080595226,11,0.6792010306214312,4,0.017565848335472256,11,0.6792010306214307,4,0.01743184271648024,11,0.6792010306214308,4,0.016893908975486482,11,0.679201030621431,4,0.9993002099650037,1,0.0,13
"(8, 15)",0.23284530071451426,68,0.2950922596449832,36,0.254803270192946,75,0.27333157383160733,43,0.255245879470247,75,0.2769388383716051,39,0.2659295478849093,75,0.266799828385147,43,0.24207465964868624,71,0.2845389901491946,39,0.9993002099650037,2,0.0,14,0.26617067580551024,76,0.26520015891796,40,0.2669433598325296,76,0.2641744727698993,42,0.2632593916675523,75,0.26758941096758165,43,0.2565972603879154,75,0.27107473272985894,43,0.2386975219935047,71,0.2830954082340007,38,0.9993002099650037,5,0.0,17,0.23493520991771188,69,0.29345915399752837,36,0.25879264501026666,75,0.27044367249098294,43,0.2546464133233597,75,0.2783953235220925,39,0.2668558193040669,76,0.26622916863065366,44,0.2510734849396852,75,0.27488716572383315,40,0.9993002099650037,2,0.0,14,0.24604522821552766,74,0.27826481428463196,36,0.26626490617214416,76,0.2635431582526278,42,0.24909689144346014,75,0.2788512353616556,38,0.2537478202882496,76,0.2751067619457076,37,0.2277123134195066,68,0.29294341287520764,40,0.9993002099650037,2,0.0,14
"(8, 32)",0.1584749563739326,56,0.3632820788479628,19,0.15218125053319187,55,0.36328207884796254,19,0.15689767307224434,56,0.36328207884796254,20,0.15370176155575188,55,0.36328207884796254,20,0.1544656603097394,54,0.36328207884796243,19,0.9993002099650037,3,0.0,15,0.15192631539179735,55,0.3632820788479626,19,0.15130814336373755,55,0.3632820788479626,20,0.1524045979635522,55,0.36328207884796315,19,0.15098935417598214,55,0.3632820788479624,20,0.14987275598520078,54,0.3632820788479623,20,0.9993002099650037,6,0.0,18,0.15846971012945754,57,0.36328207884796265,19,0.15209312309969825,55,0.36328207884796304,19,0.15812624517068663,57,0.3632820788479627,19,0.15378324427676537,55,0.3632820788479626,20,0.15085759188652803,55,0.3632820788479627,20,0.9993002099650037,3,0.0,15,0.15055548762546334,55,0.3632820788479628,19,0.14995217300381514,54,0.36328207884796265,19,0.15387052279497315,55,0.3632820788479629,19,0.15340912070232493,54,0.36328207884796265,20,0.15153805941402632,55,0.3632820788479628,19,0.9993002099650037,3,0.0,15
"(8, 35)",0.3257398661422559,81,0.2324552865182806,52,0.3317014276948549,80,0.22467712770229045,55,0.30599543078949476,80,0.24319668333083203,47,0.3101595031004273,80,0.23833662005063694,53,0.33532635039387393,80,0.2241803667194064,57,0.9993002099650037,4,0.0,16,0.31934531591279103,80,0.2316139635884179,50,0.3218104778201597,80,0.22974357043081584,54,0.3201745089042515,80,0.2314659683584537,53,0.33617703698336765,81,0.22135011665490453,59,0.3669739119162504,84,0.2041009239014858,62,0.9993002099650037,7,0.0,19,0.3230015876037752,80,0.23406372778950119,52,0.3272524162248953,80,0.22715206468572902,53,0.30050988467040773,80,0.2475129755710878,45,0.30868054657025157,80,0.2392893937716632,47,0.3440338331900583,81,0.21692057459856834,60,0.9993002099650037,4,0.0,16,0.3525252581938788,82,0.21212814935305246,57,0.33015780218871693,80,0.22402496821785614,56,0.3295227207268838,80,0.22707663721012689,53,0.32621879231970285,80,0.22865746826557073,54,0.37297285238578226,83,0.20205167417837855,65,0.9993002099650037,4,0.0,16
"(42, 27)",0.3575085514765166,83,0.29908851502886186,35,0.3575085514765166,83,0.29908851502886175,35,0.3575085514765166,83,0.29908851502886186,37,0.3575085514765166,83,0.2990885150288619,35,0.3575085514765164,83,0.29908851502886197,37,0.9997000299990002,29,0.0,17,0.3575085514765166,84,0.29908851502886186,34,0.3575085514765164,84,0.29908851502886186,34,0.35750855147651706,84,0.2990885150288621,35,0.3575085514765164,84,0.2990885150288621,35,0.3575085514765166,82,0.2990885150288618,34,0.9997000299990002,32,0.0,20,0.3575085514765166,83,0.29908851502886197,35,0.3575085514765166,83,0.2990885150288619,35,0.35750855147651706,82,0.29908851502886163,38,0.3575085514765166,84,0.2990885150288618,38,0.3575085514765166,83,0.29908851502886186,37,0.9997000299990002,29,0.0,17,0.3575085514765166,83,0.2990885150288621,34,0.3575085514765166,83,0.2990885150288619,34,0.3575085514765166,83,0.2990885150288619,34,0.35750855147651706,83,0.2990885150288618,34,0.3575085514765166,81,0.29908851502886197,38,0.9997000299990002,29,0.0,17
"(42, 8)",0.024456228141159664,13,0.7313053022970625,3,0.024456228141159664,13,0.7313053022970623,3,0.024456228141159664,13,0.7313053022970624,3,0.024456228141159664,13,0.7313053022970625,3,0.024456228141159775,13,0.7313053022970621,3,0.9997000299990002,30,0.0,18,0.024456228141159664,12,0.7313053022970625,3,0.024456228141159775,12,0.7313053022970618,3,0.024456228141159664,12,0.7313053022970636,3,0.024456228141159664,12,0.7313053022970626,3,0.024456228141159664,13,0.7313053022970624,3,1.000088900582341e-12,1,1.0,1,0.024456228141159664,13,0.7313053022970625,3,0.024456228141159664,13,0.7313053022970628,3,0.024456228141159664,14,0.7313053022970625,3,0.024456228141159664,12,0.7313053022970625,3,0.024456228141159664,13,0.7313053022970627,3,0.9997000299990002,30,0.0,18,0.024456228141159664,13,0.7313053022970629,3,0.024456228141159664,13,0.7313053022970627,3,0.024456228141159664,13,0.7313053022970624,3,0.024456228141159664,13,0.7313053022970629,3,0.024456228141159664,14,0.7313053022970625,3,0.9997000299990002,30,0.0,18
"(27, 25)",0.05218467585584985,23,0.5012715418570479,12,0.05218467585584985,22,0.501271541857048,11,0.05218467585584985,22,0.5012715418570478,11,0.05218467585584985,22,0.5012715418570478,12,0.05218467585584985,22,0.5012715418570476,12,0.9997000299990002,31,0.0,19,0.05218467585584985,21,0.5012715418570478,12,0.05218467585584985,22,0.5012715418570476,12,0.05218467585584985,22,0.5012715418570484,11,0.05218467585584985,22,0.5012715418570477,12,0.05218467585584985,22,0.501271541857048,11,0.9997000299990002,33,0.0,21,0.05218467585584996,23,0.5012715418570477,12,0.05218467585584985,22,0.5012715418570486,11,0.05218467585584985,22,0.5012715418570477,12,0.05218467585584985,22,0.501271541857048,11,0.05218467585584985,22,0.5012715418570477,12,0.9997000299990002,31,0.0,19,0.05218467585584985,22,0.501271541857048,11,0.05218467585584974,21,0.5012715418570484,11,0.05218467585584985,22,0.5012715418570477,12,0.05218467585584985,21,0.5012715418570478,12,0.05218467585584985,22,0.501271541857048,11,0.9997000299990002,31,0.0,19
"(27, 42)",0.245676111454586,72,0.299088515028862,34,0.245676111454586,72,0.29908851502886197,34,0.24567611145458623,72,0.29908851502886163,38,0.245676111454586,72,0.29908851502886186,36,0.245676111454586,73,0.29908851502886175,38,0.9997000299990002,32,0.0,20,0.245676111454586,73,0.29908851502886175,35,0.245676111454586,72,0.2990885150288618,35,0.24567611145458623,72,0.2990885150288619,36,0.245676111454586,72,0.2990885150288618,36,0.24567611145458623,73,0.2990885150288618,35,0.9997000299990002,34,0.0,22,0.24567611145458568,72,0.2990885150288622,34,0.24567611145458634,72,0.29908851502886197,34,0.245676111454586,72,0.29908851502886186,37,0.245676111454586,72,0.29908851502886197,37,0.245676111454586,72,0.2990885150288618,38,0.9997000299990002,32,0.0,20,0.245676111454586,72,0.299088515028862,35,0.24567611145458623,73,0.29908851502886186,35,0.2456761114545858,72,0.2990885150288619,35,0.245676111454586,73,0.2990885150288618,35,0.245676111454586,73,0.299088515028862,37,0.9997000299990002,32,0.0,20
"(25, 21)",0.14319124029533592,51,0.4568800657977658,13,0.1431912402953357,51,0.45688006579776613,13,0.1431912402953357,51,0.45688006579776586,13,0.1431912402953358,50,0.45688006579776597,13,0.1431912402953357,50,0.4568800657977663,13,0.9997000299990002,33,0.0,21,0.1431912402953357,49,0.45688006579776635,13,0.1431912402953357,50,0.4568800657977662,13,0.1431912402953358,51,0.4568800657977663,13,0.1431912402953358,51,0.4568800657977661,13,0.1431912402953357,50,0.456880065797766,13,0.9997000299990002,35,0.0,23,0.14319124029533592,51,0.4568800657977659,13,0.1431912402953357,51,0.4568800657977666,13,0.14319124029533592,51,0.4568800657977659,13,0.1431912402953358,50,0.456880065797766,13,0.1431912402953357,50,0.45688006579776635,13,0.9997000299990002,33,0.0,21,0.1431912402953358,51,0.45688006579776613,13,0.1431912402953357,50,0.4568800657977664,13,0.1431912402953357,51,0.45688006579776635,13,0.1431912402953358,49,0.45688006579776597,13,0.1431912402953358,51,0.4568800657977661,13,0.9997000299990002,33,0.0,21
"(25, 27)",0.10841863401474794,41,0.501271541857048,11,0.10841863401474838,41,0.5012715418570478,12,0.10841863401474816,42,0.5012715418570475,12,0.10841863401474816,42,0.5012715418570479,11,0.10841863401474838,42,0.5012715418570479,11,0.9997000299990002,34,0.0,22,0.10841863401474838,42,0.5012715418570479,11,0.10841863401474838,42,0.5012715418570478,11,0.10841863401474816,42,0.5012715418570484,12,0.10841863401474816,42,0.5012715418570479,11,0.10841863401474838,42,0.5012715418570475,12,0.9997000299990002,36,0.0,24,0.10841863401474794,41,0.5012715418570483,11,0.10841863401474838,42,0.5012715418570481,12,0.10841863401474794,42,0.501271541857048,11,0.10841863401474794,42,0.501271541857048,12,0.10841863401474838,42,0.5012715418570479,11,0.9997000299990002,34,0.0,22,0.10841863401474816,40,0.501271541857048,12,0.10841863401474838,42,0.5012715418570479,12,0.10841863401474838,42,0.501271541857048,11,0.10841863401474816,42,0.5012715418570479,11,0.10841863401474816,41,0.501271541857048,12,0.9997000299990002,34,0.0,22
"(21, 44)",0.06992835971682243,29,0.577718612047322,5,0.06992835971682254,29,0.5777186120473217,5,0.06992835971682276,29,0.5777186120473213,6,0.06992835971682254,29,0.5777186120473221,5,0.06992835971682243,29,0.5777186120473219,5,0.9997000299990002,35,0.0,23,0.06992835971682243,27,0.577718612047322,5,0.06992835971682254,27,0.5777186120473219,5,0.06992835971682243,28,0.5777186120473223,5,0.06992835971682254,28,0.5777186120473219,5,0.06992835971682254,28,0.5777186120473218,5,0.9997000299990002,37,0.0,25,0.06992835971682276,29,0.5777186120473218,6,0.06992835971682254,29,0.5777186120473222,5,0.06992835971682254,29,0.5777186120473218,6,0.06992835971682254,29,0.5777186120473219,6,0.06992835971682254,29,0.577718612047322,5,0.9997000299990002,35,0.0,23,0.06992835971682276,27,0.5777186120473219,5,0.06992835971682254,27,0.5777186120473222,5,0.06992835971682243,28,0.577718612047322,5,0.06992835971682254,29,0.577718612047322,5,0.06992835971682254,28,0.577718612047322,6,0.9997000299990002,35,0.0,23
"(21, 25)",0.2033100365297521,64,0.40477579412213427,16,0.2033100365297521,64,0.40477579412213427,16,0.203310036529752,64,0.4047757941221344,16,0.203310036529752,64,0.40477579412213466,16,0.2033100365297521,64,0.40477579412213427,16,0.9997000299990002,36,0.0,24,0.2033100365297521,66,0.4047757941221344,16,0.2033100365297521,66,0.4047757941221344,16,0.2033100365297521,65,0.4047757941221346,16,0.2033100365297521,64,0.40477579412213444,16,0.203310036529752,65,0.4047757941221345,16,0.9997000299990002,38,0.0,26,0.20331003652975177,64,0.4047757941221348,16,0.2033100365297521,64,0.40477579412213466,16,0.203310036529752,64,0.4047757941221346,16,0.203310036529752,64,0.40477579412213455,16,0.2033100365297521,64,0.40477579412213444,16,0.9997000299990002,36,0.0,24,0.20331003652975177,66,0.4047757941221348,16,0.2033100365297521,66,0.4047757941221346,16,0.2033100365297521,64,0.4047757941221343,16,0.203310036529752,64,0.40477579412213455,16,0.2033100365297521,65,0.40477579412213444,16,0.9997000299990002,36,0.0,24
"(44, 21)",9.999999999998899e-05,2,0.5777186120473219,6,9.999999999998899e-05,2,0.5777186120473217,6,9.999999999998899e-05,2,0.5777186120473218,5,9.999999999998899e-05,2,0.577718612047322,6,9.999999999998899e-05,2,0.5777186120473218,6,0.9999,88,0.0,25,9.999999999998899e-05,2,0.577718612047322,6,9.999999999998899e-05,2,0.5777186120473218,6,9.999999999998899e-05,2,0.5777186120473222,6,9.999999999998899e-05,2,0.5777186120473218,6,9.999999999998899e-05,2,0.5777186120473214,6,0.9999,88,0.0,27,9.999999999998899e-05,2,0.5777186120473219,5,9.999999999998899e-05,2,0.5777186120473222,6,9.999999999998899e-05,2,0.577718612047322,5,9.999999999998899e-05,2,0.5777186120473221,5,9.999999999998899e-05,2,0.577718612047322,6,0.9999,88,0.0,25,9.999999999998899e-05,2,0.5777186120473219,6,9.999999999998899e-05,2,0.5777186120473221,6,9.999999999998899e-05,2,0.5777186120473217,6,9.999999999998899e-05,2,0.577718612047322,6,9.999999999998899e-05,2,0.5777186120473223,5,0.9999,88,0.0,25
"(30, 6)",0.2464827627192574,74,0.1619809163865121,72,0.20902453450710334,65,0.20443715953665914,61,0.22094988192633003,67,0.2144632825245737,61,0.18822730854191239,63,0.22963308825955928,55,0.18572699135588855,63,0.23989767986653024,49,0.9997000299990002,37,0.0,26,0.1518655993975052,54,0.1970983838961164,64,0.1924609210479582,62,0.21529341837663218,61,0.19908523506096354,63,0.2145000932233902,61,0.19371889011963705,63,0.2221470859343467,58,0.16478637603241642,60,0.2389369901280355,52,0.9997000299990002,39,0.0,28,0.24921675073767335,75,0.16030845076604378,72,0.2110714236933693,66,0.2010321984902463,64,0.22137267475224354,67,0.2161876488594719,61,0.18958890665765638,63,0.23464294093420504,55,0.18417684277365576,63,0.24262839441319997,48,0.9997000299990002,37,0.0,26,0.12206642605445772,42,0.21167760707707195,58,0.18045725162579984,61,0.21284462207149507,61,0.18244617399605945,62,0.21954901185598433,59,0.14716952585471743,51,0.24463635898973982,48,0.17446602658993748,60,0.25444070793264706,47,0.9997000299990002,37,0.0,26
"(30, 36)",0.05189834478909039,21,0.27227527184978634,41,0.06718563199208916,28,0.2984467067201886,36,0.061841380682782,26,0.3278620483104836,24,0.07780186367168596,30,0.30827053104342167,32,0.07920378438372011,30,0.3187149323069055,30,0.9997000299990002,38,0.0,27,0.10150577265520999,37,0.2254270108659162,51,0.07549329847301767,30,0.2941093330779855,36,0.072037725546512,29,0.30101433063764776,34,0.07482267369987494,30,0.3050377135713953,32,0.09219603079325245,33,0.289970008625893,37,0.9997000299990002,40,0.0,29,0.050940230950983656,20,0.27214176075956314,41,0.06623282759695837,27,0.29583598737033234,36,0.06166076680142485,26,0.33103143917840894,24,0.07705057576413354,30,0.31677665692106216,30,0.0800877625282288,30,0.3202564697610832,29,0.9997000299990002,38,0.0,27,0.12798020234626606,47,0.20836562014225465,59,0.08225651016781466,31,0.27656509514031985,36,0.08108837673762381,31,0.28768918640423047,36,0.10517676721684233,40,0.2736236899528024,42,0.08589747053313479,33,0.32222811219786257,29,0.9997000299990002,38,0.0,27
"(6, 14)",0.22520835939297856,67,0.16672988698911853,71,0.2101909481849359,66,0.19305879162019796,66,0.23380306717754107,68,0.1937887245768219,66,0.21312157421636124,66,0.19794011390812055,65,0.2091182445317179,65,0.2095521197848988,63,0.9997000299990002,39,0.0,28,0.14968587756249163,53,0.1888289708234696,65,0.2018375735693687,65,0.19693729250367528,65,0.22203802153868224,68,0.1871220121123539,66,0.21894543301863645,68,0.19159821933086923,66,0.1918918751007097,64,0.20443252170984827,61,0.9997000299990002,41,0.0,30,0.22824843212718515,67,0.16420793194376296,71,0.20878718247424155,65,0.19232053815478398,66,0.23503707578393618,69,0.19492389550497674,66,0.21521224043656317,67,0.20251389230014424,65,0.20504356069446983,65,0.21376208552643158,61,0.9997000299990002,39,0.0,28,0.12473477497696117,44,0.19920273015260626,64,0.1901611908680868,62,0.19489413347294296,65,0.20897268337817898,65,0.1885787978252164,66,0.16738624552692638,61,0.21390959637371065,61,0.2017293332466934,64,0.21909553923750538,58,0.9997000299990002,39,0.0,28
"(6, 30)",0.06004845075794096,26,0.25904448798913127,43,0.0666408095720622,27,0.2831267031571522,37,0.05660050365514002,25,0.3109365726997069,31,0.06529364512635705,26,0.29362023561105816,37,0.06714167656320569,28,0.30602622100596094,34,0.9997000299990002,40,0.0,29,0.10318934007250635,38,0.21375549620425496,59,0.07065545498458237,28,0.27943452874665214,37,0.061377711684561076,25,0.2872524649671665,37,0.06270564944067725,25,0.29067066800058355,37,0.0757989347553989,29,0.2786214066988115,39,0.9997000299990002,42,0.0,31,0.058803385581345013,26,0.25806510778668135,43,0.06729710854993964,28,0.2804969490361893,37,0.05612336489074721,25,0.31419261534050413,31,0.06435118224102854,26,0.30284817929734464,35,0.06908320140606095,28,0.30720049032785063,34,0.9997000299990002,40,0.0,29,0.12526560072421222,45,0.19892095113216876,65,0.07673732332643501,30,0.2637366672720933,41,0.06720996706504456,27,0.27523995305707083,39,0.09045108559641168,32,0.2626227006997348,45,0.07070924141028656,29,0.3107404763473856,32,0.9997000299990002,40,0.0,29
"(14, 22)",0.09594879669729717,35,0.2125559456884551,59,0.08553062313213022,33,0.24675738597394545,45,0.10363979817170932,38,0.23521640228133442,53,0.09615636349331247,36,0.23407199475679014,54,0.09627686356299714,37,0.25006455991414306,46,0.9997000299990002,41,0.0,30,0.056246304986398266,24,0.2478638796454771,42,0.07642877627705769,31,0.2558517908732777,44,0.09904754620940914,37,0.22642683286715629,54,0.10067182295967703,38,0.22778512769791612,53,0.09265645102972575,34,0.23783205257292606,53,0.9997000299990002,43,0.0,32,0.0982558536348489,36,0.2083986689903096,59,0.08559472224280196,33,0.24631141008305804,45,0.10467751237812839,39,0.23603542991697438,53,0.09882603447180793,37,0.23797598623888971,53,0.0911870651512281,33,0.25760697405539607,45,0.9997000299990002,41,0.0,30,0.047385319304296125,19,0.2639749827114689,41,0.07226206332730012,28,0.25236075091922033,44,0.09757912929485446,37,0.22508515882844984,56,0.06617067117448316,28,0.2701232389468702,43,0.08465390022700725,32,0.2725697519795957,45,0.9997000299990002,41,0.0,30
"(14, 6)",0.1593926408285058,57,0.1794721283834842,68,0.17505588420791685,59,0.19435026409627404,65,0.14911022123441797,55,0.20835662674232872,62,0.15910188180613716,57,0.1979020809767305,66,0.1589334396330111,57,0.2115863743053862,62,0.9997000299990002,42,0.0,31,0.23471803817605297,70,0.15395569316173988,72,0.19072753254298902,61,0.1886266129531065,66,0.15513067852303397,56,0.1949739401241187,65,0.15296213098182543,56,0.19813751005849847,65,0.1641103282592129,59,0.19656987725992106,66,0.9997000299990002,44,0.0,33,0.15620372518604975,55,0.17855990914876144,68,0.1749526013692999,59,0.19408563433599313,65,0.14779598292046825,54,0.21039760168616237,62,0.15542983774024133,56,0.2046344713207048,62,0.16628232364594575,60,0.21085634172955797,62,0.9997000299990002,42,0.0,31,0.25985757792229514,76,0.14969211061981577,74,0.19864422290880612,64,0.1801495924481592,69,0.15712946613349588,56,0.1920348106771863,65,0.21120609808463975,65,0.18346292389900903,68,0.1764778674634584,61,0.21336830176326618,61,0.9997000299990002,42,0.0,31
"(22, 1)",0.2619341697931731,76,0.1391840842287781,75,0.2680337824752129,76,0.15199570148851596,73,0.29433485931212555,79,0.15115948721923617,74,0.2708129100218819,77,0.15670688131455887,73,0.28456938943073706,79,0.16194909180205042,73,0.9997000299990002,43,0.0,32,0.18952179643716816,64,0.15137141646146773,74,0.24907062917126588,75,0.1556818052085275,74,0.27656357090312944,78,0.15024407222070615,73,0.2766728326377037,77,0.1547071720777614,73,0.26964452522701243,76,0.15985373741228986,73,0.9997000299990002,45,0.0,34,0.26276039726358236,76,0.1374218138904008,75,0.2690806209629566,76,0.15175958544691362,73,0.2972587071765207,79,0.1515074277658353,75,0.28026852368927946,78,0.1581738496793239,73,0.2819561266260605,78,0.16319744490586421,73,0.9997000299990002,43,0.0,32,0.178806005010669,60,0.15517790841547677,73,0.23404455165225146,69,0.15626478079208697,74,0.2698576798883535,76,0.1534384586951986,73,0.23451067019724714,69,0.16669002734556132,73,0.27973240305024927,77,0.1673940188379206,73,0.9997000299990002,43,0.0,32
"(22, 14)",0.0467224408244824,19,0.24725502180556588,44,0.044830559543917015,19,0.27586912535903374,38,0.03753065918584153,17,0.3003220681323826,36,0.04399504859063785,18,0.287194810676181,38,0.04008847959356787,17,0.3112442826077062,31,0.9997000299990002,44,0.0,33,0.0770874071234462,29,0.20430035294489213,60,0.050990961058509754,19,0.26414818581088106,43,0.04231668763998142,17,0.28090433989499985,38,0.042285442549819585,18,0.28935811045055376,38,0.04434433384937386,19,0.291769988675863,36,0.9997000299990002,46,0.0,35,0.046461391925018414,19,0.24483767181142008,46,0.04451393374077517,19,0.2764510732324714,38,0.03679721385803236,17,0.3040001567773524,36,0.04127024271162727,17,0.2995346848028794,36,0.04080237044563284,17,0.31084608508112926,31,0.9997000299990002,44,0.0,33,0.0832414218839832,32,0.20022152454457834,63,0.05650678775082574,24,0.250953782357381,45,0.04428039924984606,19,0.28026916009719816,37,0.056326369599470016,25,0.2681595286517421,44,0.04142001774068582,18,0.31641041329700376,31,0.9997000299990002,44,0.0,33
"(1, 28)",0.11546910868875881,43,0.13985951882360442,74,0.11334868939448972,44,0.15162631196979093,74,0.12678107340057543,47,0.14985020747326117,76,0.11178297850784702,44,0.1547804971320139,74,0.11893358948335342,44,0.1581313734005415,74,0.9997000299990002,45,0.0,34,0.08287504970701609,32,0.1517327497845917,73,0.1052919118276987,40,0.1562702259870556,73,0.11870970920381174,44,0.14960237016488226,74,0.11673157496238873,44,0.1533044426286483,74,0.11352565609779497,44,0.15646061983552328,74,0.9997000299990002,47,0.0,36,0.11740567791542467,43,0.1376577240916089,74,0.11519721968950536,44,0.151150292976541,74,0.12941084620228982,47,0.1494087994397535,76,0.11648297055446466,44,0.15564376587343962,74,0.11546264513103144,44,0.1589298436656946,74,0.9997000299990002,45,0.0,34,0.07943141094506956,28,0.1557784530391882,72,0.10069428041046213,38,0.15703542773006363,73,0.11620665809087039,44,0.15242904196255347,74,0.09425159165956587,34,0.16496492493271284,74,0.1166901253372099,44,0.16399570485625392,74,0.9997000299990002,45,0.0,34
"(1, 22)",0.1350414271311724,48,0.13274707524640156,76,0.1374235809155956,49,0.1421978354826202,75,0.12323568604508739,44,0.15127366456156868,73,0.13921983556082762,48,0.14386034281081608,75,0.1312692658178154,47,0.15301424588029347,75,0.9997000299990002,46,0.0,35,0.1794175338222923,60,0.1172912554276042,78,0.14702557676257155,52,0.1398117312257576,76,0.13150866613640189,47,0.14458251120173451,75,0.13364993694385996,47,0.146541714880504,76,0.1372225712292271,48,0.14687950571034833,76,0.9997000299990002,48,0.0,37,0.1329149472815211,47,0.13208059320483756,76,0.1353436941100108,49,0.1432441793789418,75,0.12069053639855154,44,0.15292388730998113,73,0.13392239472303458,47,0.14857126023431683,75,0.13504860212553182,48,0.15084210787450725,76,0.9997000299990002,46,0.0,35,0.18532589641128405,64,0.11745173663314393,78,0.15293245415888235,55,0.13661530521347454,76,0.13422610959152825,48,0.14527773371277608,76,0.1617994323880586,59,0.13777238613065332,76,0.13369531105199628,47,0.15672506208167342,76,0.9997000299990002,46,0.0,35
"(28, 41)",0.9993002099650037,90,0.0,92,0.9993002099650037,90,0.0,92,0.9993002099650037,90,0.0,92,0.9993002099650037,90,0.0,92,0.9993002099650037,90,0.0,92,0.9993002099650037,5,0.0,36,0.9993002099650037,90,0.0,92,0.9993002099650037,90,0.0,92,0.9993002099650037,90,0.0,92,0.9993002099650037,90,0.0,92,0.9993002099650037,90,0.0,92,0.9993002099650037,8,0.0,38,0.9993002099650037,90,0.0,92,0.9993002099650037,90,0.0,92,0.9993002099650037,90,0.0,92,0.9993002099650037,90,0.0,92,0.9993002099650037,90,0.0,92,0.9993002099650037,5,0.0,36,0.9993002099650037,90,0.0,92,0.9993002099650037,90,0.0,92,0.9993002099650037,90,0.0,92,0.9993002099650037,90,0.0,92,0.9993002099650037,90,0.0,92,0.9993002099650037,5,0.0,36
"(28, 43)",0.4044513215901834,86,0.0615841029514493,85,0.41243879592987986,86,0.061584102951449296,85,0.4231020299702941,86,0.06158410295144926,85,0.41678762186153473,86,0.06158410295144938,85,0.42403614690270663,86,0.0615841029514493,85,0.9993002099650037,6,0.0,37,0.3890838968025032,86,0.0615841029514493,85,0.4072286701498412,86,0.06158410295144934,85,0.4147594392143892,86,0.061584102951449386,85,0.4179497763639314,86,0.0615841029514493,85,0.4192586255741504,86,0.06158410295144931,85,0.9993002099650037,9,0.0,39,0.40391220533869143,86,0.06158410295144927,85,0.41284451489986995,86,0.0615841029514493,85,0.4244238189875176,86,0.061584102951449234,85,0.42106331731355895,86,0.0615841029514493,85,0.42270112352753386,86,0.06158410295144934,85,0.9993002099650037,6,0.0,37,0.3902573844720534,86,0.06158410295144931,85,0.4061206497963099,86,0.06158410295144929,85,0.417011393936247,86,0.06158410295144932,85,0.4121613131766203,86,0.06158410295144931,85,0.42607457110637337,86,0.06158410295144934,85,0.9993002099650037,6,0.0,37
"(28, 5)",0.0011191672202799374,7,0.31536850133216066,29,0.0013748754750816383,7,0.316035876909023,29,0.0015975594358086376,8,0.32033032643041964,30,0.0014083912472233617,7,0.31888449391355767,29,0.0016900052766117835,8,0.31938725920045796,29,0.9993002099650037,7,0.0,38,0.0008066263025402476,7,0.3116982612499076,29,0.0013980147498511286,7,0.3113645610183255,29,0.0015076024506085473,8,0.3152311076435725,29,0.0015573323961300956,8,0.3168641335990323,29,0.0015418529387045687,8,0.3182329708428151,29,0.9993002099650037,10,0.0,40,0.0010830016273185583,7,0.31583293243687477,29,0.0014101417212032397,8,0.31563188664909847,29,0.001645983523086536,8,0.32051545189818886,30,0.0015353700449759478,8,0.3198435824871267,29,0.001639822356740206,8,0.3192064229023256,30,0.9993002099650037,7,0.0,38,0.0007942923067816299,7,0.31301928347543767,29,0.0012867594862788767,7,0.3128301659558932,29,0.0015001967812493522,8,0.31720833219602146,29,0.0012832278097950622,7,0.3177916882972445,29,0.0018911381438981856,8,0.3175828720519902,30,0.9993002099650037,7,0.0,38
"(28, 1)",0.12441816905949155,44,0.13072623466909936,78,0.10914910824581703,42,0.14056002604288353,76,0.09748135022239324,37,0.1506913167946686,75,0.1063845832714031,40,0.14353726560611166,76,0.09420413033808106,35,0.1529210729020429,76,0.9993002099650037,8,0.0,39,0.15286092950317942,56,0.11488252959506436,79,0.10985098478606292,43,0.13835283057788658,77,0.10313512103206912,38,0.14446392451775997,76,0.10036833560821412,37,0.14712776376732015,75,0.1005361594978843,38,0.147534043555833,75,0.9993002099650037,11,0.0,41,0.1267126272575213,46,0.129562098655091,78,0.10754700010523266,40,0.14150424957345073,76,0.09550231728618996,35,0.1523279855952664,74,0.10023998211329466,38,0.14838291563094227,76,0.09618538238910512,36,0.15126415278748795,75,0.9993002099650037,8,0.0,39,0.1534479997417031,56,0.11502090011512082,79,0.11517393804996745,44,0.13543834020378892,77,0.10273185347003866,38,0.14551531754698505,75,0.11331539551139458,44,0.1384351195463228,75,0.08782463835193866,34,0.15754644050615668,75,0.9993002099650037,8,0.0,39
"(41, 7)",0.13392648956382325,47,0.0773670468456147,84,0.1339264895638228,48,0.07736704684561481,83,0.13392648956382325,48,0.07736704684561464,83,0.13392648956382336,47,0.07736704684561463,84,0.13392648956382336,48,0.07736704684561456,84,0.9995000999900006,12,0.0,40,0.13392648956382336,47,0.07736704684561464,84,0.13392648956382325,48,0.07736704684561473,83,0.13392648956382336,48,0.07736704684561468,84,0.13392648956382336,48,0.07736704684561463,84,0.13392648956382336,47,0.07736704684561468,84,0.9995000999900006,15,0.0,42,0.13392648956382325,48,0.07736704684561471,84,0.13392648956382291,48,0.07736704684561475,83,0.13392648956382336,48,0.07736704684561459,84,0.13392648956382325,48,0.07736704684561473,83,0.13392648956382325,47,0.07736704684561473,83,0.9995000999900006,12,0.0,40,0.13392648956382325,49,0.07736704684561468,84,0.13392648956382325,48,0.07736704684561471,84,0.13392648956382336,47,0.07736704684561463,84,0.1339264895638228,47,0.07736704684561484,83,0.13392648956382336,48,0.07736704684561464,84,0.9995000999900006,12,0.0,40
"(41, 28)",0.28325715321427325,78,0.05210427167563168,87,0.28325715321427314,79,0.052104271675631704,86,0.28325715321427325,77,0.05210427167563163,87,0.2832571532142727,79,0.05210427167563173,86,0.28325715321427314,78,0.052104271675631655,87,0.9995000999900006,13,0.0,41,0.2832571532142729,79,0.052104271675631725,86,0.2832571532142729,79,0.05210427167563174,86,0.28325715321427314,79,0.05210427167563171,87,0.2832571532142727,79,0.05210427167563173,86,0.2832571532142727,79,0.05210427167563175,86,0.9995000999900006,16,0.0,43,0.28325715321427314,78,0.052104271675631704,86,0.28325715321427325,79,0.052104271675631676,87,0.2832571532142736,77,0.052104271675631614,87,0.28325715321427314,79,0.0521042716756317,86,0.2832571532142729,79,0.05210427167563174,86,0.9995000999900006,13,0.0,41,0.28325715321427314,78,0.05210427167563169,87,0.2832571532142729,79,0.05210427167563173,86,0.28325715321427325,79,0.05210427167563166,87,0.2832571532142736,79,0.05210427167563166,87,0.28325715321427314,78,0.05210427167563169,87,0.9995000999900006,13,0.0,41
"(41, 43)",0.05221092865148791,24,0.10420854335126344,82,0.05221092865148824,23,0.10420854335126334,82,0.05221092865148791,23,0.10420854335126335,82,0.05221092865148791,23,0.10420854335126342,82,0.05221092865148791,23,0.10420854335126331,82,0.9995000999900006,14,0.0,42,0.05221092865148791,22,0.10420854335126345,82,0.05221092865148802,23,0.10420854335126341,82,0.05221092865148791,23,0.10420854335126349,82,0.05221092865148791,23,0.10420854335126341,82,0.05221092865148791,23,0.10420854335126341,82,0.9995000999900006,17,0.0,44,0.05221092865148791,24,0.1042085433512634,82,0.05221092865148791,23,0.10420854335126341,82,0.0522109286514878,23,0.10420854335126341,82,0.05221092865148802,23,0.10420854335126338,82,0.05221092865148791,23,0.10420854335126344,82,0.9995000999900006,14,0.0,42,0.05221092865148791,23,0.10420854335126341,82,0.05221092865148791,22,0.10420854335126342,82,0.05221092865148791,23,0.10420854335126341,82,0.05221092865148802,22,0.10420854335126338,82,0.05221092865148791,23,0.10420854335126341,82,0.9995000999900006,14,0.0,42
"(7, 19)",0.3365953449918242,82,0.03385391622387445,88,0.33659534499182386,81,0.03385391622387446,88,0.3365953449918234,81,0.03385391622387448,88,0.3365953449918244,82,0.033853916223874445,88,0.3365953449918244,81,0.03385391622387441,89,0.9997000299990002,47,0.0,43,0.33659534499182364,82,0.03385391622387448,88,0.336595344991824,81,0.033853916223874445,89,0.3365953449918244,82,0.033853916223874445,89,0.33659534499182375,82,0.03385391622387445,88,0.33659534499182386,80,0.03385391622387446,88,0.9997000299990002,49,0.0,45,0.33659534499182464,82,0.03385391622387441,89,0.33659534499182375,81,0.03385391622387447,89,0.3365953449918244,81,0.03385391622387445,89,0.3365953449918232,81,0.033853916223874514,88,0.33659534499182375,80,0.033853916223874445,88,0.9997000299990002,47,0.0,43,0.3365953449918244,80,0.033853916223874424,89,0.3365953449918244,82,0.033853916223874445,89,0.33659534499182453,82,0.033853916223874445,89,0.336595344991824,81,0.033853916223874465,88,0.336595344991824,80,0.033853916223874445,88,0.9997000299990002,47,0.0,43
"(7, 41)",0.028201148238696905,14,0.07736704684561478,83,0.028201148238696905,15,0.0773670468456147,84,0.028201148238697016,15,0.07736704684561464,84,0.028201148238696905,14,0.07736704684561477,83,0.028201148238696794,15,0.07736704684561474,83,0.9997000299990002,48,0.0,44,0.028201148238697016,14,0.07736704684561467,83,0.028201148238696905,15,0.07736704684561473,84,0.028201148238696905,14,0.07736704684561481,83,0.028201148238696905,14,0.07736704684561466,83,0.028201148238696905,15,0.0773670468456147,83,0.9997000299990002,50,0.0,46,0.028201148238696794,14,0.07736704684561482,83,0.028201148238696905,15,0.0773670468456147,84,0.028201148238696905,15,0.07736704684561482,83,0.028201148238697016,15,0.07736704684561467,84,0.028201148238696905,15,0.07736704684561463,84,0.9997000299990002,48,0.0,44,0.028201148238696905,15,0.07736704684561471,83,0.028201148238696905,14,0.07736704684561478,83,0.028201148238696794,14,0.07736704684561484,83,0.028201148238696905,15,0.07736704684561475,84,0.028201148238696905,15,0.07736704684561471,83,0.9997000299990002,48,0.0,44
"(19, 34)",0.0022689879141213343,9,0.22377712433654584,56,0.0022689879141213343,9,0.22377712433654615,56,0.0022689879141213343,9,0.22377712433654579,57,0.0022689879141213343,9,0.2237771243365455,59,0.0022689879141213343,9,0.22377712433654573,58,0.9997000299990002,49,0.0,45,0.0022689879141213343,9,0.22377712433654584,54,0.0022689879141213343,9,0.22377712433654548,58,0.0022689879141213343,9,0.22377712433654592,58,0.0022689879141213343,9,0.22377712433654548,57,0.0022689879141213343,9,0.22377712433654556,57,0.9997000299990002,51,0.0,47,0.0022689879141213343,9,0.22377712433654584,55,0.0022689879141213343,9,0.22377712433654584,57,0.0022689879141213343,9,0.22377712433654567,58,0.0022689879141213343,9,0.2237771243365459,58,0.0022689879141213343,9,0.2237771243365457,57,0.9997000299990002,49,0.0,45,0.0022689879141213343,9,0.22377712433654565,54,0.0022689879141213343,9,0.22377712433654565,58,0.0022689879141213343,9,0.22377712433654567,58,0.0022689879141213343,9,0.22377712433654584,58,0.0022689879141213343,9,0.2237771243365459,56,0.9997000299990002,49,0.0,45
"(19, 7)",0.6553186124179218,89,0.033853916223874445,89,0.655318612417922,89,0.03385391622387446,89,0.6553186124179218,89,0.03385391622387443,89,0.6553186124179214,89,0.03385391622387444,89,0.6553186124179214,89,0.033853916223874445,88,0.9997000299990002,50,0.0,46,0.6553186124179218,89,0.03385391622387445,89,0.6553186124179213,89,0.033853916223874465,88,0.6553186124179214,89,0.03385391622387448,88,0.6553186124179214,89,0.033853916223874424,89,0.6553186124179214,89,0.03385391622387441,89,0.9997000299990002,52,0.0,48,0.6553186124179218,89,0.03385391622387445,88,0.6553186124179214,89,0.033853916223874486,88,0.6553186124179214,89,0.03385391622387446,88,0.6553186124179218,89,0.033853916223874445,89,0.6553186124179214,89,0.03385391622387443,89,0.9997000299990002,50,0.0,46,0.6553186124179214,89,0.033853916223874465,88,0.6553186124179214,89,0.03385391622387445,88,0.6553186124179213,89,0.03385391622387448,88,0.655318612417922,89,0.03385391622387443,89,0.655318612417922,89,0.03385391622387443,89,0.9997000299990002,50,0.0,46
"(34, 9)",0.1439790632497988,52,0.20317833791069437,60,0.1439790632497986,52,0.20317833791069434,63,0.1439790632497986,52,0.20317833791069415,64,0.1439790632497988,51,0.20317833791069428,63,0.1439790632497986,51,0.2031783379106942,65,0.9997000299990002,51,0.0,47,0.14397906324979848,50,0.2031783379106944,61,0.14397906324979848,51,0.20317833791069442,62,0.14397906324979903,52,0.20317833791069437,63,0.14397906324979837,52,0.20317833791069448,62,0.1439790632497986,51,0.20317833791069423,64,0.9997000299990002,53,0.0,49,0.1439790632497988,52,0.20317833791069412,61,0.1439790632497986,52,0.20317833791069434,62,0.14397906324979848,52,0.2031783379106944,63,0.14397906324979848,51,0.20317833791069445,63,0.1439790632497988,51,0.20317833791069426,64,0.9997000299990002,51,0.0,47,0.1439790632497988,52,0.20317833791069428,61,0.14397906324979848,51,0.20317833791069442,63,0.14397906324979914,52,0.20317833791069417,63,0.1439790632497986,50,0.2031783379106945,63,0.1439790632497988,52,0.20317833791069417,63,0.9997000299990002,51,0.0,47
"(34, 19)",0.10776667603366497,40,0.22377712433654603,55,0.10776667603366508,40,0.22377712433654573,57,0.10776667603366497,41,0.22377712433654567,58,0.10776667603366497,41,0.22377712433654584,58,0.10776667603366508,41,0.22377712433654567,59,0.9997000299990002,52,0.0,48,0.10776667603366508,41,0.22377712433654576,55,0.1077666760336653,41,0.22377712433654567,57,0.10776667603366485,41,0.2237771243365462,57,0.1077666760336653,41,0.22377712433654562,56,0.10776667603366508,41,0.22377712433654562,56,1.000088900582341e-12,2,0.30599685744606503,2,0.10776667603366485,40,0.2237771243365458,56,0.10776667603366497,41,0.2237771243365459,56,0.1077666760336653,41,0.2237771243365457,57,0.1077666760336653,41,0.2237771243365457,59,0.10776667603366497,41,0.22377712433654584,56,0.9997000299990002,52,0.0,48,0.10776667603366497,39,0.22377712433654592,53,0.1077666760336653,41,0.2237771243365457,57,0.10776667603366463,41,0.22377712433654612,57,0.10776667603366508,41,0.22377712433654592,57,0.10776667603366497,40,0.2237771243365458,57,0.9997000299990002,52,0.0,48
"(9, 26)",0.09689928529621694,36,0.23917625956921518,48,0.09689928529621761,37,0.2391762595692148,49,0.09689928529621716,36,0.23917625956921493,50,0.09689928529621716,37,0.2391762595692151,49,0.09689928529621739,38,0.23917625956921484,50,0.9997000299990002,53,0.0,49,0.09689928529621739,36,0.23917625956921487,47,0.09689928529621716,37,0.239176259569215,50,0.09689928529621772,36,0.23917625956921465,50,0.09689928529621716,36,0.23917625956921468,50,0.09689928529621739,37,0.2391762595692149,48,0.9997000299990002,54,0.0,50,0.09689928529621716,35,0.239176259569215,48,0.09689928529621716,36,0.239176259569215,48,0.09689928529621761,37,0.23917625956921462,50,0.09689928529621716,36,0.2391762595692151,48,0.09689928529621739,37,0.23917625956921487,51,0.9997000299990002,53,0.0,49,0.09689928529621716,36,0.23917625956921512,45,0.09689928529621716,37,0.2391762595692151,49,0.09689928529621739,36,0.23917625956921496,49,0.09689928529621705,36,0.2391762595692152,50,0.09689928529621739,37,0.23917625956921482,51,0.9997000299990002,53,0.0,49
"(9, 34)",0.15806749589338565,55,0.2031783379106941,61,0.15806749589338487,56,0.2031783379106945,62,0.1580674958933852,57,0.20317833791069428,63,0.15806749589338542,56,0.20317833791069437,62,0.1580674958933852,56,0.2031783379106943,64,0.9997000299990002,54,0.0,50,0.15806749589338498,57,0.2031783379106944,62,0.1580674958933852,56,0.20317833791069434,63,0.15806749589338487,57,0.20317833791069456,62,0.1580674958933852,57,0.20317833791069415,63,0.1580674958933852,56,0.2031783379106943,63,1.000088900582341e-12,3,0.2778297070628397,3,0.1580674958933852,56,0.2031783379106944,60,0.1580674958933852,56,0.20317833791069437,61,0.15806749589338487,56,0.20317833791069437,64,0.1580674958933852,57,0.20317833791069445,64,0.1580674958933852,56,0.2031783379106943,63,0.9997000299990002,54,0.0,50,0.15806749589338553,57,0.2031783379106943,60,0.1580674958933852,56,0.20317833791069445,62,0.15806749589338498,57,0.2031783379106945,62,0.15806749589338553,56,0.2031783379106943,64,0.15806749589338498,56,0.20317833791069445,62,0.9997000299990002,54,0.0,50
"(26, 20)",0.18032508788399593,61,0.184173533911996,64,0.18032508788399615,60,0.1841735339119959,68,0.18032508788399593,61,0.18417353391199606,67,0.18032508788399626,60,0.1841735339119959,68,0.18032508788399626,61,0.18417353391199578,68,0.9997000299990002,55,0.0,51,0.18032508788399626,61,0.18417353391199595,66,0.18032508788399637,59,0.18417353391199584,68,0.18032508788399637,60,0.18417353391199587,68,0.18032508788399615,60,0.18417353391199595,67,0.18032508788399593,62,0.18417353391199603,67,0.9997000299990002,55,0.0,51,0.18032508788399593,61,0.1841735339119961,63,0.18032508788399593,61,0.18417353391199612,67,0.18032508788399626,61,0.18417353391199603,67,0.1803250878839956,61,0.18417353391199626,67,0.18032508788399626,61,0.184173533911996,68,0.9997000299990002,55,0.0,51,0.18032508788399626,62,0.18417353391199598,67,0.18032508788399626,59,0.18417353391199595,67,0.18032508788399626,60,0.18417353391199598,68,0.1803250878839957,62,0.1841735339119962,66,0.18032508788399626,62,0.18417353391199595,68,0.9997000299990002,55,0.0,51
"(26, 9)",0.08233483271394793,32,0.23917625956921476,49,0.0823348327139477,32,0.23917625956921484,48,0.0823348327139477,32,0.239176259569215,49,0.08233483271394748,33,0.23917625956921496,50,0.0823348327139477,32,0.2391762595692147,51,0.9997000299990002,56,0.0,52,0.08233483271394748,31,0.2391762595692151,46,0.08233483271394748,33,0.23917625956921504,49,0.08233483271394748,33,0.23917625956921515,49,0.0823348327139477,33,0.23917625956921487,49,0.0823348327139477,31,0.23917625956921487,49,0.9997000299990002,56,0.0,52,0.08233483271394793,32,0.2391762595692149,49,0.08233483271394793,31,0.23917625956921493,49,0.0823348327139477,32,0.2391762595692151,49,0.08233483271394804,32,0.23917625956921476,49,0.0823348327139477,32,0.239176259569215,50,0.9997000299990002,56,0.0,52,0.08233483271394748,30,0.23917625956921512,46,0.08233483271394748,33,0.2391762595692151,50,0.0823348327139477,33,0.23917625956921504,48,0.08233483271394793,31,0.23917625956921498,51,0.0823348327139477,31,0.23917625956921496,50,0.9997000299990002,56,0.0,52
"(20, 11)",0.05348133248262088,25,0.30465867657161205,32,0.05348133248262088,24,0.3046586765716116,33,0.05348133248262077,24,0.30465867657161194,34,0.05348133248262088,24,0.3046586765716118,34,0.05348133248262077,24,0.304658676571612,35,0.9997000299990002,57,0.0,53,0.05348133248262077,23,0.304658676571612,32,0.0534813324826211,24,0.30465867657161183,33,0.0534813324826211,24,0.30465867657161166,33,0.05348133248262077,24,0.3046586765716121,33,0.05348133248262088,24,0.3046586765716117,33,0.9997000299990002,57,0.0,53,0.05348133248262088,25,0.3046586765716119,32,0.05348133248262077,24,0.3046586765716121,32,0.05348133248262088,24,0.30465867657161183,34,0.05348133248262088,24,0.30465867657161205,33,0.05348133248262077,24,0.3046586765716121,35,0.9997000299990002,57,0.0,53,0.0534813324826211,24,0.3046586765716118,33,0.0534813324826211,23,0.30465867657161183,33,0.05348133248262088,24,0.30465867657161183,33,0.05348133248262077,23,0.3046586765716123,32,0.05348133248262088,24,0.30465867657161183,36,0.9997000299990002,57,0.0,53
"(20, 26)",0.24208128083432467,71,0.18417353391199606,63,0.24208128083432445,71,0.18417353391199592,67,0.2420812808343249,71,0.18417353391199587,68,0.24208128083432445,71,0.18417353391199595,67,0.2420812808343249,72,0.18417353391199587,67,0.9997000299990002,58,0.0,54,0.2420812808343249,72,0.18417353391199595,67,0.24208128083432434,71,0.18417353391199617,67,0.24208128083432434,71,0.18417353391199615,67,0.24208128083432512,71,0.18417353391199578,68,0.24208128083432445,72,0.18417353391199595,68,0.9997000299990002,58,0.0,54,0.24208128083432467,71,0.18417353391199598,64,0.242081280834325,71,0.18417353391199584,68,0.24208128083432467,71,0.18417353391199595,68,0.2420812808343249,71,0.18417353391199603,68,0.2420812808343249,71,0.18417353391199603,67,0.9997000299990002,58,0.0,54,0.24208128083432434,71,0.1841735339119962,66,0.24208128083432434,72,0.18417353391199615,66,0.24208128083432445,71,0.18417353391199606,67,0.2420812808343249,72,0.1841735339119961,67,0.24208128083432445,72,0.18417353391199598,67,0.9997000299990002,58,0.0,54
"(43, 24)",0.001408750668789427,8,0.45051624974702614,14,0.001408750668789427,8,0.45051624974702575,14,0.001408750668789427,7,0.4505162497470257,14,0.0014087506687892049,8,0.45051624974702675,14,0.0014087506687892049,7,0.4505162497470259,14,0.9995000999900006,15,0.0,55,0.001408750668789427,8,0.45051624974702603,15,0.001408750668789427,8,0.45051624974702603,14,0.0014087506687892049,7,0.4505162497470264,14,0.001408750668789427,7,0.45051624974702603,14,0.0014087506687892049,7,0.45051624974702587,15,0.9995000999900006,18,0.0,55,0.0014087506687892049,8,0.45051624974702614,14,0.001408750668789427,7,0.45051624974702603,14,0.0014087506687892049,7,0.4505162497470263,15,0.001408750668789427,7,0.450516249747026,14,0.001408750668789427,7,0.45051624974702575,15,0.9995000999900006,15,0.0,55,0.001408750668789427,8,0.4505162497470261,14,0.001408750668789427,8,0.4505162497470262,14,0.001408750668789427,7,0.45051624974702587,15,0.0014087506687892049,8,0.4505162497470259,14,0.001408750668789427,7,0.4505162497470257,15,0.9995000999900006,15,0.0,55
"(43, 28)",0.6429704655928183,88,0.0521042716756317,86,0.6429704655928183,88,0.05210427167563163,87,0.6429704655928183,88,0.05210427167563166,86,0.6429704655928183,88,0.05210427167563173,87,0.6429704655928183,88,0.052104271675631676,86,0.9995000999900006,16,0.0,56,0.6429704655928183,88,0.052104271675631704,87,0.6429704655928179,88,0.05210427167563172,87,0.6429704655928179,88,0.05210427167563174,86,0.6429704655928183,88,0.0521042716756317,87,0.6429704655928183,88,0.052104271675631655,87,0.9995000999900006,19,0.0,56,0.6429704655928183,88,0.05210427167563166,87,0.6429704655928183,88,0.05210427167563168,86,0.6429704655928183,88,0.0521042716756317,86,0.6429704655928183,88,0.0521042716756317,87,0.6429704655928179,88,0.052104271675631725,87,0.9995000999900006,16,0.0,56,0.6429704655928179,88,0.052104271675631766,86,0.6429704655928183,88,0.052104271675631704,87,0.6429704655928183,88,0.05210427167563168,86,0.6429704655928183,88,0.05210427167563168,86,0.6429704655928177,88,0.05210427167563175,86,0.9995000999900006,16,0.0,56
"(43, 41)",0.36075212589662287,84,0.11368837462708105,81,0.36075212589662253,84,0.11368837462708102,80,0.36075212589662287,84,0.11368837462708092,80,0.3607521258966233,85,0.11368837462708098,80,0.3607521258966231,84,0.11368837462708092,80,0.9995000999900006,17,0.0,57,0.3607521258966231,85,0.11368837462708097,80,0.3607521258966231,85,0.11368837462708097,80,0.3607521258966233,85,0.11368837462708094,80,0.3607521258966231,85,0.11368837462708097,80,0.3607521258966231,83,0.11368837462708084,80,0.9995000999900006,20,0.0,57,0.3607521258966231,84,0.1136883746270809,81,0.36075212589662253,84,0.11368837462708105,80,0.3607521258966231,84,0.11368837462708098,80,0.36075212589662287,85,0.11368837462708101,80,0.36075212589662287,84,0.11368837462708094,80,0.9995000999900006,17,0.0,57,0.3607521258966231,84,0.113688374627081,80,0.36075212589662287,85,0.11368837462708102,80,0.36075212589662253,85,0.11368837462708103,80,0.36075212589662287,84,0.11368837462708095,80,0.36075212589662253,82,0.11368837462708103,80,0.9995000999900006,17,0.0,57
"(24, 33)",0.10446526726497729,38,0.5060604988935475,8,0.10446526726497729,38,0.5060604988935473,9,0.10446526726497707,39,0.5060604988935475,9,0.10446526726497729,38,0.5060604988935481,8,0.10446526726497729,39,0.5060604988935475,9,0.9997000299990002,59,0.0,58,0.10446526726497751,39,0.5060604988935475,9,0.10446526726497729,38,0.5060604988935477,8,0.10446526726497707,39,0.5060604988935482,8,0.10446526726497707,39,0.506060498893548,9,0.10446526726497729,39,0.5060604988935478,8,0.9997000299990002,59,0.0,58,0.10446526726497729,38,0.5060604988935473,9,0.10446526726497707,38,0.5060604988935475,9,0.10446526726497762,38,0.5060604988935477,9,0.10446526726497707,39,0.506060498893548,8,0.10446526726497729,38,0.5060604988935478,8,0.9997000299990002,59,0.0,58,0.10446526726497707,37,0.506060498893548,8,0.10446526726497729,39,0.5060604988935475,9,0.10446526726497729,39,0.5060604988935479,8,0.10446526726497729,38,0.5060604988935473,9,0.10446526726497707,38,0.5060604988935481,8,0.9997000299990002,59,0.0,58
"(24, 43)",0.14806344737740984,54,0.45051624974702587,15,0.14806344737740984,54,0.45051624974702575,15,0.14806344737741006,54,0.4505162497470257,15,0.14806344737741017,54,0.4505162497470262,15,0.14806344737740984,53,0.4505162497470259,15,0.9997000299990002,60,0.0,59,0.14806344737740962,52,0.4505162497470263,14,0.14806344737740984,54,0.450516249747026,15,0.14806344737741017,54,0.45051624974702603,15,0.14806344737741017,54,0.45051624974702587,15,0.14806344737741006,53,0.450516249747026,14,0.9997000299990002,60,0.0,59,0.14806344737740984,54,0.45051624974702587,15,0.14806344737741017,54,0.4505162497470254,15,0.14806344737740962,55,0.4505162497470266,14,0.14806344737741017,53,0.45051624974702587,15,0.14806344737740984,54,0.4505162497470263,14,0.9997000299990002,60,0.0,59,0.14806344737741017,54,0.4505162497470258,15,0.14806344737740984,53,0.4505162497470261,15,0.14806344737740984,54,0.45051624974702625,14,0.14806344737740984,53,0.45051624974702587,15,0.14806344737741017,54,0.450516249747026,14,0.9997000299990002,60,0.0,59
"(33, 39)",0.23609287549763902,70,0.5040773529071237,10,0.2360928754976389,70,0.5040773529071239,10,0.23609287549763902,70,0.5040773529071235,10,0.23609287549763902,70,0.5040773529071239,10,0.23609287549763902,70,0.5040773529071237,10,0.9995000999900006,18,0.0,60,0.23609287549763902,71,0.5040773529071236,10,0.23609287549763858,70,0.5040773529071241,10,0.23609287549763858,70,0.5040773529071242,10,0.23609287549763913,70,0.5040773529071235,10,0.2360928754976389,70,0.5040773529071239,10,0.9995000999900006,21,0.0,60,0.23609287549763902,70,0.5040773529071239,10,0.23609287549763858,70,0.5040773529071241,10,0.23609287549763902,70,0.5040773529071239,10,0.2360928754976389,70,0.504077352907124,10,0.23609287549763902,70,0.5040773529071237,10,0.9995000999900006,18,0.0,60,0.2360928754976389,70,0.5040773529071241,10,0.2360928754976389,71,0.5040773529071241,10,0.23609287549763858,70,0.504077352907124,10,0.2360928754976389,71,0.5040773529071239,10,0.23609287549763902,71,0.5040773529071239,10,0.9995000999900006,18,0.0,60
"(33, 24)",0.2345425552620839,69,0.5060604988935475,9,0.2345425552620839,69,0.5060604988935475,8,0.2345425552620839,69,0.5060604988935477,8,0.2345425552620839,69,0.5060604988935481,9,0.2345425552620839,69,0.506060498893548,8,0.9995000999900006,19,0.0,61,0.2345425552620839,69,0.506060498893548,8,0.2345425552620839,69,0.5060604988935477,9,0.2345425552620839,69,0.5060604988935479,9,0.23454255526208356,69,0.5060604988935481,8,0.2345425552620839,69,0.5060604988935477,9,0.9995000999900006,22,0.0,61,0.2345425552620839,68,0.5060604988935477,8,0.2345425552620839,69,0.5060604988935477,8,0.23454255526208345,68,0.5060604988935484,8,0.2345425552620839,69,0.506060498893548,9,0.2345425552620839,69,0.5060604988935475,9,0.9995000999900006,19,0.0,61,0.2345425552620839,69,0.506060498893548,9,0.2345425552620839,70,0.506060498893548,8,0.23454255526208423,69,0.5060604988935473,9,0.2345425552620839,70,0.5060604988935478,8,0.2345425552620839,70,0.506060498893548,9,0.9995000999900006,19,0.0,61
"(33, 2)",0.032046014011416935,16,1.0,1,0.032046014011416935,16,0.9999999999999999,1,0.032046014011416935,16,1.0,1,0.03204601401141716,16,0.9999999999999998,2,0.032046014011416935,16,1.0,1,0.9995000999900006,20,0.0,62,0.032046014011416935,16,0.9999999999999999,2,0.032046014011416935,16,1.0,1,0.032046014011416935,16,1.0,1,0.032046014011416935,16,1.0,1,0.032046014011416935,16,0.9999999999999994,2,0.9995000999900006,23,0.0,62,0.032046014011416935,16,1.0,1,0.032046014011416935,16,1.0,1,0.03204601401141716,16,0.9999999999999994,2,0.032046014011416935,16,0.9999999999999997,2,0.032046014011416935,16,1.0,1,0.9995000999900006,20,0.0,62,0.03204601401141716,16,0.9999999999999998,2,0.03204601401141716,16,0.9999999999999998,2,0.032046014011416935,16,1.0,1,0.032046014011416935,16,0.9999999999999996,2,0.032046014011416935,16,1.0,1,0.9995000999900006,20,0.0,62
"(39, 33)",9.999999999998899e-05,3,0.5561816245827554,7,9.999999999998899e-05,3,0.5561816245827553,7,9.999999999998899e-05,3,0.5561816245827553,7,9.999999999998899e-05,3,0.5561816245827557,7,9.999999999998899e-05,3,0.5561816245827553,7,0.9999,89,0.0,63,9.999999999998899e-05,3,0.5561816245827557,7,9.999999999998899e-05,3,0.5561816245827553,7,9.999999999998899e-05,3,0.5561816245827556,7,9.999999999998899e-05,3,0.5561816245827552,7,9.999999999998899e-05,3,0.5561816245827552,7,0.9999,89,0.0,63,9.999999999998899e-05,3,0.5561816245827554,7,9.999999999998899e-05,3,0.5561816245827559,7,9.999999999998899e-05,3,0.5561816245827557,7,9.999999999998899e-05,3,0.5561816245827554,7,9.999999999998899e-05,3,0.5561816245827556,7,0.9999,89,0.0,63,9.999999999998899e-05,3,0.5561816245827554,7,9.999999999998899e-05,3,0.5561816245827557,7,9.999999999998899e-05,3,0.5561816245827558,7,9.999999999998899e-05,3,0.5561816245827553,7,9.999999999998899e-05,3,0.5561816245827557,7,0.9999,89,0.0,63
"(11, 18)",0.24827878119942182,75,0.18007182625417456,66,0.24827878119942193,74,0.18007182625417445,71,0.2482787811994216,74,0.18007182625417448,70,0.24827878119942193,74,0.1800718262541745,71,0.2482787811994216,75,0.1800718262541745,70,0.9997000299990002,61,0.0,64,0.2482787811994216,75,0.18007182625417464,69,0.24827878119942204,74,0.18007182625417442,71,0.24827878119942193,74,0.1800718262541746,70,0.2482787811994216,74,0.18007182625417462,70,0.24827878119942193,75,0.18007182625417453,70,0.9997000299990002,61,0.0,64,0.2482787811994216,74,0.18007182625417464,66,0.2482787811994216,74,0.18007182625417464,71,0.2482787811994216,74,0.18007182625417462,70,0.2482787811994216,74,0.18007182625417473,70,0.2482787811994216,74,0.18007182625417473,70,0.9997000299990002,61,0.0,64,0.24827878119942193,75,0.18007182625417464,69,0.24827878119942193,75,0.18007182625417456,71,0.24827878119942248,74,0.18007182625417437,71,0.24827878119942226,75,0.18007182625417448,70,0.24827878119942193,75,0.18007182625417453,70,0.9997000299990002,61,0.0,64
"(11, 20)",0.051266805704083596,20,0.30465867657161183,33,0.051266805704083596,20,0.30465867657161183,32,0.051266805704083596,20,0.3046586765716116,35,0.051266805704083596,20,0.30465867657161194,33,0.051266805704083596,20,0.3046586765716115,36,0.9997000299990002,62,0.0,65,0.051266805704083596,19,0.3046586765716119,33,0.051266805704083485,20,0.30465867657161194,32,0.051266805704083596,20,0.30465867657161194,32,0.051266805704083596,20,0.3046586765716118,34,0.051266805704083596,20,0.3046586765716119,32,0.9997000299990002,62,0.0,65,0.051266805704083596,21,0.3046586765716119,33,0.051266805704083596,20,0.30465867657161194,33,0.051266805704083596,20,0.30465867657161183,35,0.051266805704083596,20,0.30465867657161194,34,0.051266805704083596,20,0.30465867657161205,36,0.9997000299990002,62,0.0,65,0.051266805704083596,20,0.3046586765716121,32,0.051266805704083596,19,0.30465867657161205,32,0.05126680570408326,20,0.3046586765716122,32,0.051266805704083485,19,0.30465867657161205,33,0.051266805704083485,20,0.30465867657161205,35,0.9997000299990002,62,0.0,65
"(15, 5)",0.42597780697156484,87,0.11574084935673816,80,0.4426098067933357,87,0.1100073063325202,81,0.4445030135094401,87,0.11110549806613551,81,0.452853606045697,87,0.10745811174417491,81,0.44288335584600835,87,0.11096631844654894,81,0.9997000299990002,63,0.0,66,0.44691094862837644,87,0.10768869951203386,81,0.44348671338946477,87,0.10829544632140846,81,0.446736677275971,87,0.10821305073549667,81,0.4462457740392326,87,0.1088247427609578,81,0.44314566454754856,87,0.11051551144811532,81,0.9997000299990002,63,0.0,66,0.4273777699212784,87,0.11532688357453823,80,0.44402894368835366,87,0.10944015963964028,81,0.44291131951434204,87,0.11171307428939449,81,0.45548534732919665,87,0.10691266239987912,81,0.4528668042786488,87,0.10754913880473888,81,0.9997000299990002,63,0.0,66,0.4375952314332028,87,0.11123997153451624,81,0.4459255258206247,87,0.1080231060575175,81,0.441886764151888,87,0.11060786158612952,81,0.44717392650197996,87,0.10885886676412333,81,0.43798679056874457,87,0.11211998402110306,81,0.9997000299990002,63,0.0,66
"(15, 8)",0.01517499303500347,10,0.3517543601411805,21,0.0134657610790756,10,0.35238567045779273,21,0.013282359011451694,10,0.3580431606346705,21,0.012499147923474174,10,0.3555753768946096,21,0.013439125277116548,10,0.35576560869453805,21,0.9997000299990002,64,0.0,67,0.013052247948048601,10,0.3496890436214395,21,0.013380538460919467,10,0.3478664428798503,21,0.013068784387037291,10,0.3511977943775405,21,0.013115463986690834,10,0.3526342312644867,21,0.013413627252228943,10,0.35461464034563134,21,0.9997000299990002,64,0.0,67,0.015024092565205649,10,0.35205062182278607,21,0.01332807780157963,10,0.3521475232281037,21,0.013436405018927289,10,0.3581914661373538,21,0.012260785693853471,10,0.35673674699408675,21,0.01249794257489234,10,0.3558914801547825,21,0.9997000299990002,64,0.0,67,0.013962297632553633,10,0.3507244951799635,21,0.01314599447048792,10,0.3496817416885565,21,0.013536387119079452,10,0.35349944680820183,21,0.013027328772489577,10,0.35378344675409806,21,0.013922956300342237,10,0.3539372004353291,21,0.9997000299990002,64,0.0,67
"(5, 15)",0.3044851089467048,79,0.130955414247756,77,0.28217261616256994,78,0.13158795332359555,78,0.2846180456682309,78,0.13239013588667653,78,0.2704744663622046,76,0.1319132472116318,79,0.28120148291281044,77,0.13203991614741808,78,0.9997000299990002,65,0.0,68,0.273222418958585,77,0.1309515825359749,77,0.27877528082866665,78,0.13051977328700085,79,0.2760503871077844,76,0.13141940214000394,79,0.2768567386563455,78,0.1318970571669235,79,0.2804245523358294,78,0.13217808168083545,78,0.9997000299990002,65,0.0,68,0.30296716463168116,79,0.1309769944008136,77,0.2804220515325596,78,0.131387215162585,78,0.28648681579819246,78,0.13243424690937397,77,0.26664721528493895,75,0.13221590967279967,79,0.26694420874925173,76,0.1322863790158641,78,0.9997000299990002,65,0.0,68,0.2876693755414661,79,0.13101532890039913,76,0.27656774685230867,78,0.13097242655993505,79,0.2820555446273968,78,0.13198312946879115,78,0.2734773785516329,77,0.13216341761833955,78,0.2857131914511908,79,0.13195960307914767,77,0.9997000299990002,65,0.0,68
"(5, 28)",0.035045221784145486,17,0.2692170372118186,42,0.040742742476243876,17,0.25082510384384216,44,0.04007530854132191,18,0.25447833451606855,44,0.04409593252415622,19,0.24147063542020145,47,0.041010917554563875,18,0.2508483680891929,45,0.9997000299990002,66,0.0,69,0.04328365127992073,18,0.24201459942213566,45,0.041688786455854054,17,0.24589780215702892,46,0.04246375692731208,19,0.24527284515801975,47,0.042232905054141234,17,0.2468519070587789,45,0.041226757028252514,17,0.25044079001823794,45,0.9997000299990002,66,0.0,69,0.03540622082627376,17,0.2678964856867836,42,0.04122745364197389,17,0.24894017526919718,44,0.03957274257613741,18,0.2561945006077352,44,0.04525352858299625,19,0.23880600981511865,52,0.04516258511753468,19,0.23918229704713515,49,0.9997000299990002,66,0.0,69,0.03925801660109851,17,0.25447426589749766,42,0.04231549302838411,17,0.2448765789403539,48,0.040774976620494896,17,0.25147726514679136,45,0.04320907081553638,18,0.24447066521278765,49,0.03978001387375485,17,0.25460257278041437,46,0.9997000299990002,66,0.0,69
"(32, 10)",0.2125870996083783,65,0.24541096481108454,46,0.21258709960837807,67,0.2454109648110847,46,0.21258709960837896,65,0.24541096481108435,46,0.21258709960837852,65,0.24541096481108465,46,0.21258709960837818,66,0.24541096481108463,47,0.9997000299990002,67,0.0,70,0.21258709960837818,67,0.2454109648110846,43,0.2125870996083783,67,0.24541096481108474,47,0.2125870996083783,66,0.24541096481108468,45,0.2125870996083783,66,0.24541096481108468,46,0.21258709960837852,66,0.24541096481108457,47,0.9997000299990002,67,0.0,70,0.21258709960837852,65,0.2454109648110846,44,0.21258709960837852,67,0.24541096481108488,46,0.21258709960837818,65,0.24541096481108474,47,0.2125870996083783,65,0.24541096481108476,46,0.21258709960837852,66,0.2454109648110846,47,0.9997000299990002,67,0.0,70,0.21258709960837818,67,0.2454109648110848,43,0.2125870996083783,67,0.2454109648110847,46,0.21258709960837818,67,0.2454109648110849,46,0.21258709960837852,66,0.24541096481108457,46,0.21258709960837852,66,0.24541096481108446,49,0.9997000299990002,67,0.0,70
"(32, 8)",0.06553704761843604,28,0.3632820788479625,20,0.06553704761843637,26,0.3632820788479622,20,0.06553704761843604,28,0.36328207884796293,19,0.06553704761843604,27,0.36328207884796276,19,0.06553704761843626,27,0.36328207884796243,20,0.9997000299990002,68,0.0,71,0.06553704761843637,26,0.3632820788479623,20,0.06553704761843626,26,0.3632820788479627,19,0.06553704761843626,27,0.3632820788479626,20,0.06553704761843626,27,0.36328207884796265,19,0.06553704761843604,27,0.36328207884796276,19,0.9997000299990002,68,0.0,71,0.06553704761843626,28,0.36328207884796254,20,0.06553704761843626,26,0.36328207884796293,20,0.06553704761843637,28,0.3632820788479624,20,0.06553704761843626,28,0.36328207884796276,19,0.06553704761843604,27,0.3632820788479628,19,0.9997000299990002,68,0.0,71,0.06553704761843626,26,0.3632820788479626,20,0.06553704761843626,26,0.36328207884796265,20,0.06553704761843637,26,0.3632820788479627,20,0.06553704761843604,27,0.36328207884796276,19,0.06553704761843604,27,0.3632820788479626,20,0.9997000299990002,68,0.0,71
"(10, 29)",0.1475694244071687,53,0.2189921975311044,58,0.14756942440716858,53,0.2189921975311044,59,0.1475694244071687,53,0.21899219753110424,60,0.1475694244071687,53,0.21899219753110444,60,0.14756942440716836,52,0.21899219753110435,61,0.9997000299990002,69,0.0,72,0.14756942440716836,51,0.21899219753110435,57,0.1475694244071687,53,0.21899219753110427,60,0.1475694244071687,53,0.21899219753110427,60,0.14756942440716836,53,0.2189921975311044,60,0.1475694244071687,52,0.21899219753110427,59,0.9997000299990002,69,0.0,72,0.14756942440716836,53,0.2189921975311045,57,0.14756942440716836,53,0.21899219753110477,58,0.1475694244071688,53,0.21899219753110435,60,0.14756942440716836,52,0.21899219753110463,60,0.1475694244071687,53,0.2189921975311045,58,0.9997000299990002,69,0.0,72,0.14756942440716858,53,0.2189921975311044,56,0.14756942440716836,52,0.21899219753110455,59,0.14756942440716836,53,0.21899219753110447,60,0.14756942440716836,52,0.2189921975311043,59,0.1475694244071687,53,0.21899219753110433,60,0.9997000299990002,69,0.0,72
"(10, 32)",0.10485772228506174,39,0.24541096481108468,45,0.10485772228506174,39,0.2454109648110846,47,0.10485772228506152,40,0.24541096481108463,45,0.10485772228506174,39,0.24541096481108476,45,0.10485772228506174,40,0.24541096481108446,48,0.9997000299990002,70,0.0,73,0.10485772228506196,40,0.24541096481108435,44,0.10485772228506152,39,0.24541096481108468,48,0.10485772228506174,40,0.2454109648110846,46,0.10485772228506174,40,0.24541096481108454,47,0.10485772228506174,40,0.24541096481108463,46,0.9997000299990002,70,0.0,73,0.10485772228506174,39,0.2454109648110846,45,0.10485772228506196,39,0.24541096481108482,47,0.10485772228506152,40,0.24541096481108488,46,0.10485772228506174,40,0.24541096481108482,45,0.10485772228506174,39,0.24541096481108474,46,0.9997000299990002,70,0.0,73,0.10485772228506174,38,0.24541096481108465,44,0.10485772228506174,40,0.24541096481108465,47,0.10485772228506174,40,0.24541096481108463,47,0.10485772228506174,39,0.24541096481108443,47,0.10485772228506174,39,0.24541096481108468,48,0.9997000299990002,70,0.0,73
"(29, 31)",0.06522335896107423,27,0.32504373880515913,27,0.06522335896107412,25,0.3250437388051592,26,0.06522335896107412,27,0.32504373880515913,27,0.06522335896107412,25,0.32504373880515947,25,0.06522335896107412,26,0.3250437388051593,25,0.9997000299990002,71,0.0,74,0.06522335896107401,25,0.32504373880515935,26,0.06522335896107423,25,0.3250437388051593,25,0.06522335896107423,26,0.32504373880515947,24,0.06522335896107412,26,0.32504373880515924,25,0.06522335896107423,26,0.32504373880515924,26,0.9997000299990002,71,0.0,74,0.06522335896107412,27,0.32504373880515947,25,0.06522335896107412,25,0.3250437388051594,26,0.06522335896107423,27,0.32504373880515924,27,0.06522335896107412,27,0.3250437388051596,25,0.06522335896107412,26,0.32504373880515947,26,0.9997000299990002,71,0.0,74,0.06522335896107412,25,0.32504373880515947,26,0.06522335896107401,25,0.32504373880515947,25,0.06522335896107412,25,0.3250437388051593,25,0.06522335896107412,26,0.32504373880515924,26,0.06522335896107412,26,0.3250437388051595,27,0.9997000299990002,71,0.0,74
"(29, 10)",0.21327632582400247,66,0.2189921975311045,57,0.2132763258240028,68,0.2189921975311043,60,0.21327632582400247,66,0.21899219753110438,59,0.21327632582400313,67,0.2189921975311043,61,0.2132763258240028,67,0.21899219753110444,60,0.9997000299990002,72,0.0,75,0.21327632582400313,68,0.21899219753110413,58,0.21327632582400247,68,0.21899219753110463,59,0.21327632582400247,67,0.21899219753110483,59,0.2132763258240028,67,0.21899219753110427,61,0.21327632582400247,67,0.21899219753110452,58,0.9997000299990002,72,0.0,75,0.2132763258240029,66,0.2189921975311044,58,0.21327632582400247,68,0.2189921975311046,59,0.21327632582400247,66,0.21899219753110455,59,0.2132763258240029,66,0.21899219753110447,61,0.21327632582400313,67,0.21899219753110433,59,0.9997000299990002,72,0.0,75,0.21327632582400247,68,0.2189921975311047,55,0.21327632582400313,68,0.21899219753110427,60,0.2132763258240028,68,0.21899219753110435,61,0.21327632582400313,67,0.21899219753110422,60,0.2132763258240029,67,0.21899219753110447,59,0.9997000299990002,72,0.0,75
"(31, 4)",0.1594821415654537,58,0.27433930363458153,37,0.1594821415654537,57,0.27433930363458137,39,0.15948214156545393,58,0.2743393036345812,41,0.1594821415654537,58,0.2743393036345814,40,0.1594821415654537,58,0.27433930363458126,42,0.9997000299990002,73,0.0,76,0.15948214156545348,58,0.27433930363458153,36,0.1594821415654537,57,0.2743393036345815,39,0.15948214156545348,58,0.27433930363458164,39,0.1594821415654537,58,0.2743393036345814,39,0.15948214156545348,58,0.2743393036345814,41,0.9997000299990002,73,0.0,76,0.1594821415654537,58,0.27433930363458137,38,0.1594821415654537,57,0.2743393036345814,40,0.15948214156545382,58,0.27433930363458126,41,0.15948214156545348,58,0.27433930363458153,40,0.15948214156545348,58,0.2743393036345816,41,0.9997000299990002,73,0.0,76,0.1594821415654537,58,0.2743393036345815,38,0.15948214156545326,57,0.2743393036345817,37,0.15948214156545382,58,0.2743393036345814,40,0.1594821415654537,57,0.2743393036345814,38,0.15948214156545348,57,0.2743393036345816,41,0.9997000299990002,73,0.0,76
"(31, 29)",0.095885014923064,34,0.3250437388051596,26,0.095885014923064,36,0.32504373880515947,25,0.095885014923064,35,0.3250437388051596,26,0.095885014923064,35,0.3250437388051594,26,0.09588501492306412,36,0.32504373880515913,26,0.9997000299990002,74,0.0,77,0.09588501492306412,34,0.32504373880515935,27,0.09588501492306412,36,0.3250437388051593,26,0.09588501492306434,35,0.32504373880515935,25,0.09588501492306412,35,0.32504373880515935,24,0.09588501492306434,35,0.3250437388051591,27,0.9997000299990002,74,0.0,77,0.095885014923064,34,0.32504373880515947,26,0.095885014923064,35,0.3250437388051595,25,0.095885014923064,36,0.3250437388051596,26,0.09588501492306434,35,0.3250437388051592,26,0.09588501492306412,35,0.3250437388051593,27,0.9997000299990002,74,0.0,77,0.09588501492306412,35,0.3250437388051593,27,0.09588501492306434,36,0.3250437388051592,26,0.095885014923064,35,0.3250437388051597,24,0.09588501492306412,35,0.3250437388051593,25,0.09588501492306412,36,0.32504373880515935,28,0.9997000299990002,74,0.0,77
"(4, 12)",0.12540862551812915,46,0.27374272575965625,40,0.12540862551812915,47,0.2737427257596561,42,0.12540862551812915,46,0.273742725759656,43,0.12540862551812926,46,0.2737427257596563,41,0.12540862551812904,46,0.27374272575965625,43,0.9997000299990002,75,0.0,78,0.12540862551812915,46,0.27374272575965636,38,0.12540862551812915,46,0.27374272575965625,41,0.12540862551812904,46,0.27374272575965636,42,0.12540862551812904,46,0.27374272575965636,41,0.12540862551812915,46,0.27374272575965625,43,0.9997000299990002,75,0.0,78,0.12540862551812915,45,0.27374272575965636,39,0.12540862551812926,47,0.27374272575965614,42,0.12540862551812904,46,0.27374272575965625,42,0.1254086255181288,46,0.27374272575965647,42,0.12540862551812915,46,0.27374272575965636,43,0.9997000299990002,75,0.0,78,0.12540862551812915,46,0.27374272575965625,40,0.12540862551812904,46,0.2737427257596564,39,0.12540862551812915,46,0.2737427257596561,43,0.12540862551812904,46,0.2737427257596563,40,0.12540862551812915,46,0.27374272575965636,43,0.9997000299990002,75,0.0,78
"(4, 31)",0.12459226307801408,45,0.2743393036345814,38,0.12459226307801408,46,0.2743393036345813,40,0.12459226307801385,45,0.2743393036345813,40,0.12459226307801385,45,0.27433930363458175,39,0.12459226307801408,45,0.2743393036345813,41,0.9997000299990002,76,0.0,79,0.12459226307801408,45,0.2743393036345815,37,0.12459226307801385,45,0.27433930363458153,38,0.12459226307801408,45,0.27433930363458137,40,0.1245922630780143,45,0.27433930363458126,40,0.12459226307801408,45,0.2743393036345814,42,0.9997000299990002,76,0.0,79,0.12459226307801408,44,0.2743393036345815,37,0.12459226307801374,46,0.27433930363458164,39,0.12459226307801408,45,0.2743393036345813,40,0.1245922630780143,45,0.27433930363458126,41,0.12459226307801408,45,0.2743393036345815,42,0.9997000299990002,76,0.0,79,0.12459226307801385,43,0.27433930363458153,37,0.12459226307801408,45,0.2743393036345815,38,0.12459226307801385,45,0.2743393036345814,41,0.12459226307801408,45,0.2743393036345814,39,0.12459226307801408,45,0.2743393036345815,42,0.9997000299990002,76,0.0,79
"(12, 17)",0.16511124853933234,60,0.2252379194168859,54,0.165111248539332,58,0.22523791941688592,53,0.16511124853933223,59,0.2252379194168858,55,0.165111248539332,59,0.225237919416886,56,0.16511124853933234,59,0.22523791941688562,56,0.9997000299990002,77,0.0,80,0.16511124853933246,59,0.22523791941688578,52,0.16511124853933234,58,0.2252379194168859,56,0.16511124853933246,59,0.2252379194168859,56,0.16511124853933234,59,0.22523791941688584,54,0.16511124853933234,61,0.22523791941688578,54,0.9997000299990002,77,0.0,80,0.16511124853933234,60,0.22523791941688584,54,0.16511124853933268,58,0.22523791941688584,55,0.16511124853933223,59,0.22523791941688576,55,0.16511124853933234,59,0.22523791941688592,56,0.16511124853933234,59,0.22523791941688578,55,0.9997000299990002,77,0.0,80,0.16511124853933234,59,0.22523791941688595,51,0.165111248539332,58,0.22523791941688587,55,0.16511124853933234,59,0.22523791941688576,55,0.16511124853933234,60,0.22523791941688578,56,0.16511124853933234,59,0.22523791941688584,55,0.9997000299990002,77,0.0,80
"(12, 4)",0.09197576745544267,33,0.27374272575965636,39,0.09197576745544278,34,0.2737427257596562,41,0.09197576745544278,34,0.27374272575965614,42,0.09197576745544278,34,0.2737427257596563,42,0.09197576745544267,34,0.2737427257596561,44,0.9997000299990002,78,0.0,81,0.09197576745544267,33,0.27374272575965636,39,0.09197576745544267,35,0.27374272575965636,40,0.09197576745544245,34,0.2737427257596566,41,0.09197576745544267,34,0.2737427257596563,42,0.09197576745544267,32,0.27374272575965625,44,0.9997000299990002,78,0.0,81,0.09197576745544267,33,0.27374272575965625,40,0.09197576745544223,34,0.2737427257596567,41,0.09197576745544278,34,0.2737427257596561,43,0.09197576745544267,34,0.2737427257596564,43,0.09197576745544267,34,0.2737427257596563,44,0.9997000299990002,78,0.0,81,0.09197576745544278,34,0.2737427257596563,39,0.09197576745544278,35,0.27374272575965614,40,0.09197576745544267,34,0.27374272575965625,42,0.09197576745544267,33,0.2737427257596562,41,0.09197576745544278,35,0.2737427257596562,44,0.9997000299990002,78,0.0,81
"(17, 3)",0.05211956868756773,22,0.3777490160126933,17,0.05211956868756773,21,0.3777490160126932,18,0.05211956868756751,21,0.37774901601269323,17,0.05211956868756773,21,0.3777490160126935,17,0.05211956868756773,21,0.377749016012693,18,0.9997000299990002,79,0.0,82,0.05211956868756773,20,0.37774901601269334,18,0.05211956868756773,21,0.37774901601269345,17,0.05211956868756773,21,0.3777490160126935,17,0.05211956868756751,21,0.37774901601269323,17,0.05211956868756751,21,0.37774901601269323,17,0.9997000299990002,79,0.0,82,0.05211956868756773,22,0.3777490160126934,18,0.05211956868756773,21,0.37774901601269345,18,0.05211956868756773,21,0.3777490160126934,17,0.05211956868756773,21,0.3777490160126933,18,0.05211956868756773,21,0.37774901601269334,17,0.9997000299990002,79,0.0,82,0.05211956868756773,21,0.3777490160126934,17,0.05211956868756773,20,0.37774901601269345,17,0.05211956868756773,21,0.37774901601269334,18,0.05211956868756773,20,0.37774901601269323,18,0.05211956868756773,21,0.37774901601269334,17,0.9997000299990002,79,0.0,82
"(17, 12)",0.24585911686883366,73,0.22523791941688592,53,0.24585911686883377,73,0.22523791941688578,54,0.245859116868834,73,0.22523791941688562,56,0.24585911686883366,73,0.225237919416886,57,0.24585911686883366,74,0.2252379194168858,55,0.9997000299990002,80,0.0,83,0.245859116868834,74,0.22523791941688576,53,0.24585911686883366,73,0.22523791941688598,55,0.24585911686883377,73,0.22523791941688598,55,0.24585911686883377,73,0.2252379194168857,55,0.24585911686883377,74,0.22523791941688576,55,0.9997000299990002,80,0.0,83,0.24585911686883366,73,0.22523791941688598,53,0.24585911686883377,73,0.22523791941688592,54,0.24585911686883377,73,0.22523791941688592,54,0.24585911686883377,73,0.22523791941688584,57,0.24585911686883366,73,0.22523791941688598,54,0.9997000299990002,80,0.0,83,0.24585911686883377,73,0.22523791941688592,52,0.24585911686883377,74,0.22523791941688592,54,0.24585911686883377,73,0.2252379194168859,54,0.24585911686883366,74,0.22523791941688592,55,0.24585911686883366,74,0.22523791941688592,54,0.9997000299990002,80,0.0,83
"(3, 17)",9.999999999998899e-05,4,0.3777490160126933,18,9.999999999998899e-05,4,0.37774901601269334,17,9.999999999998899e-05,4,0.3777490160126932,18,9.999999999998899e-05,4,0.37774901601269334,18,9.999999999998899e-05,4,0.37774901601269306,17,0.9999,90,0.0,84,9.999999999998899e-05,4,0.3777490160126934,17,9.999999999998899e-05,4,0.37774901601269345,18,9.999999999998899e-05,4,0.3777490160126934,18,9.999999999998899e-05,4,0.3777490160126932,18,9.999999999998899e-05,4,0.37774901601269323,18,0.9999,90,0.0,84,9.999999999998899e-05,4,0.3777490160126937,17,9.999999999998899e-05,4,0.37774901601269356,17,9.999999999998899e-05,4,0.3777490160126932,18,9.999999999998899e-05,4,0.37774901601269334,17,9.999999999998899e-05,4,0.37774901601269334,18,0.9999,90,0.0,84,9.999999999998899e-05,4,0.3777490160126934,18,9.999999999998899e-05,4,0.37774901601269345,18,9.999999999998899e-05,4,0.3777490160126934,17,9.999999999998899e-05,4,0.37774901601269345,17,9.999999999998899e-05,4,0.37774901601269334,18,0.9999,90,0.0,84
"(18, 13)",0.042344549126003383,18,0.33655854252855283,23,0.042344549126003383,18,0.33655854252855294,22,0.04234454912600327,19,0.3365585425285529,22,0.042344549126003383,17,0.3365585425285531,22,0.04234454912600327,19,0.336558542528553,22,0.9997000299990002,81,0.0,85,0.04234454912600327,17,0.33655854252855294,22,0.042344549126003383,18,0.33655854252855283,23,0.04234454912600327,18,0.33655854252855305,22,0.04234454912600327,19,0.3365585425285531,22,0.042344549126003383,18,0.3365585425285527,23,0.9997000299990002,81,0.0,85,0.042344549126003383,18,0.3365585425285531,22,0.042344549126003383,18,0.3365585425285531,22,0.042344549126003383,19,0.33655854252855266,23,0.042344549126003383,18,0.33655854252855294,22,0.042344549126003383,18,0.3365585425285529,22,0.9997000299990002,81,0.0,85,0.042344549126003383,18,0.3365585425285531,22,0.042344549126003383,18,0.3365585425285529,23,0.042344549126003383,18,0.33655854252855294,22,0.042344549126003383,17,0.3365585425285527,23,0.04234454912600327,19,0.3365585425285529,23,0.9997000299990002,81,0.0,85
"(18, 11)",0.2764662109797973,77,0.18007182625417456,67,0.2764662109797973,77,0.1800718262541746,70,0.2764662109797976,76,0.18007182625417442,71,0.2764662109797976,78,0.1800718262541746,70,0.2764662109797976,76,0.18007182625417445,71,0.9997000299990002,82,0.0,86,0.27646621097979773,78,0.18007182625417437,70,0.2764662109797975,77,0.18007182625417453,70,0.2764662109797976,77,0.1800718262541746,71,0.27646621097979773,76,0.1800718262541745,71,0.2764662109797973,77,0.18007182625417448,71,0.9997000299990002,82,0.0,86,0.2764662109797976,77,0.1800718262541746,67,0.2764662109797975,77,0.18007182625417467,70,0.2764662109797975,76,0.18007182625417442,71,0.27646621097979707,77,0.18007182625417473,71,0.2764662109797973,77,0.18007182625417464,71,0.9997000299990002,82,0.0,86,0.2764662109797976,77,0.18007182625417462,70,0.2764662109797973,77,0.18007182625417464,70,0.2764662109797975,77,0.18007182625417456,70,0.2764662109797973,78,0.18007182625417448,71,0.2764662109797976,76,0.18007182625417442,71,0.9997000299990002,82,0.0,86
"(13, 16)",0.14065491837933553,50,0.31059745041026543,30,0.14065491837933553,50,0.3105974504102654,30,0.14065491837933553,50,0.31059745041026526,32,0.14065491837933553,49,0.31059745041026554,31,0.1406549183793352,49,0.3105974504102655,32,0.9997000299990002,83,0.0,87,0.1406549183793352,48,0.31059745041026554,30,0.14065491837933553,49,0.31059745041026543,30,0.14065491837933553,50,0.3105974504102656,30,0.14065491837933553,49,0.3105974504102653,30,0.14065491837933553,49,0.31059745041026543,30,0.9997000299990002,83,0.0,87,0.1406549183793353,49,0.31059745041026543,30,0.1406549183793352,50,0.31059745041026576,30,0.14065491837933553,50,0.31059745041026543,32,0.1406549183793353,49,0.31059745041026554,31,0.1406549183793353,49,0.31059745041026554,33,0.9997000299990002,83,0.0,87,0.1406549183793352,50,0.31059745041026565,30,0.14065491837933553,49,0.3105974504102655,31,0.1406549183793353,50,0.3105974504102656,30,0.14065491837933553,48,0.3105974504102655,30,0.14065491837933553,50,0.3105974504102655,34,0.9997000299990002,83,0.0,87
"(13, 18)",0.11055203147103687,42,0.33655854252855294,22,0.11055203147103687,43,0.33655854252855283,23,0.11055203147103687,43,0.3365585425285529,23,0.11055203147103687,43,0.3365585425285531,23,0.1105520314710371,43,0.3365585425285527,23,0.9997000299990002,84,0.0,88,0.1105520314710371,43,0.3365585425285527,23,0.11055203147103687,44,0.33655854252855294,22,0.11055203147103687,43,0.33655854252855305,23,0.11055203147103687,43,0.3365585425285528,23,0.11055203147103687,43,0.3365585425285529,22,0.9997000299990002,84,0.0,88,0.11055203147103687,42,0.33655854252855283,23,0.1105520314710371,43,0.3365585425285531,23,0.11055203147103687,43,0.3365585425285529,22,0.11055203147103687,43,0.33655854252855294,23,0.1105520314710371,43,0.3365585425285529,23,0.9997000299990002,84,0.0,88,0.1105520314710371,41,0.3365585425285529,23,0.11055203147103687,43,0.336558542528553,22,0.1105520314710371,43,0.33655854252855294,23,0.1105520314710371,43,0.3365585425285529,22,0.11055203147103687,42,0.33655854252855305,22,0.9997000299990002,84,0.0,88
"(16, 23)",0.18039705360945646,62,0.23909706831748767,51,0.18039705360945646,61,0.23909706831748756,51,0.18039705360945613,62,0.23909706831748767,51,0.18039705360945646,61,0.23909706831748784,51,0.18039705360945646,62,0.23909706831748764,52,0.9997000299990002,85,0.0,89,0.18039705360945646,62,0.23909706831748773,48,0.18039705360945613,60,0.23909706831748775,51,0.18039705360945613,61,0.23909706831748787,51,0.18039705360945635,61,0.23909706831748762,51,0.18039705360945646,63,0.23909706831748767,50,0.9997000299990002,85,0.0,89,0.18039705360945635,62,0.23909706831748773,51,0.18039705360945646,62,0.23909706831748787,50,0.18039705360945613,62,0.23909706831748787,51,0.18039705360945646,62,0.2390970683174876,51,0.18039705360945635,62,0.23909706831748787,52,0.9997000299990002,85,0.0,89,0.18039705360945635,63,0.23909706831748762,48,0.18039705360945646,60,0.23909706831748762,52,0.18039705360945613,61,0.2390970683174878,50,0.18039705360945646,63,0.23909706831748762,53,0.18039705360945646,63,0.23909706831748775,52,0.9997000299990002,85,0.0,89
"(16, 13)",0.08229217365942065,31,0.3105974504102654,31,0.08229217365942065,31,0.31059745041026526,31,0.08229217365942065,30,0.31059745041026526,33,0.08229217365942054,32,0.3105974504102656,30,0.08229217365942054,31,0.31059745041026543,33,0.9997000299990002,86,0.0,90,0.08229217365942054,30,0.3105974504102655,31,0.08229217365942065,32,0.3105974504102653,31,0.08229217365942065,32,0.31059745041026543,31,0.08229217365942065,32,0.3105974504102652,31,0.08229217365942054,30,0.31059745041026543,31,0.9997000299990002,86,0.0,90,0.08229217365942065,31,0.3105974504102654,31,0.08229217365942065,30,0.31059745041026565,31,0.08229217365942088,31,0.3105974504102653,33,0.08229217365942065,31,0.31059745041026526,32,0.08229217365942054,31,0.3105974504102656,32,0.9997000299990002,86,0.0,90,0.08229217365942054,29,0.3105974504102653,31,0.08229217365942054,32,0.31059745041026554,30,0.08229217365942065,32,0.3105974504102653,31,0.08229217365942054,30,0.3105974504102654,31,0.08229217365942054,30,0.31059745041026554,33,0.9997000299990002,86,0.0,90
"(23, 16)",9.999999999998899e-05,5,0.23909706831748773,50,9.999999999998899e-05,5,0.23909706831748762,50,9.999999999998899e-05,5,0.2390970683174876,52,9.999999999998899e-05,5,0.23909706831748767,52,9.999999999998899e-05,5,0.23909706831748753,53,0.9999,91,0.0,91,9.999999999998899e-05,5,0.23909706831748767,49,9.999999999998899e-05,5,0.23909706831748775,52,9.999999999998899e-05,5,0.23909706831748775,52,9.999999999998899e-05,5,0.23909706831748748,52,9.999999999998899e-05,5,0.23909706831748767,51,0.9999,91,0.0,91,9.999999999998899e-05,5,0.23909706831748775,50,9.999999999998899e-05,5,0.23909706831748787,51,9.999999999998899e-05,5,0.23909706831748773,52,9.999999999998899e-05,5,0.23909706831748762,50,9.999999999998899e-05,5,0.23909706831748775,53,0.9999,91,0.0,91,9.999999999998899e-05,5,0.23909706831748775,47,9.999999999998899e-05,5,0.23909706831748784,51,9.999999999998899e-05,5,0.23909706831748767,51,9.999999999998899e-05,5,0.23909706831748764,52,9.999999999998899e-05,5,0.23909706831748767,53,0.9999,91,0.0,91
"(2, 33)",9.999999999998899e-05,6,1.0,2,9.999999999998899e-05,6,0.9999999999999993,2,9.999999999998899e-05,6,0.9999999999999994,2,9.999999999998899e-05,6,1.0,1,9.999999999998899e-05,6,0.9999999999999989,2,0.9999,92,0.0,92,9.999999999998899e-05,6,1.0,1,9.999999999998899e-05,6,0.9999999999999994,2,9.999999999998899e-05,6,1.0,2,9.999999999998899e-05,6,0.9999999999999992,2,9.999999999998899e-05,6,1.0,1,0.9999,92,0.0,92,9.999999999998899e-05,6,0.9999999999999999,2,9.999999999998899e-05,6,1.0,2,9.999999999998899e-05,6,1.0,1,9.999999999998899e-05,6,1.0,1,9.999999999998899e-05,6,0.9999999999999993,2,0.9999,92,0.0,92,9.999999999998899e-05,6,1.0,1,9.999999999998899e-05,6,1.0,1,9.999999999998899e-05,6,0.9999999999999999,2,9.999999999998899e-05,6,0.9999999999999999,1,9.999999999998899e-05,6,1.0,2,0.9999,92,0.0,92
