name_o;naptanid_o;name_d;naptanid_d;Mode
504;940GZZDLSIT;523;940GZZDLKGV;dlr
504;940GZZDLSIT;533;940GZZDLLCA;dlr
504;940GZZDLSIT;538;940GZZDLPDK;dlr
504;940GZZDLSIT;559;940GZZDLWSV;dlr
504;940GZZDLSIT;573;940GZZDLWLA;dlr
504;940GZZDLSIT;719;940GZZDLSTD;dlr
504;940GZZDLSIT;749;940GZZDLSHS;dlr
504;940GZZDLSIT;750;940GZZDLABR;dlr
504;940GZZDLSIT;757;940GZZDLWHM;dlr
504;940GZZDLSIT;842;940GZZDLCAN;dlr
504;940GZZDLSIT;850;940GZZDLALL;dlr
504;940GZZDLSIT;851;940GZZDLBOW;dlr
504;940GZZDLSIT;853;940GZZDLLDP;dlr
504;940GZZDLSIT;854;940GZZDLCLA;dlr
504;940GZZDLSIT;856;940GZZDLISL;dlr
504;940GZZDLSIT;857;940GZZDLMUD;dlr
504;940GZZDLSIT;858;940GZZDLPOP;dlr
504;940GZZDLSIT;859;940GZZDLPUD;dlr
504;940GZZDLSIT;860;940GZZDLSHA;dlr
504;940GZZDLSIT;861;940GZZDLSOQ;dlr
504;940GZZDLSIT;862;940GZZDLLIM;dlr
504;940GZZDLSIT;864;940GZZDLTWG;dlr
504;940GZZDLSIT;865;940GZZDLWFE;dlr
504;940GZZDLSIT;866;940GZZDLWIQ;dlr
504;940GZZDLSIT;867;940GZZDLDEV;dlr
504;940GZZDLSIT;879;940GZZDLCUT;dlr
504;940GZZDLSIT;882;940GZZDLBLA;dlr
504;940GZZDLSIT;883;940GZZDLEIN;dlr
504;940GZZDLSIT;884;940GZZDLCGT;dlr
504;940GZZDLSIT;886;940GZZDLRVC;dlr
504;940GZZDLSIT;887;940GZZDLCUS;dlr
504;940GZZDLSIT;888;940GZZDLPRE;dlr
504;940GZZDLSIT;889;940GZZDLSTL;dlr
504;940GZZDLSIT;890;940GZZDLRAL;dlr
504;940GZZDLSIT;891;940GZZDLBPK;dlr
504;940GZZDLSIT;893;940GZZDLCYP;dlr
504;940GZZDLSIT;894;940GZZDLGAL;dlr
504;940GZZDLSIT;895;940GZZDLBEC;dlr
504;940GZZDLSIT;897;940GZZDLDEP;dlr
504;940GZZDLSIT;928;940GZZDLGRE;dlr
504;940GZZDLSIT;940;940GZZDLLEW;dlr
513;940GZZDLBNK;523;940GZZDLKGV;dlr
513;940GZZDLBNK;533;940GZZDLLCA;dlr
513;940GZZDLBNK;538;940GZZDLPDK;dlr
513;940GZZDLBNK;559;940GZZDLWSV;dlr
513;940GZZDLBNK;573;940GZZDLWLA;dlr
513;940GZZDLBNK;842;940GZZDLCAN;dlr
513;940GZZDLBNK;850;940GZZDLALL;dlr
513;940GZZDLBNK;851;940GZZDLBOW;dlr
513;940GZZDLBNK;853;940GZZDLLDP;dlr
513;940GZZDLBNK;854;940GZZDLCLA;dlr
513;940GZZDLBNK;855;940GZZDLHEQ;dlr
513;940GZZDLBNK;856;940GZZDLISL;dlr
513;940GZZDLBNK;857;940GZZDLMUD;dlr
513;940GZZDLBNK;858;940GZZDLPOP;dlr
513;940GZZDLBNK;859;940GZZDLPUD;dlr
513;940GZZDLBNK;860;940GZZDLSHA;dlr
513;940GZZDLBNK;861;940GZZDLSOQ;dlr
513;940GZZDLBNK;862;940GZZDLLIM;dlr
513;940GZZDLBNK;864;940GZZDLTWG;dlr
513;940GZZDLBNK;865;940GZZDLWFE;dlr
513;940GZZDLBNK;866;940GZZDLWIQ;dlr
513;940GZZDLBNK;867;940GZZDLDEV;dlr
513;940GZZDLBNK;879;940GZZDLCUT;dlr
513;940GZZDLBNK;882;940GZZDLBLA;dlr
513;940GZZDLBNK;883;940GZZDLEIN;dlr
513;940GZZDLBNK;884;940GZZDLCGT;dlr
513;940GZZDLBNK;886;940GZZDLRVC;dlr
513;940GZZDLBNK;887;940GZZDLCUS;dlr
513;940GZZDLBNK;888;940GZZDLPRE;dlr
513;940GZZDLBNK;890;940GZZDLRAL;dlr
513;940GZZDLBNK;891;940GZZDLBPK;dlr
513;940GZZDLBNK;893;940GZZDLCYP;dlr
513;940GZZDLBNK;894;940GZZDLGAL;dlr
513;940GZZDLBNK;895;940GZZDLBEC;dlr
513;940GZZDLBNK;897;940GZZDLDEP;dlr
513;940GZZDLBNK;898;940GZZDLELV;dlr
513;940GZZDLBNK;928;940GZZDLGRE;dlr
513;940GZZDLBNK;940;940GZZDLLEW;dlr
523;940GZZDLKGV;504;940GZZDLSIT;dlr
523;940GZZDLKGV;513;940GZZDLBNK;dlr
523;940GZZDLKGV;533;940GZZDLLCA;dlr
523;940GZZDLKGV;538;940GZZDLPDK;dlr
523;940GZZDLKGV;559;940GZZDLWSV;dlr
523;940GZZDLKGV;573;940GZZDLWLA;dlr
523;940GZZDLKGV;719;940GZZDLSTD;dlr
523;940GZZDLKGV;749;940GZZDLSHS;dlr
523;940GZZDLKGV;750;940GZZDLABR;dlr
523;940GZZDLKGV;757;940GZZDLWHM;dlr
523;940GZZDLKGV;842;940GZZDLCAN;dlr
523;940GZZDLKGV;851;940GZZDLBOW;dlr
523;940GZZDLKGV;858;940GZZDLPOP;dlr
523;940GZZDLKGV;860;940GZZDLSHA;dlr
523;940GZZDLKGV;862;940GZZDLLIM;dlr
523;940GZZDLKGV;864;940GZZDLTWG;dlr
523;940GZZDLKGV;865;940GZZDLWFE;dlr
523;940GZZDLKGV;879;940GZZDLCUT;dlr
523;940GZZDLKGV;882;940GZZDLBLA;dlr
523;940GZZDLKGV;883;940GZZDLEIN;dlr
523;940GZZDLKGV;884;940GZZDLCGT;dlr
523;940GZZDLKGV;886;940GZZDLRVC;dlr
523;940GZZDLKGV;888;940GZZDLPRE;dlr
523;940GZZDLKGV;889;940GZZDLSTL;dlr
523;940GZZDLKGV;928;940GZZDLGRE;dlr
523;940GZZDLKGV;940;940GZZDLLEW;dlr
533;940GZZDLLCA;504;940GZZDLSIT;dlr
533;940GZZDLLCA;513;940GZZDLBNK;dlr
533;940GZZDLLCA;523;940GZZDLKGV;dlr
533;940GZZDLLCA;538;940GZZDLPDK;dlr
533;940GZZDLLCA;559;940GZZDLWSV;dlr
533;940GZZDLLCA;573;940GZZDLWLA;dlr
533;940GZZDLLCA;719;940GZZDLSTD;dlr
533;940GZZDLLCA;749;940GZZDLSHS;dlr
533;940GZZDLLCA;750;940GZZDLABR;dlr
533;940GZZDLLCA;757;940GZZDLWHM;dlr
533;940GZZDLLCA;842;940GZZDLCAN;dlr
533;940GZZDLLCA;850;940GZZDLALL;dlr
533;940GZZDLLCA;851;940GZZDLBOW;dlr
533;940GZZDLLCA;853;940GZZDLLDP;dlr
533;940GZZDLLCA;854;940GZZDLCLA;dlr
533;940GZZDLLCA;855;940GZZDLHEQ;dlr
533;940GZZDLLCA;856;940GZZDLISL;dlr
533;940GZZDLLCA;857;940GZZDLMUD;dlr
533;940GZZDLLCA;858;940GZZDLPOP;dlr
533;940GZZDLLCA;859;940GZZDLPUD;dlr
533;940GZZDLLCA;860;940GZZDLSHA;dlr
533;940GZZDLLCA;861;940GZZDLSOQ;dlr
533;940GZZDLLCA;862;940GZZDLLIM;dlr
533;940GZZDLLCA;864;940GZZDLTWG;dlr
533;940GZZDLLCA;865;940GZZDLWFE;dlr
533;940GZZDLLCA;866;940GZZDLWIQ;dlr
533;940GZZDLLCA;867;940GZZDLDEV;dlr
533;940GZZDLLCA;879;940GZZDLCUT;dlr
533;940GZZDLLCA;882;940GZZDLBLA;dlr
533;940GZZDLLCA;883;940GZZDLEIN;dlr
533;940GZZDLLCA;884;940GZZDLCGT;dlr
533;940GZZDLLCA;886;940GZZDLRVC;dlr
533;940GZZDLLCA;887;940GZZDLCUS;dlr
533;940GZZDLLCA;888;940GZZDLPRE;dlr
533;940GZZDLLCA;889;940GZZDLSTL;dlr
533;940GZZDLLCA;890;940GZZDLRAL;dlr
533;940GZZDLLCA;895;940GZZDLBEC;dlr
533;940GZZDLLCA;897;940GZZDLDEP;dlr
533;940GZZDLLCA;898;940GZZDLELV;dlr
533;940GZZDLLCA;928;940GZZDLGRE;dlr
533;940GZZDLLCA;940;940GZZDLLEW;dlr
538;940GZZDLPDK;504;940GZZDLSIT;dlr
538;940GZZDLPDK;513;940GZZDLBNK;dlr
538;940GZZDLPDK;523;940GZZDLKGV;dlr
538;940GZZDLPDK;533;940GZZDLLCA;dlr
538;940GZZDLPDK;559;940GZZDLWSV;dlr
538;940GZZDLPDK;573;940GZZDLWLA;dlr
538;940GZZDLPDK;719;940GZZDLSTD;dlr
538;940GZZDLPDK;749;940GZZDLSHS;dlr
538;940GZZDLPDK;757;940GZZDLWHM;dlr
538;940GZZDLPDK;842;940GZZDLCAN;dlr
538;940GZZDLPDK;851;940GZZDLBOW;dlr
538;940GZZDLPDK;853;940GZZDLLDP;dlr
538;940GZZDLPDK;854;940GZZDLCLA;dlr
538;940GZZDLPDK;856;940GZZDLISL;dlr
538;940GZZDLPDK;857;940GZZDLMUD;dlr
538;940GZZDLPDK;858;940GZZDLPOP;dlr
538;940GZZDLPDK;860;940GZZDLSHA;dlr
538;940GZZDLPDK;861;940GZZDLSOQ;dlr
538;940GZZDLPDK;862;940GZZDLLIM;dlr
538;940GZZDLPDK;864;940GZZDLTWG;dlr
538;940GZZDLPDK;865;940GZZDLWFE;dlr
538;940GZZDLPDK;866;940GZZDLWIQ;dlr
538;940GZZDLPDK;879;940GZZDLCUT;dlr
538;940GZZDLPDK;882;940GZZDLBLA;dlr
538;940GZZDLPDK;883;940GZZDLEIN;dlr
538;940GZZDLPDK;884;940GZZDLCGT;dlr
538;940GZZDLPDK;886;940GZZDLRVC;dlr
538;940GZZDLPDK;887;940GZZDLCUS;dlr
538;940GZZDLPDK;888;940GZZDLPRE;dlr
538;940GZZDLPDK;889;940GZZDLSTL;dlr
538;940GZZDLPDK;890;940GZZDLRAL;dlr
538;940GZZDLPDK;893;940GZZDLCYP;dlr
538;940GZZDLPDK;894;940GZZDLGAL;dlr
538;940GZZDLPDK;895;940GZZDLBEC;dlr
538;940GZZDLPDK;897;940GZZDLDEP;dlr
538;940GZZDLPDK;928;940GZZDLGRE;dlr
538;940GZZDLPDK;940;940GZZDLLEW;dlr
559;940GZZDLWSV;504;940GZZDLSIT;dlr
559;940GZZDLWSV;513;940GZZDLBNK;dlr
559;940GZZDLWSV;523;940GZZDLKGV;dlr
559;940GZZDLWSV;533;940GZZDLLCA;dlr
559;940GZZDLWSV;538;940GZZDLPDK;dlr
559;940GZZDLWSV;573;940GZZDLWLA;dlr
559;940GZZDLWSV;719;940GZZDLSTD;dlr
559;940GZZDLWSV;749;940GZZDLSHS;dlr
559;940GZZDLWSV;750;940GZZDLABR;dlr
559;940GZZDLWSV;757;940GZZDLWHM;dlr
559;940GZZDLWSV;842;940GZZDLCAN;dlr
559;940GZZDLWSV;851;940GZZDLBOW;dlr
559;940GZZDLWSV;853;940GZZDLLDP;dlr
559;940GZZDLWSV;854;940GZZDLCLA;dlr
559;940GZZDLWSV;858;940GZZDLPOP;dlr
559;940GZZDLWSV;860;940GZZDLSHA;dlr
559;940GZZDLWSV;862;940GZZDLLIM;dlr
559;940GZZDLWSV;864;940GZZDLTWG;dlr
559;940GZZDLWSV;865;940GZZDLWFE;dlr
559;940GZZDLWSV;866;940GZZDLWIQ;dlr
559;940GZZDLWSV;879;940GZZDLCUT;dlr
559;940GZZDLWSV;882;940GZZDLBLA;dlr
559;940GZZDLWSV;883;940GZZDLEIN;dlr
559;940GZZDLWSV;884;940GZZDLCGT;dlr
559;940GZZDLWSV;886;940GZZDLRVC;dlr
559;940GZZDLWSV;887;940GZZDLCUS;dlr
559;940GZZDLWSV;888;940GZZDLPRE;dlr
559;940GZZDLWSV;889;940GZZDLSTL;dlr
559;940GZZDLWSV;895;940GZZDLBEC;dlr
559;940GZZDLWSV;897;940GZZDLDEP;dlr
559;940GZZDLWSV;928;940GZZDLGRE;dlr
559;940GZZDLWSV;940;940GZZDLLEW;dlr
573;940GZZDLWLA;504;940GZZDLSIT;dlr
573;940GZZDLWLA;513;940GZZDLBNK;dlr
573;940GZZDLWLA;523;940GZZDLKGV;dlr
573;940GZZDLWLA;533;940GZZDLLCA;dlr
573;940GZZDLWLA;538;940GZZDLPDK;dlr
573;940GZZDLWLA;559;940GZZDLWSV;dlr
573;940GZZDLWLA;719;940GZZDLSTD;dlr
573;940GZZDLWLA;749;940GZZDLSHS;dlr
573;940GZZDLWLA;750;940GZZDLABR;dlr
573;940GZZDLWLA;757;940GZZDLWHM;dlr
573;940GZZDLWLA;842;940GZZDLCAN;dlr
573;940GZZDLWLA;850;940GZZDLALL;dlr
573;940GZZDLWLA;851;940GZZDLBOW;dlr
573;940GZZDLWLA;853;940GZZDLLDP;dlr
573;940GZZDLWLA;854;940GZZDLCLA;dlr
573;940GZZDLWLA;855;940GZZDLHEQ;dlr
573;940GZZDLWLA;856;940GZZDLISL;dlr
573;940GZZDLWLA;857;940GZZDLMUD;dlr
573;940GZZDLWLA;858;940GZZDLPOP;dlr
573;940GZZDLWLA;859;940GZZDLPUD;dlr
573;940GZZDLWLA;860;940GZZDLSHA;dlr
573;940GZZDLWLA;861;940GZZDLSOQ;dlr
573;940GZZDLWLA;862;940GZZDLLIM;dlr
573;940GZZDLWLA;864;940GZZDLTWG;dlr
573;940GZZDLWLA;865;940GZZDLWFE;dlr
573;940GZZDLWLA;866;940GZZDLWIQ;dlr
573;940GZZDLWLA;867;940GZZDLDEV;dlr
573;940GZZDLWLA;882;940GZZDLBLA;dlr
573;940GZZDLWLA;883;940GZZDLEIN;dlr
573;940GZZDLWLA;884;940GZZDLCGT;dlr
573;940GZZDLWLA;886;940GZZDLRVC;dlr
573;940GZZDLWLA;887;940GZZDLCUS;dlr
573;940GZZDLWLA;888;940GZZDLPRE;dlr
573;940GZZDLWLA;889;940GZZDLSTL;dlr
573;940GZZDLWLA;890;940GZZDLRAL;dlr
573;940GZZDLWLA;891;940GZZDLBPK;dlr
573;940GZZDLWLA;893;940GZZDLCYP;dlr
573;940GZZDLWLA;894;940GZZDLGAL;dlr
573;940GZZDLWLA;895;940GZZDLBEC;dlr
573;940GZZDLWLA;940;940GZZDLLEW;dlr
719;940GZZDLSTD;504;940GZZDLSIT;dlr
719;940GZZDLSTD;523;940GZZDLKGV;dlr
719;940GZZDLSTD;533;940GZZDLLCA;dlr
719;940GZZDLSTD;538;940GZZDLPDK;dlr
719;940GZZDLSTD;559;940GZZDLWSV;dlr
719;940GZZDLSTD;573;940GZZDLWLA;dlr
719;940GZZDLSTD;749;940GZZDLSHS;dlr
719;940GZZDLSTD;750;940GZZDLABR;dlr
719;940GZZDLSTD;757;940GZZDLWHM;dlr
719;940GZZDLSTD;842;940GZZDLCAN;dlr
719;940GZZDLSTD;850;940GZZDLALL;dlr
719;940GZZDLSTD;851;940GZZDLBOW;dlr
719;940GZZDLSTD;853;940GZZDLLDP;dlr
719;940GZZDLSTD;854;940GZZDLCLA;dlr
719;940GZZDLSTD;855;940GZZDLHEQ;dlr
719;940GZZDLSTD;856;940GZZDLISL;dlr
719;940GZZDLSTD;857;940GZZDLMUD;dlr
719;940GZZDLSTD;858;940GZZDLPOP;dlr
719;940GZZDLSTD;859;940GZZDLPUD;dlr
719;940GZZDLSTD;860;940GZZDLSHA;dlr
719;940GZZDLSTD;861;940GZZDLSOQ;dlr
719;940GZZDLSTD;862;940GZZDLLIM;dlr
719;940GZZDLSTD;864;940GZZDLTWG;dlr
719;940GZZDLSTD;865;940GZZDLWFE;dlr
719;940GZZDLSTD;866;940GZZDLWIQ;dlr
719;940GZZDLSTD;867;940GZZDLDEV;dlr
719;940GZZDLSTD;879;940GZZDLCUT;dlr
719;940GZZDLSTD;882;940GZZDLBLA;dlr
719;940GZZDLSTD;883;940GZZDLEIN;dlr
719;940GZZDLSTD;884;940GZZDLCGT;dlr
719;940GZZDLSTD;886;940GZZDLRVC;dlr
719;940GZZDLSTD;887;940GZZDLCUS;dlr
719;940GZZDLSTD;888;940GZZDLPRE;dlr
719;940GZZDLSTD;889;940GZZDLSTL;dlr
719;940GZZDLSTD;890;940GZZDLRAL;dlr
719;940GZZDLSTD;891;940GZZDLBPK;dlr
719;940GZZDLSTD;893;940GZZDLCYP;dlr
719;940GZZDLSTD;894;940GZZDLGAL;dlr
719;940GZZDLSTD;895;940GZZDLBEC;dlr
719;940GZZDLSTD;897;940GZZDLDEP;dlr
719;940GZZDLSTD;898;940GZZDLELV;dlr
719;940GZZDLSTD;928;940GZZDLGRE;dlr
719;940GZZDLSTD;940;940GZZDLLEW;dlr
749;940GZZDLSHS;504;940GZZDLSIT;dlr
749;940GZZDLSHS;523;940GZZDLKGV;dlr
749;940GZZDLSHS;533;940GZZDLLCA;dlr
749;940GZZDLSHS;538;940GZZDLPDK;dlr
749;940GZZDLSHS;559;940GZZDLWSV;dlr
749;940GZZDLSHS;573;940GZZDLWLA;dlr
749;940GZZDLSHS;719;940GZZDLSTD;dlr
749;940GZZDLSHS;750;940GZZDLABR;dlr
749;940GZZDLSHS;757;940GZZDLWHM;dlr
749;940GZZDLSHS;860;940GZZDLSHA;dlr
749;940GZZDLSHS;862;940GZZDLLIM;dlr
749;940GZZDLSHS;864;940GZZDLTWG;dlr
749;940GZZDLSHS;866;940GZZDLWIQ;dlr
749;940GZZDLSHS;879;940GZZDLCUT;dlr
749;940GZZDLSHS;883;940GZZDLEIN;dlr
749;940GZZDLSHS;884;940GZZDLCGT;dlr
749;940GZZDLSHS;886;940GZZDLRVC;dlr
749;940GZZDLSHS;887;940GZZDLCUS;dlr
749;940GZZDLSHS;888;940GZZDLPRE;dlr
749;940GZZDLSHS;889;940GZZDLSTL;dlr
749;940GZZDLSHS;890;940GZZDLRAL;dlr
749;940GZZDLSHS;893;940GZZDLCYP;dlr
749;940GZZDLSHS;894;940GZZDLGAL;dlr
749;940GZZDLSHS;895;940GZZDLBEC;dlr
749;940GZZDLSHS;940;940GZZDLLEW;dlr
750;940GZZDLABR;504;940GZZDLSIT;dlr
750;940GZZDLABR;523;940GZZDLKGV;dlr
750;940GZZDLABR;533;940GZZDLLCA;dlr
750;940GZZDLABR;559;940GZZDLWSV;dlr
750;940GZZDLABR;573;940GZZDLWLA;dlr
750;940GZZDLABR;719;940GZZDLSTD;dlr
750;940GZZDLABR;749;940GZZDLSHS;dlr
750;940GZZDLABR;757;940GZZDLWHM;dlr
750;940GZZDLABR;854;940GZZDLCLA;dlr
750;940GZZDLABR;860;940GZZDLSHA;dlr
750;940GZZDLABR;864;940GZZDLTWG;dlr
750;940GZZDLABR;867;940GZZDLDEV;dlr
750;940GZZDLABR;879;940GZZDLCUT;dlr
750;940GZZDLABR;883;940GZZDLEIN;dlr
750;940GZZDLABR;884;940GZZDLCGT;dlr
750;940GZZDLABR;887;940GZZDLCUS;dlr
750;940GZZDLABR;888;940GZZDLPRE;dlr
750;940GZZDLABR;889;940GZZDLSTL;dlr
750;940GZZDLABR;894;940GZZDLGAL;dlr
750;940GZZDLABR;940;940GZZDLLEW;dlr
757;940GZZDLWHM;504;940GZZDLSIT;dlr
757;940GZZDLWHM;523;940GZZDLKGV;dlr
757;940GZZDLWHM;533;940GZZDLLCA;dlr
757;940GZZDLWHM;538;940GZZDLPDK;dlr
757;940GZZDLWHM;559;940GZZDLWSV;dlr
757;940GZZDLWHM;573;940GZZDLWLA;dlr
757;940GZZDLWHM;719;940GZZDLSTD;dlr
757;940GZZDLWHM;749;940GZZDLSHS;dlr
757;940GZZDLWHM;750;940GZZDLABR;dlr
757;940GZZDLWHM;850;940GZZDLALL;dlr
757;940GZZDLWHM;851;940GZZDLBOW;dlr
757;940GZZDLWHM;853;940GZZDLLDP;dlr
757;940GZZDLWHM;859;940GZZDLPUD;dlr
757;940GZZDLWHM;862;940GZZDLLIM;dlr
757;940GZZDLWHM;866;940GZZDLWIQ;dlr
757;940GZZDLWHM;867;940GZZDLDEV;dlr
757;940GZZDLWHM;883;940GZZDLEIN;dlr
757;940GZZDLWHM;884;940GZZDLCGT;dlr
757;940GZZDLWHM;889;940GZZDLSTL;dlr
842;940GZZDLCAN;504;940GZZDLSIT;dlr
842;940GZZDLCAN;513;940GZZDLBNK;dlr
842;940GZZDLCAN;523;940GZZDLKGV;dlr
842;940GZZDLCAN;533;940GZZDLLCA;dlr
842;940GZZDLCAN;538;940GZZDLPDK;dlr
842;940GZZDLCAN;559;940GZZDLWSV;dlr
842;940GZZDLCAN;573;940GZZDLWLA;dlr
842;940GZZDLCAN;719;940GZZDLSTD;dlr
842;940GZZDLCAN;757;940GZZDLWHM;dlr
842;940GZZDLCAN;842;940GZZDLCAN;dlr
842;940GZZDLCAN;850;940GZZDLALL;dlr
842;940GZZDLCAN;851;940GZZDLBOW;dlr
842;940GZZDLCAN;853;940GZZDLLDP;dlr
842;940GZZDLCAN;854;940GZZDLCLA;dlr
842;940GZZDLCAN;855;940GZZDLHEQ;dlr
842;940GZZDLCAN;856;940GZZDLISL;dlr
842;940GZZDLCAN;857;940GZZDLMUD;dlr
842;940GZZDLCAN;858;940GZZDLPOP;dlr
842;940GZZDLCAN;859;940GZZDLPUD;dlr
842;940GZZDLCAN;860;940GZZDLSHA;dlr
842;940GZZDLCAN;861;940GZZDLSOQ;dlr
842;940GZZDLCAN;862;940GZZDLLIM;dlr
842;940GZZDLCAN;864;940GZZDLTWG;dlr
842;940GZZDLCAN;865;940GZZDLWFE;dlr
842;940GZZDLCAN;866;940GZZDLWIQ;dlr
842;940GZZDLCAN;867;940GZZDLDEV;dlr
842;940GZZDLCAN;879;940GZZDLCUT;dlr
842;940GZZDLCAN;882;940GZZDLBLA;dlr
842;940GZZDLCAN;883;940GZZDLEIN;dlr
842;940GZZDLCAN;884;940GZZDLCGT;dlr
842;940GZZDLCAN;886;940GZZDLRVC;dlr
842;940GZZDLCAN;887;940GZZDLCUS;dlr
842;940GZZDLCAN;888;940GZZDLPRE;dlr
842;940GZZDLCAN;890;940GZZDLRAL;dlr
842;940GZZDLCAN;891;940GZZDLBPK;dlr
842;940GZZDLCAN;893;940GZZDLCYP;dlr
842;940GZZDLCAN;894;940GZZDLGAL;dlr
842;940GZZDLCAN;895;940GZZDLBEC;dlr
842;940GZZDLCAN;897;940GZZDLDEP;dlr
842;940GZZDLCAN;898;940GZZDLELV;dlr
842;940GZZDLCAN;928;940GZZDLGRE;dlr
842;940GZZDLCAN;940;940GZZDLLEW;dlr
850;940GZZDLALL;504;940GZZDLSIT;dlr
850;940GZZDLALL;513;940GZZDLBNK;dlr
850;940GZZDLALL;533;940GZZDLLCA;dlr
850;940GZZDLALL;538;940GZZDLPDK;dlr
850;940GZZDLALL;559;940GZZDLWSV;dlr
850;940GZZDLALL;573;940GZZDLWLA;dlr
850;940GZZDLALL;719;940GZZDLSTD;dlr
850;940GZZDLALL;757;940GZZDLWHM;dlr
850;940GZZDLALL;842;940GZZDLCAN;dlr
850;940GZZDLALL;851;940GZZDLBOW;dlr
850;940GZZDLALL;853;940GZZDLLDP;dlr
850;940GZZDLALL;854;940GZZDLCLA;dlr
850;940GZZDLALL;855;940GZZDLHEQ;dlr
850;940GZZDLALL;856;940GZZDLISL;dlr
850;940GZZDLALL;857;940GZZDLMUD;dlr
850;940GZZDLALL;858;940GZZDLPOP;dlr
850;940GZZDLALL;859;940GZZDLPUD;dlr
850;940GZZDLALL;860;940GZZDLSHA;dlr
850;940GZZDLALL;861;940GZZDLSOQ;dlr
850;940GZZDLALL;862;940GZZDLLIM;dlr
850;940GZZDLALL;864;940GZZDLTWG;dlr
850;940GZZDLALL;865;940GZZDLWFE;dlr
850;940GZZDLALL;866;940GZZDLWIQ;dlr
850;940GZZDLALL;867;940GZZDLDEV;dlr
850;940GZZDLALL;879;940GZZDLCUT;dlr
850;940GZZDLALL;883;940GZZDLEIN;dlr
850;940GZZDLALL;884;940GZZDLCGT;dlr
850;940GZZDLALL;886;940GZZDLRVC;dlr
850;940GZZDLALL;887;940GZZDLCUS;dlr
850;940GZZDLALL;888;940GZZDLPRE;dlr
850;940GZZDLALL;890;940GZZDLRAL;dlr
850;940GZZDLALL;893;940GZZDLCYP;dlr
850;940GZZDLALL;894;940GZZDLGAL;dlr
850;940GZZDLALL;895;940GZZDLBEC;dlr
850;940GZZDLALL;897;940GZZDLDEP;dlr
850;940GZZDLALL;898;940GZZDLELV;dlr
850;940GZZDLALL;928;940GZZDLGRE;dlr
850;940GZZDLALL;940;940GZZDLLEW;dlr
851;940GZZDLBOW;504;940GZZDLSIT;dlr
851;940GZZDLBOW;513;940GZZDLBNK;dlr
851;940GZZDLBOW;523;940GZZDLKGV;dlr
851;940GZZDLBOW;533;940GZZDLLCA;dlr
851;940GZZDLBOW;538;940GZZDLPDK;dlr
851;940GZZDLBOW;559;940GZZDLWSV;dlr
851;940GZZDLBOW;573;940GZZDLWLA;dlr
851;940GZZDLBOW;719;940GZZDLSTD;dlr
851;940GZZDLBOW;757;940GZZDLWHM;dlr
851;940GZZDLBOW;842;940GZZDLCAN;dlr
851;940GZZDLBOW;850;940GZZDLALL;dlr
851;940GZZDLBOW;853;940GZZDLLDP;dlr
851;940GZZDLBOW;854;940GZZDLCLA;dlr
851;940GZZDLBOW;855;940GZZDLHEQ;dlr
851;940GZZDLBOW;856;940GZZDLISL;dlr
851;940GZZDLBOW;857;940GZZDLMUD;dlr
851;940GZZDLBOW;858;940GZZDLPOP;dlr
851;940GZZDLBOW;859;940GZZDLPUD;dlr
851;940GZZDLBOW;860;940GZZDLSHA;dlr
851;940GZZDLBOW;861;940GZZDLSOQ;dlr
851;940GZZDLBOW;862;940GZZDLLIM;dlr
851;940GZZDLBOW;864;940GZZDLTWG;dlr
851;940GZZDLBOW;865;940GZZDLWFE;dlr
851;940GZZDLBOW;866;940GZZDLWIQ;dlr
851;940GZZDLBOW;867;940GZZDLDEV;dlr
851;940GZZDLBOW;879;940GZZDLCUT;dlr
851;940GZZDLBOW;882;940GZZDLBLA;dlr
851;940GZZDLBOW;883;940GZZDLEIN;dlr
851;940GZZDLBOW;884;940GZZDLCGT;dlr
851;940GZZDLBOW;886;940GZZDLRVC;dlr
851;940GZZDLBOW;887;940GZZDLCUS;dlr
851;940GZZDLBOW;888;940GZZDLPRE;dlr
851;940GZZDLBOW;890;940GZZDLRAL;dlr
851;940GZZDLBOW;893;940GZZDLCYP;dlr
851;940GZZDLBOW;894;940GZZDLGAL;dlr
851;940GZZDLBOW;895;940GZZDLBEC;dlr
851;940GZZDLBOW;897;940GZZDLDEP;dlr
851;940GZZDLBOW;898;940GZZDLELV;dlr
851;940GZZDLBOW;928;940GZZDLGRE;dlr
851;940GZZDLBOW;940;940GZZDLLEW;dlr
853;940GZZDLLDP;504;940GZZDLSIT;dlr
853;940GZZDLLDP;513;940GZZDLBNK;dlr
853;940GZZDLLDP;533;940GZZDLLCA;dlr
853;940GZZDLLDP;538;940GZZDLPDK;dlr
853;940GZZDLLDP;573;940GZZDLWLA;dlr
853;940GZZDLLDP;719;940GZZDLSTD;dlr
853;940GZZDLLDP;757;940GZZDLWHM;dlr
853;940GZZDLLDP;842;940GZZDLCAN;dlr
853;940GZZDLLDP;850;940GZZDLALL;dlr
853;940GZZDLLDP;851;940GZZDLBOW;dlr
853;940GZZDLLDP;854;940GZZDLCLA;dlr
853;940GZZDLLDP;855;940GZZDLHEQ;dlr
853;940GZZDLLDP;856;940GZZDLISL;dlr
853;940GZZDLLDP;857;940GZZDLMUD;dlr
853;940GZZDLLDP;858;940GZZDLPOP;dlr
853;940GZZDLLDP;859;940GZZDLPUD;dlr
853;940GZZDLLDP;860;940GZZDLSHA;dlr
853;940GZZDLLDP;861;940GZZDLSOQ;dlr
853;940GZZDLLDP;862;940GZZDLLIM;dlr
853;940GZZDLLDP;864;940GZZDLTWG;dlr
853;940GZZDLLDP;865;940GZZDLWFE;dlr
853;940GZZDLLDP;866;940GZZDLWIQ;dlr
853;940GZZDLLDP;867;940GZZDLDEV;dlr
853;940GZZDLLDP;879;940GZZDLCUT;dlr
853;940GZZDLLDP;882;940GZZDLBLA;dlr
853;940GZZDLLDP;883;940GZZDLEIN;dlr
853;940GZZDLLDP;884;940GZZDLCGT;dlr
853;940GZZDLLDP;886;940GZZDLRVC;dlr
853;940GZZDLLDP;887;940GZZDLCUS;dlr
853;940GZZDLLDP;888;940GZZDLPRE;dlr
853;940GZZDLLDP;889;940GZZDLSTL;dlr
853;940GZZDLLDP;893;940GZZDLCYP;dlr
853;940GZZDLLDP;894;940GZZDLGAL;dlr
853;940GZZDLLDP;895;940GZZDLBEC;dlr
853;940GZZDLLDP;897;940GZZDLDEP;dlr
853;940GZZDLLDP;898;940GZZDLELV;dlr
853;940GZZDLLDP;928;940GZZDLGRE;dlr
853;940GZZDLLDP;940;940GZZDLLEW;dlr
854;940GZZDLCLA;504;940GZZDLSIT;dlr
854;940GZZDLCLA;513;940GZZDLBNK;dlr
854;940GZZDLCLA;533;940GZZDLLCA;dlr
854;940GZZDLCLA;538;940GZZDLPDK;dlr
854;940GZZDLCLA;559;940GZZDLWSV;dlr
854;940GZZDLCLA;573;940GZZDLWLA;dlr
854;940GZZDLCLA;719;940GZZDLSTD;dlr
854;940GZZDLCLA;750;940GZZDLABR;dlr
854;940GZZDLCLA;842;940GZZDLCAN;dlr
854;940GZZDLCLA;850;940GZZDLALL;dlr
854;940GZZDLCLA;851;940GZZDLBOW;dlr
854;940GZZDLCLA;853;940GZZDLLDP;dlr
854;940GZZDLCLA;855;940GZZDLHEQ;dlr
854;940GZZDLCLA;856;940GZZDLISL;dlr
854;940GZZDLCLA;857;940GZZDLMUD;dlr
854;940GZZDLCLA;858;940GZZDLPOP;dlr
854;940GZZDLCLA;859;940GZZDLPUD;dlr
854;940GZZDLCLA;860;940GZZDLSHA;dlr
854;940GZZDLCLA;861;940GZZDLSOQ;dlr
854;940GZZDLCLA;862;940GZZDLLIM;dlr
854;940GZZDLCLA;864;940GZZDLTWG;dlr
854;940GZZDLCLA;865;940GZZDLWFE;dlr
854;940GZZDLCLA;866;940GZZDLWIQ;dlr
854;940GZZDLCLA;867;940GZZDLDEV;dlr
854;940GZZDLCLA;879;940GZZDLCUT;dlr
854;940GZZDLCLA;883;940GZZDLEIN;dlr
854;940GZZDLCLA;884;940GZZDLCGT;dlr
854;940GZZDLCLA;886;940GZZDLRVC;dlr
854;940GZZDLCLA;887;940GZZDLCUS;dlr
854;940GZZDLCLA;888;940GZZDLPRE;dlr
854;940GZZDLCLA;890;940GZZDLRAL;dlr
854;940GZZDLCLA;893;940GZZDLCYP;dlr
854;940GZZDLCLA;894;940GZZDLGAL;dlr
854;940GZZDLCLA;895;940GZZDLBEC;dlr
854;940GZZDLCLA;897;940GZZDLDEP;dlr
854;940GZZDLCLA;898;940GZZDLELV;dlr
854;940GZZDLCLA;928;940GZZDLGRE;dlr
854;940GZZDLCLA;940;940GZZDLLEW;dlr
855;940GZZDLHEQ;513;940GZZDLBNK;dlr
855;940GZZDLHEQ;533;940GZZDLLCA;dlr
855;940GZZDLHEQ;573;940GZZDLWLA;dlr
855;940GZZDLHEQ;719;940GZZDLSTD;dlr
855;940GZZDLHEQ;842;940GZZDLCAN;dlr
855;940GZZDLHEQ;850;940GZZDLALL;dlr
855;940GZZDLHEQ;851;940GZZDLBOW;dlr
855;940GZZDLHEQ;853;940GZZDLLDP;dlr
855;940GZZDLHEQ;854;940GZZDLCLA;dlr
855;940GZZDLHEQ;856;940GZZDLISL;dlr
855;940GZZDLHEQ;857;940GZZDLMUD;dlr
855;940GZZDLHEQ;859;940GZZDLPUD;dlr
855;940GZZDLHEQ;860;940GZZDLSHA;dlr
855;940GZZDLHEQ;861;940GZZDLSOQ;dlr
855;940GZZDLHEQ;862;940GZZDLLIM;dlr
855;940GZZDLHEQ;864;940GZZDLTWG;dlr
855;940GZZDLHEQ;865;940GZZDLWFE;dlr
855;940GZZDLHEQ;866;940GZZDLWIQ;dlr
855;940GZZDLHEQ;867;940GZZDLDEV;dlr
855;940GZZDLHEQ;879;940GZZDLCUT;dlr
855;940GZZDLHEQ;883;940GZZDLEIN;dlr
855;940GZZDLHEQ;884;940GZZDLCGT;dlr
855;940GZZDLHEQ;886;940GZZDLRVC;dlr
855;940GZZDLHEQ;887;940GZZDLCUS;dlr
855;940GZZDLHEQ;888;940GZZDLPRE;dlr
855;940GZZDLHEQ;895;940GZZDLBEC;dlr
855;940GZZDLHEQ;897;940GZZDLDEP;dlr
855;940GZZDLHEQ;898;940GZZDLELV;dlr
855;940GZZDLHEQ;928;940GZZDLGRE;dlr
855;940GZZDLHEQ;940;940GZZDLLEW;dlr
856;940GZZDLISL;504;940GZZDLSIT;dlr
856;940GZZDLISL;513;940GZZDLBNK;dlr
856;940GZZDLISL;533;940GZZDLLCA;dlr
856;940GZZDLISL;538;940GZZDLPDK;dlr
856;940GZZDLISL;559;940GZZDLWSV;dlr
856;940GZZDLISL;573;940GZZDLWLA;dlr
856;940GZZDLISL;719;940GZZDLSTD;dlr
856;940GZZDLISL;749;940GZZDLSHS;dlr
856;940GZZDLISL;842;940GZZDLCAN;dlr
856;940GZZDLISL;850;940GZZDLALL;dlr
856;940GZZDLISL;851;940GZZDLBOW;dlr
856;940GZZDLISL;853;940GZZDLLDP;dlr
856;940GZZDLISL;854;940GZZDLCLA;dlr
856;940GZZDLISL;855;940GZZDLHEQ;dlr
856;940GZZDLISL;857;940GZZDLMUD;dlr
856;940GZZDLISL;858;940GZZDLPOP;dlr
856;940GZZDLISL;859;940GZZDLPUD;dlr
856;940GZZDLISL;860;940GZZDLSHA;dlr
856;940GZZDLISL;861;940GZZDLSOQ;dlr
856;940GZZDLISL;862;940GZZDLLIM;dlr
856;940GZZDLISL;864;940GZZDLTWG;dlr
856;940GZZDLISL;865;940GZZDLWFE;dlr
856;940GZZDLISL;866;940GZZDLWIQ;dlr
856;940GZZDLISL;867;940GZZDLDEV;dlr
856;940GZZDLISL;879;940GZZDLCUT;dlr
856;940GZZDLISL;883;940GZZDLEIN;dlr
856;940GZZDLISL;884;940GZZDLCGT;dlr
856;940GZZDLISL;886;940GZZDLRVC;dlr
856;940GZZDLISL;887;940GZZDLCUS;dlr
856;940GZZDLISL;888;940GZZDLPRE;dlr
856;940GZZDLISL;890;940GZZDLRAL;dlr
856;940GZZDLISL;895;940GZZDLBEC;dlr
856;940GZZDLISL;897;940GZZDLDEP;dlr
856;940GZZDLISL;898;940GZZDLELV;dlr
856;940GZZDLISL;928;940GZZDLGRE;dlr
856;940GZZDLISL;940;940GZZDLLEW;dlr
857;940GZZDLMUD;504;940GZZDLSIT;dlr
857;940GZZDLMUD;513;940GZZDLBNK;dlr
857;940GZZDLMUD;533;940GZZDLLCA;dlr
857;940GZZDLMUD;538;940GZZDLPDK;dlr
857;940GZZDLMUD;573;940GZZDLWLA;dlr
857;940GZZDLMUD;719;940GZZDLSTD;dlr
857;940GZZDLMUD;842;940GZZDLCAN;dlr
857;940GZZDLMUD;850;940GZZDLALL;dlr
857;940GZZDLMUD;851;940GZZDLBOW;dlr
857;940GZZDLMUD;853;940GZZDLLDP;dlr
857;940GZZDLMUD;854;940GZZDLCLA;dlr
857;940GZZDLMUD;855;940GZZDLHEQ;dlr
857;940GZZDLMUD;856;940GZZDLISL;dlr
857;940GZZDLMUD;858;940GZZDLPOP;dlr
857;940GZZDLMUD;859;940GZZDLPUD;dlr
857;940GZZDLMUD;860;940GZZDLSHA;dlr
857;940GZZDLMUD;861;940GZZDLSOQ;dlr
857;940GZZDLMUD;862;940GZZDLLIM;dlr
857;940GZZDLMUD;864;940GZZDLTWG;dlr
857;940GZZDLMUD;865;940GZZDLWFE;dlr
857;940GZZDLMUD;866;940GZZDLWIQ;dlr
857;940GZZDLMUD;867;940GZZDLDEV;dlr
857;940GZZDLMUD;879;940GZZDLCUT;dlr
857;940GZZDLMUD;883;940GZZDLEIN;dlr
857;940GZZDLMUD;884;940GZZDLCGT;dlr
857;940GZZDLMUD;886;940GZZDLRVC;dlr
857;940GZZDLMUD;887;940GZZDLCUS;dlr
857;940GZZDLMUD;888;940GZZDLPRE;dlr
857;940GZZDLMUD;893;940GZZDLCYP;dlr
857;940GZZDLMUD;894;940GZZDLGAL;dlr
857;940GZZDLMUD;895;940GZZDLBEC;dlr
857;940GZZDLMUD;897;940GZZDLDEP;dlr
857;940GZZDLMUD;898;940GZZDLELV;dlr
857;940GZZDLMUD;928;940GZZDLGRE;dlr
857;940GZZDLMUD;940;940GZZDLLEW;dlr
858;940GZZDLPOP;504;940GZZDLSIT;dlr
858;940GZZDLPOP;513;940GZZDLBNK;dlr
858;940GZZDLPOP;523;940GZZDLKGV;dlr
858;940GZZDLPOP;533;940GZZDLLCA;dlr
858;940GZZDLPOP;538;940GZZDLPDK;dlr
858;940GZZDLPOP;559;940GZZDLWSV;dlr
858;940GZZDLPOP;573;940GZZDLWLA;dlr
858;940GZZDLPOP;719;940GZZDLSTD;dlr
858;940GZZDLPOP;757;940GZZDLWHM;dlr
858;940GZZDLPOP;842;940GZZDLCAN;dlr
858;940GZZDLPOP;850;940GZZDLALL;dlr
858;940GZZDLPOP;851;940GZZDLBOW;dlr
858;940GZZDLPOP;853;940GZZDLLDP;dlr
858;940GZZDLPOP;854;940GZZDLCLA;dlr
858;940GZZDLPOP;856;940GZZDLISL;dlr
858;940GZZDLPOP;857;940GZZDLMUD;dlr
858;940GZZDLPOP;859;940GZZDLPUD;dlr
858;940GZZDLPOP;860;940GZZDLSHA;dlr
858;940GZZDLPOP;861;940GZZDLSOQ;dlr
858;940GZZDLPOP;862;940GZZDLLIM;dlr
858;940GZZDLPOP;864;940GZZDLTWG;dlr
858;940GZZDLPOP;865;940GZZDLWFE;dlr
858;940GZZDLPOP;866;940GZZDLWIQ;dlr
858;940GZZDLPOP;867;940GZZDLDEV;dlr
858;940GZZDLPOP;879;940GZZDLCUT;dlr
858;940GZZDLPOP;882;940GZZDLBLA;dlr
858;940GZZDLPOP;883;940GZZDLEIN;dlr
858;940GZZDLPOP;884;940GZZDLCGT;dlr
858;940GZZDLPOP;886;940GZZDLRVC;dlr
858;940GZZDLPOP;887;940GZZDLCUS;dlr
858;940GZZDLPOP;888;940GZZDLPRE;dlr
858;940GZZDLPOP;890;940GZZDLRAL;dlr
858;940GZZDLPOP;891;940GZZDLBPK;dlr
858;940GZZDLPOP;893;940GZZDLCYP;dlr
858;940GZZDLPOP;894;940GZZDLGAL;dlr
858;940GZZDLPOP;895;940GZZDLBEC;dlr
858;940GZZDLPOP;897;940GZZDLDEP;dlr
858;940GZZDLPOP;928;940GZZDLGRE;dlr
858;940GZZDLPOP;940;940GZZDLLEW;dlr
859;940GZZDLPUD;504;940GZZDLSIT;dlr
859;940GZZDLPUD;513;940GZZDLBNK;dlr
859;940GZZDLPUD;533;940GZZDLLCA;dlr
859;940GZZDLPUD;573;940GZZDLWLA;dlr
859;940GZZDLPUD;719;940GZZDLSTD;dlr
859;940GZZDLPUD;842;940GZZDLCAN;dlr
859;940GZZDLPUD;850;940GZZDLALL;dlr
859;940GZZDLPUD;851;940GZZDLBOW;dlr
859;940GZZDLPUD;853;940GZZDLLDP;dlr
859;940GZZDLPUD;854;940GZZDLCLA;dlr
859;940GZZDLPUD;855;940GZZDLHEQ;dlr
859;940GZZDLPUD;856;940GZZDLISL;dlr
859;940GZZDLPUD;857;940GZZDLMUD;dlr
859;940GZZDLPUD;858;940GZZDLPOP;dlr
859;940GZZDLPUD;860;940GZZDLSHA;dlr
859;940GZZDLPUD;861;940GZZDLSOQ;dlr
859;940GZZDLPUD;862;940GZZDLLIM;dlr
859;940GZZDLPUD;864;940GZZDLTWG;dlr
859;940GZZDLPUD;865;940GZZDLWFE;dlr
859;940GZZDLPUD;866;940GZZDLWIQ;dlr
859;940GZZDLPUD;867;940GZZDLDEV;dlr
859;940GZZDLPUD;879;940GZZDLCUT;dlr
859;940GZZDLPUD;884;940GZZDLCGT;dlr
859;940GZZDLPUD;886;940GZZDLRVC;dlr
859;940GZZDLPUD;887;940GZZDLCUS;dlr
859;940GZZDLPUD;889;940GZZDLSTL;dlr
859;940GZZDLPUD;890;940GZZDLRAL;dlr
859;940GZZDLPUD;897;940GZZDLDEP;dlr
859;940GZZDLPUD;898;940GZZDLELV;dlr
859;940GZZDLPUD;928;940GZZDLGRE;dlr
859;940GZZDLPUD;940;940GZZDLLEW;dlr
860;940GZZDLSHA;504;940GZZDLSIT;dlr
860;940GZZDLSHA;513;940GZZDLBNK;dlr
860;940GZZDLSHA;523;940GZZDLKGV;dlr
860;940GZZDLSHA;533;940GZZDLLCA;dlr
860;940GZZDLSHA;538;940GZZDLPDK;dlr
860;940GZZDLSHA;559;940GZZDLWSV;dlr
860;940GZZDLSHA;573;940GZZDLWLA;dlr
860;940GZZDLSHA;719;940GZZDLSTD;dlr
860;940GZZDLSHA;749;940GZZDLSHS;dlr
860;940GZZDLSHA;750;940GZZDLABR;dlr
860;940GZZDLSHA;757;940GZZDLWHM;dlr
860;940GZZDLSHA;842;940GZZDLCAN;dlr
860;940GZZDLSHA;850;940GZZDLALL;dlr
860;940GZZDLSHA;851;940GZZDLBOW;dlr
860;940GZZDLSHA;853;940GZZDLLDP;dlr
860;940GZZDLSHA;854;940GZZDLCLA;dlr
860;940GZZDLSHA;855;940GZZDLHEQ;dlr
860;940GZZDLSHA;856;940GZZDLISL;dlr
860;940GZZDLSHA;857;940GZZDLMUD;dlr
860;940GZZDLSHA;858;940GZZDLPOP;dlr
860;940GZZDLSHA;859;940GZZDLPUD;dlr
860;940GZZDLSHA;860;940GZZDLSHA;dlr
860;940GZZDLSHA;861;940GZZDLSOQ;dlr
860;940GZZDLSHA;862;940GZZDLLIM;dlr
860;940GZZDLSHA;864;940GZZDLTWG;dlr
860;940GZZDLSHA;865;940GZZDLWFE;dlr
860;940GZZDLSHA;866;940GZZDLWIQ;dlr
860;940GZZDLSHA;867;940GZZDLDEV;dlr
860;940GZZDLSHA;879;940GZZDLCUT;dlr
860;940GZZDLSHA;882;940GZZDLBLA;dlr
860;940GZZDLSHA;883;940GZZDLEIN;dlr
860;940GZZDLSHA;884;940GZZDLCGT;dlr
860;940GZZDLSHA;886;940GZZDLRVC;dlr
860;940GZZDLSHA;887;940GZZDLCUS;dlr
860;940GZZDLSHA;888;940GZZDLPRE;dlr
860;940GZZDLSHA;889;940GZZDLSTL;dlr
860;940GZZDLSHA;890;940GZZDLRAL;dlr
860;940GZZDLSHA;891;940GZZDLBPK;dlr
860;940GZZDLSHA;893;940GZZDLCYP;dlr
860;940GZZDLSHA;894;940GZZDLGAL;dlr
860;940GZZDLSHA;895;940GZZDLBEC;dlr
860;940GZZDLSHA;897;940GZZDLDEP;dlr
860;940GZZDLSHA;898;940GZZDLELV;dlr
860;940GZZDLSHA;928;940GZZDLGRE;dlr
860;940GZZDLSHA;940;940GZZDLLEW;dlr
861;940GZZDLSOQ;504;940GZZDLSIT;dlr
861;940GZZDLSOQ;513;940GZZDLBNK;dlr
861;940GZZDLSOQ;533;940GZZDLLCA;dlr
861;940GZZDLSOQ;538;940GZZDLPDK;dlr
861;940GZZDLSOQ;559;940GZZDLWSV;dlr
861;940GZZDLSOQ;573;940GZZDLWLA;dlr
861;940GZZDLSOQ;719;940GZZDLSTD;dlr
861;940GZZDLSOQ;842;940GZZDLCAN;dlr
861;940GZZDLSOQ;850;940GZZDLALL;dlr
861;940GZZDLSOQ;851;940GZZDLBOW;dlr
861;940GZZDLSOQ;853;940GZZDLLDP;dlr
861;940GZZDLSOQ;854;940GZZDLCLA;dlr
861;940GZZDLSOQ;855;940GZZDLHEQ;dlr
861;940GZZDLSOQ;856;940GZZDLISL;dlr
861;940GZZDLSOQ;857;940GZZDLMUD;dlr
861;940GZZDLSOQ;858;940GZZDLPOP;dlr
861;940GZZDLSOQ;859;940GZZDLPUD;dlr
861;940GZZDLSOQ;860;940GZZDLSHA;dlr
861;940GZZDLSOQ;862;940GZZDLLIM;dlr
861;940GZZDLSOQ;864;940GZZDLTWG;dlr
861;940GZZDLSOQ;865;940GZZDLWFE;dlr
861;940GZZDLSOQ;866;940GZZDLWIQ;dlr
861;940GZZDLSOQ;867;940GZZDLDEV;dlr
861;940GZZDLSOQ;879;940GZZDLCUT;dlr
861;940GZZDLSOQ;882;940GZZDLBLA;dlr
861;940GZZDLSOQ;883;940GZZDLEIN;dlr
861;940GZZDLSOQ;884;940GZZDLCGT;dlr
861;940GZZDLSOQ;886;940GZZDLRVC;dlr
861;940GZZDLSOQ;887;940GZZDLCUS;dlr
861;940GZZDLSOQ;888;940GZZDLPRE;dlr
861;940GZZDLSOQ;890;940GZZDLRAL;dlr
861;940GZZDLSOQ;893;940GZZDLCYP;dlr
861;940GZZDLSOQ;894;940GZZDLGAL;dlr
861;940GZZDLSOQ;895;940GZZDLBEC;dlr
861;940GZZDLSOQ;897;940GZZDLDEP;dlr
861;940GZZDLSOQ;898;940GZZDLELV;dlr
861;940GZZDLSOQ;928;940GZZDLGRE;dlr
861;940GZZDLSOQ;940;940GZZDLLEW;dlr
862;940GZZDLLIM;504;940GZZDLSIT;dlr
862;940GZZDLLIM;513;940GZZDLBNK;dlr
862;940GZZDLLIM;523;940GZZDLKGV;dlr
862;940GZZDLLIM;533;940GZZDLLCA;dlr
862;940GZZDLLIM;538;940GZZDLPDK;dlr
862;940GZZDLLIM;559;940GZZDLWSV;dlr
862;940GZZDLLIM;573;940GZZDLWLA;dlr
862;940GZZDLLIM;719;940GZZDLSTD;dlr
862;940GZZDLLIM;749;940GZZDLSHS;dlr
862;940GZZDLLIM;757;940GZZDLWHM;dlr
862;940GZZDLLIM;842;940GZZDLCAN;dlr
862;940GZZDLLIM;850;940GZZDLALL;dlr
862;940GZZDLLIM;851;940GZZDLBOW;dlr
862;940GZZDLLIM;853;940GZZDLLDP;dlr
862;940GZZDLLIM;854;940GZZDLCLA;dlr
862;940GZZDLLIM;855;940GZZDLHEQ;dlr
862;940GZZDLLIM;856;940GZZDLISL;dlr
862;940GZZDLLIM;857;940GZZDLMUD;dlr
862;940GZZDLLIM;858;940GZZDLPOP;dlr
862;940GZZDLLIM;859;940GZZDLPUD;dlr
862;940GZZDLLIM;860;940GZZDLSHA;dlr
862;940GZZDLLIM;861;940GZZDLSOQ;dlr
862;940GZZDLLIM;862;940GZZDLLIM;dlr
862;940GZZDLLIM;864;940GZZDLTWG;dlr
862;940GZZDLLIM;865;940GZZDLWFE;dlr
862;940GZZDLLIM;866;940GZZDLWIQ;dlr
862;940GZZDLLIM;867;940GZZDLDEV;dlr
862;940GZZDLLIM;879;940GZZDLCUT;dlr
862;940GZZDLLIM;882;940GZZDLBLA;dlr
862;940GZZDLLIM;883;940GZZDLEIN;dlr
862;940GZZDLLIM;884;940GZZDLCGT;dlr
862;940GZZDLLIM;886;940GZZDLRVC;dlr
862;940GZZDLLIM;887;940GZZDLCUS;dlr
862;940GZZDLLIM;888;940GZZDLPRE;dlr
862;940GZZDLLIM;889;940GZZDLSTL;dlr
862;940GZZDLLIM;890;940GZZDLRAL;dlr
862;940GZZDLLIM;891;940GZZDLBPK;dlr
862;940GZZDLLIM;893;940GZZDLCYP;dlr
862;940GZZDLLIM;894;940GZZDLGAL;dlr
862;940GZZDLLIM;895;940GZZDLBEC;dlr
862;940GZZDLLIM;897;940GZZDLDEP;dlr
862;940GZZDLLIM;898;940GZZDLELV;dlr
862;940GZZDLLIM;928;940GZZDLGRE;dlr
862;940GZZDLLIM;940;940GZZDLLEW;dlr
864;940GZZDLTWG;504;940GZZDLSIT;dlr
864;940GZZDLTWG;513;940GZZDLBNK;dlr
864;940GZZDLTWG;523;940GZZDLKGV;dlr
864;940GZZDLTWG;533;940GZZDLLCA;dlr
864;940GZZDLTWG;538;940GZZDLPDK;dlr
864;940GZZDLTWG;559;940GZZDLWSV;dlr
864;940GZZDLTWG;573;940GZZDLWLA;dlr
864;940GZZDLTWG;719;940GZZDLSTD;dlr
864;940GZZDLTWG;757;940GZZDLWHM;dlr
864;940GZZDLTWG;842;940GZZDLCAN;dlr
864;940GZZDLTWG;850;940GZZDLALL;dlr
864;940GZZDLTWG;851;940GZZDLBOW;dlr
864;940GZZDLTWG;853;940GZZDLLDP;dlr
864;940GZZDLTWG;854;940GZZDLCLA;dlr
864;940GZZDLTWG;855;940GZZDLHEQ;dlr
864;940GZZDLTWG;856;940GZZDLISL;dlr
864;940GZZDLTWG;857;940GZZDLMUD;dlr
864;940GZZDLTWG;858;940GZZDLPOP;dlr
864;940GZZDLTWG;859;940GZZDLPUD;dlr
864;940GZZDLTWG;860;940GZZDLSHA;dlr
864;940GZZDLTWG;861;940GZZDLSOQ;dlr
864;940GZZDLTWG;862;940GZZDLLIM;dlr
864;940GZZDLTWG;865;940GZZDLWFE;dlr
864;940GZZDLTWG;866;940GZZDLWIQ;dlr
864;940GZZDLTWG;867;940GZZDLDEV;dlr
864;940GZZDLTWG;879;940GZZDLCUT;dlr
864;940GZZDLTWG;882;940GZZDLBLA;dlr
864;940GZZDLTWG;883;940GZZDLEIN;dlr
864;940GZZDLTWG;884;940GZZDLCGT;dlr
864;940GZZDLTWG;886;940GZZDLRVC;dlr
864;940GZZDLTWG;887;940GZZDLCUS;dlr
864;940GZZDLTWG;888;940GZZDLPRE;dlr
864;940GZZDLTWG;889;940GZZDLSTL;dlr
864;940GZZDLTWG;890;940GZZDLRAL;dlr
864;940GZZDLTWG;891;940GZZDLBPK;dlr
864;940GZZDLTWG;893;940GZZDLCYP;dlr
864;940GZZDLTWG;894;940GZZDLGAL;dlr
864;940GZZDLTWG;895;940GZZDLBEC;dlr
864;940GZZDLTWG;897;940GZZDLDEP;dlr
864;940GZZDLTWG;898;940GZZDLELV;dlr
864;940GZZDLTWG;928;940GZZDLGRE;dlr
864;940GZZDLTWG;940;940GZZDLLEW;dlr
865;940GZZDLWFE;504;940GZZDLSIT;dlr
865;940GZZDLWFE;513;940GZZDLBNK;dlr
865;940GZZDLWFE;523;940GZZDLKGV;dlr
865;940GZZDLWFE;533;940GZZDLLCA;dlr
865;940GZZDLWFE;538;940GZZDLPDK;dlr
865;940GZZDLWFE;559;940GZZDLWSV;dlr
865;940GZZDLWFE;573;940GZZDLWLA;dlr
865;940GZZDLWFE;719;940GZZDLSTD;dlr
865;940GZZDLWFE;749;940GZZDLSHS;dlr
865;940GZZDLWFE;757;940GZZDLWHM;dlr
865;940GZZDLWFE;842;940GZZDLCAN;dlr
865;940GZZDLWFE;850;940GZZDLALL;dlr
865;940GZZDLWFE;851;940GZZDLBOW;dlr
865;940GZZDLWFE;853;940GZZDLLDP;dlr
865;940GZZDLWFE;854;940GZZDLCLA;dlr
865;940GZZDLWFE;855;940GZZDLHEQ;dlr
865;940GZZDLWFE;856;940GZZDLISL;dlr
865;940GZZDLWFE;857;940GZZDLMUD;dlr
865;940GZZDLWFE;858;940GZZDLPOP;dlr
865;940GZZDLWFE;859;940GZZDLPUD;dlr
865;940GZZDLWFE;860;940GZZDLSHA;dlr
865;940GZZDLWFE;861;940GZZDLSOQ;dlr
865;940GZZDLWFE;862;940GZZDLLIM;dlr
865;940GZZDLWFE;864;940GZZDLTWG;dlr
865;940GZZDLWFE;866;940GZZDLWIQ;dlr
865;940GZZDLWFE;867;940GZZDLDEV;dlr
865;940GZZDLWFE;879;940GZZDLCUT;dlr
865;940GZZDLWFE;882;940GZZDLBLA;dlr
865;940GZZDLWFE;883;940GZZDLEIN;dlr
865;940GZZDLWFE;884;940GZZDLCGT;dlr
865;940GZZDLWFE;886;940GZZDLRVC;dlr
865;940GZZDLWFE;887;940GZZDLCUS;dlr
865;940GZZDLWFE;888;940GZZDLPRE;dlr
865;940GZZDLWFE;890;940GZZDLRAL;dlr
865;940GZZDLWFE;891;940GZZDLBPK;dlr
865;940GZZDLWFE;893;940GZZDLCYP;dlr
865;940GZZDLWFE;894;940GZZDLGAL;dlr
865;940GZZDLWFE;895;940GZZDLBEC;dlr
865;940GZZDLWFE;897;940GZZDLDEP;dlr
865;940GZZDLWFE;898;940GZZDLELV;dlr
865;940GZZDLWFE;928;940GZZDLGRE;dlr
865;940GZZDLWFE;940;940GZZDLLEW;dlr
866;940GZZDLWIQ;504;940GZZDLSIT;dlr
866;940GZZDLWIQ;513;940GZZDLBNK;dlr
866;940GZZDLWIQ;523;940GZZDLKGV;dlr
866;940GZZDLWIQ;533;940GZZDLLCA;dlr
866;940GZZDLWIQ;538;940GZZDLPDK;dlr
866;940GZZDLWIQ;559;940GZZDLWSV;dlr
866;940GZZDLWIQ;573;940GZZDLWLA;dlr
866;940GZZDLWIQ;719;940GZZDLSTD;dlr
866;940GZZDLWIQ;750;940GZZDLABR;dlr
866;940GZZDLWIQ;757;940GZZDLWHM;dlr
866;940GZZDLWIQ;842;940GZZDLCAN;dlr
866;940GZZDLWIQ;850;940GZZDLALL;dlr
866;940GZZDLWIQ;851;940GZZDLBOW;dlr
866;940GZZDLWIQ;853;940GZZDLLDP;dlr
866;940GZZDLWIQ;854;940GZZDLCLA;dlr
866;940GZZDLWIQ;855;940GZZDLHEQ;dlr
866;940GZZDLWIQ;856;940GZZDLISL;dlr
866;940GZZDLWIQ;857;940GZZDLMUD;dlr
866;940GZZDLWIQ;858;940GZZDLPOP;dlr
866;940GZZDLWIQ;859;940GZZDLPUD;dlr
866;940GZZDLWIQ;860;940GZZDLSHA;dlr
866;940GZZDLWIQ;861;940GZZDLSOQ;dlr
866;940GZZDLWIQ;862;940GZZDLLIM;dlr
866;940GZZDLWIQ;864;940GZZDLTWG;dlr
866;940GZZDLWIQ;865;940GZZDLWFE;dlr
866;940GZZDLWIQ;867;940GZZDLDEV;dlr
866;940GZZDLWIQ;879;940GZZDLCUT;dlr
866;940GZZDLWIQ;882;940GZZDLBLA;dlr
866;940GZZDLWIQ;883;940GZZDLEIN;dlr
866;940GZZDLWIQ;884;940GZZDLCGT;dlr
866;940GZZDLWIQ;886;940GZZDLRVC;dlr
866;940GZZDLWIQ;887;940GZZDLCUS;dlr
866;940GZZDLWIQ;888;940GZZDLPRE;dlr
866;940GZZDLWIQ;890;940GZZDLRAL;dlr
866;940GZZDLWIQ;894;940GZZDLGAL;dlr
866;940GZZDLWIQ;895;940GZZDLBEC;dlr
866;940GZZDLWIQ;897;940GZZDLDEP;dlr
866;940GZZDLWIQ;898;940GZZDLELV;dlr
866;940GZZDLWIQ;928;940GZZDLGRE;dlr
866;940GZZDLWIQ;940;940GZZDLLEW;dlr
867;940GZZDLDEV;504;940GZZDLSIT;dlr
867;940GZZDLDEV;513;940GZZDLBNK;dlr
867;940GZZDLDEV;533;940GZZDLLCA;dlr
867;940GZZDLDEV;538;940GZZDLPDK;dlr
867;940GZZDLDEV;573;940GZZDLWLA;dlr
867;940GZZDLDEV;719;940GZZDLSTD;dlr
867;940GZZDLDEV;750;940GZZDLABR;dlr
867;940GZZDLDEV;757;940GZZDLWHM;dlr
867;940GZZDLDEV;842;940GZZDLCAN;dlr
867;940GZZDLDEV;850;940GZZDLALL;dlr
867;940GZZDLDEV;851;940GZZDLBOW;dlr
867;940GZZDLDEV;853;940GZZDLLDP;dlr
867;940GZZDLDEV;854;940GZZDLCLA;dlr
867;940GZZDLDEV;855;940GZZDLHEQ;dlr
867;940GZZDLDEV;856;940GZZDLISL;dlr
867;940GZZDLDEV;857;940GZZDLMUD;dlr
867;940GZZDLDEV;858;940GZZDLPOP;dlr
867;940GZZDLDEV;859;940GZZDLPUD;dlr
867;940GZZDLDEV;860;940GZZDLSHA;dlr
867;940GZZDLDEV;861;940GZZDLSOQ;dlr
867;940GZZDLDEV;862;940GZZDLLIM;dlr
867;940GZZDLDEV;864;940GZZDLTWG;dlr
867;940GZZDLDEV;865;940GZZDLWFE;dlr
867;940GZZDLDEV;866;940GZZDLWIQ;dlr
867;940GZZDLDEV;879;940GZZDLCUT;dlr
867;940GZZDLDEV;882;940GZZDLBLA;dlr
867;940GZZDLDEV;883;940GZZDLEIN;dlr
867;940GZZDLDEV;884;940GZZDLCGT;dlr
867;940GZZDLDEV;886;940GZZDLRVC;dlr
867;940GZZDLDEV;887;940GZZDLCUS;dlr
867;940GZZDLDEV;888;940GZZDLPRE;dlr
867;940GZZDLDEV;890;940GZZDLRAL;dlr
867;940GZZDLDEV;894;940GZZDLGAL;dlr
867;940GZZDLDEV;895;940GZZDLBEC;dlr
867;940GZZDLDEV;897;940GZZDLDEP;dlr
867;940GZZDLDEV;898;940GZZDLELV;dlr
867;940GZZDLDEV;928;940GZZDLGRE;dlr
867;940GZZDLDEV;940;940GZZDLLEW;dlr
879;940GZZDLCUT;504;940GZZDLSIT;dlr
879;940GZZDLCUT;513;940GZZDLBNK;dlr
879;940GZZDLCUT;523;940GZZDLKGV;dlr
879;940GZZDLCUT;533;940GZZDLLCA;dlr
879;940GZZDLCUT;538;940GZZDLPDK;dlr
879;940GZZDLCUT;559;940GZZDLWSV;dlr
879;940GZZDLCUT;573;940GZZDLWLA;dlr
879;940GZZDLCUT;719;940GZZDLSTD;dlr
879;940GZZDLCUT;749;940GZZDLSHS;dlr
879;940GZZDLCUT;750;940GZZDLABR;dlr
879;940GZZDLCUT;842;940GZZDLCAN;dlr
879;940GZZDLCUT;850;940GZZDLALL;dlr
879;940GZZDLCUT;851;940GZZDLBOW;dlr
879;940GZZDLCUT;853;940GZZDLLDP;dlr
879;940GZZDLCUT;854;940GZZDLCLA;dlr
879;940GZZDLCUT;855;940GZZDLHEQ;dlr
879;940GZZDLCUT;856;940GZZDLISL;dlr
879;940GZZDLCUT;857;940GZZDLMUD;dlr
879;940GZZDLCUT;858;940GZZDLPOP;dlr
879;940GZZDLCUT;859;940GZZDLPUD;dlr
879;940GZZDLCUT;860;940GZZDLSHA;dlr
879;940GZZDLCUT;861;940GZZDLSOQ;dlr
879;940GZZDLCUT;862;940GZZDLLIM;dlr
879;940GZZDLCUT;864;940GZZDLTWG;dlr
879;940GZZDLCUT;865;940GZZDLWFE;dlr
879;940GZZDLCUT;866;940GZZDLWIQ;dlr
879;940GZZDLCUT;867;940GZZDLDEV;dlr
879;940GZZDLCUT;882;940GZZDLBLA;dlr
879;940GZZDLCUT;883;940GZZDLEIN;dlr
879;940GZZDLCUT;884;940GZZDLCGT;dlr
879;940GZZDLCUT;886;940GZZDLRVC;dlr
879;940GZZDLCUT;887;940GZZDLCUS;dlr
879;940GZZDLCUT;888;940GZZDLPRE;dlr
879;940GZZDLCUT;889;940GZZDLSTL;dlr
879;940GZZDLCUT;890;940GZZDLRAL;dlr
879;940GZZDLCUT;891;940GZZDLBPK;dlr
879;940GZZDLCUT;893;940GZZDLCYP;dlr
879;940GZZDLCUT;894;940GZZDLGAL;dlr
879;940GZZDLCUT;895;940GZZDLBEC;dlr
879;940GZZDLCUT;897;940GZZDLDEP;dlr
879;940GZZDLCUT;898;940GZZDLELV;dlr
879;940GZZDLCUT;928;940GZZDLGRE;dlr
879;940GZZDLCUT;940;940GZZDLLEW;dlr
882;940GZZDLBLA;504;940GZZDLSIT;dlr
882;940GZZDLBLA;513;940GZZDLBNK;dlr
882;940GZZDLBLA;533;940GZZDLLCA;dlr
882;940GZZDLBLA;538;940GZZDLPDK;dlr
882;940GZZDLBLA;559;940GZZDLWSV;dlr
882;940GZZDLBLA;573;940GZZDLWLA;dlr
882;940GZZDLBLA;719;940GZZDLSTD;dlr
882;940GZZDLBLA;757;940GZZDLWHM;dlr
882;940GZZDLBLA;842;940GZZDLCAN;dlr
882;940GZZDLBLA;851;940GZZDLBOW;dlr
882;940GZZDLBLA;858;940GZZDLPOP;dlr
882;940GZZDLBLA;860;940GZZDLSHA;dlr
882;940GZZDLBLA;861;940GZZDLSOQ;dlr
882;940GZZDLBLA;862;940GZZDLLIM;dlr
882;940GZZDLBLA;864;940GZZDLTWG;dlr
882;940GZZDLBLA;865;940GZZDLWFE;dlr
882;940GZZDLBLA;866;940GZZDLWIQ;dlr
882;940GZZDLBLA;867;940GZZDLDEV;dlr
882;940GZZDLBLA;879;940GZZDLCUT;dlr
882;940GZZDLBLA;883;940GZZDLEIN;dlr
882;940GZZDLBLA;884;940GZZDLCGT;dlr
882;940GZZDLBLA;886;940GZZDLRVC;dlr
882;940GZZDLBLA;887;940GZZDLCUS;dlr
882;940GZZDLBLA;888;940GZZDLPRE;dlr
882;940GZZDLBLA;890;940GZZDLRAL;dlr
882;940GZZDLBLA;891;940GZZDLBPK;dlr
882;940GZZDLBLA;893;940GZZDLCYP;dlr
882;940GZZDLBLA;894;940GZZDLGAL;dlr
882;940GZZDLBLA;895;940GZZDLBEC;dlr
882;940GZZDLBLA;897;940GZZDLDEP;dlr
882;940GZZDLBLA;928;940GZZDLGRE;dlr
882;940GZZDLBLA;940;940GZZDLLEW;dlr
883;940GZZDLEIN;504;940GZZDLSIT;dlr
883;940GZZDLEIN;513;940GZZDLBNK;dlr
883;940GZZDLEIN;523;940GZZDLKGV;dlr
883;940GZZDLEIN;533;940GZZDLLCA;dlr
883;940GZZDLEIN;538;940GZZDLPDK;dlr
883;940GZZDLEIN;559;940GZZDLWSV;dlr
883;940GZZDLEIN;573;940GZZDLWLA;dlr
883;940GZZDLEIN;719;940GZZDLSTD;dlr
883;940GZZDLEIN;749;940GZZDLSHS;dlr
883;940GZZDLEIN;757;940GZZDLWHM;dlr
883;940GZZDLEIN;842;940GZZDLCAN;dlr
883;940GZZDLEIN;850;940GZZDLALL;dlr
883;940GZZDLEIN;851;940GZZDLBOW;dlr
883;940GZZDLEIN;853;940GZZDLLDP;dlr
883;940GZZDLEIN;854;940GZZDLCLA;dlr
883;940GZZDLEIN;855;940GZZDLHEQ;dlr
883;940GZZDLEIN;856;940GZZDLISL;dlr
883;940GZZDLEIN;857;940GZZDLMUD;dlr
883;940GZZDLEIN;858;940GZZDLPOP;dlr
883;940GZZDLEIN;859;940GZZDLPUD;dlr
883;940GZZDLEIN;860;940GZZDLSHA;dlr
883;940GZZDLEIN;861;940GZZDLSOQ;dlr
883;940GZZDLEIN;862;940GZZDLLIM;dlr
883;940GZZDLEIN;864;940GZZDLTWG;dlr
883;940GZZDLEIN;865;940GZZDLWFE;dlr
883;940GZZDLEIN;866;940GZZDLWIQ;dlr
883;940GZZDLEIN;867;940GZZDLDEV;dlr
883;940GZZDLEIN;879;940GZZDLCUT;dlr
883;940GZZDLEIN;882;940GZZDLBLA;dlr
883;940GZZDLEIN;884;940GZZDLCGT;dlr
883;940GZZDLEIN;886;940GZZDLRVC;dlr
883;940GZZDLEIN;887;940GZZDLCUS;dlr
883;940GZZDLEIN;888;940GZZDLPRE;dlr
883;940GZZDLEIN;889;940GZZDLSTL;dlr
883;940GZZDLEIN;890;940GZZDLRAL;dlr
883;940GZZDLEIN;891;940GZZDLBPK;dlr
883;940GZZDLEIN;893;940GZZDLCYP;dlr
883;940GZZDLEIN;894;940GZZDLGAL;dlr
883;940GZZDLEIN;895;940GZZDLBEC;dlr
883;940GZZDLEIN;897;940GZZDLDEP;dlr
883;940GZZDLEIN;928;940GZZDLGRE;dlr
883;940GZZDLEIN;940;940GZZDLLEW;dlr
884;940GZZDLCGT;504;940GZZDLSIT;dlr
884;940GZZDLCGT;513;940GZZDLBNK;dlr
884;940GZZDLCGT;523;940GZZDLKGV;dlr
884;940GZZDLCGT;533;940GZZDLLCA;dlr
884;940GZZDLCGT;538;940GZZDLPDK;dlr
884;940GZZDLCGT;559;940GZZDLWSV;dlr
884;940GZZDLCGT;573;940GZZDLWLA;dlr
884;940GZZDLCGT;719;940GZZDLSTD;dlr
884;940GZZDLCGT;749;940GZZDLSHS;dlr
884;940GZZDLCGT;750;940GZZDLABR;dlr
884;940GZZDLCGT;757;940GZZDLWHM;dlr
884;940GZZDLCGT;842;940GZZDLCAN;dlr
884;940GZZDLCGT;850;940GZZDLALL;dlr
884;940GZZDLCGT;851;940GZZDLBOW;dlr
884;940GZZDLCGT;853;940GZZDLLDP;dlr
884;940GZZDLCGT;854;940GZZDLCLA;dlr
884;940GZZDLCGT;855;940GZZDLHEQ;dlr
884;940GZZDLCGT;856;940GZZDLISL;dlr
884;940GZZDLCGT;857;940GZZDLMUD;dlr
884;940GZZDLCGT;858;940GZZDLPOP;dlr
884;940GZZDLCGT;859;940GZZDLPUD;dlr
884;940GZZDLCGT;860;940GZZDLSHA;dlr
884;940GZZDLCGT;861;940GZZDLSOQ;dlr
884;940GZZDLCGT;862;940GZZDLLIM;dlr
884;940GZZDLCGT;864;940GZZDLTWG;dlr
884;940GZZDLCGT;865;940GZZDLWFE;dlr
884;940GZZDLCGT;866;940GZZDLWIQ;dlr
884;940GZZDLCGT;867;940GZZDLDEV;dlr
884;940GZZDLCGT;879;940GZZDLCUT;dlr
884;940GZZDLCGT;882;940GZZDLBLA;dlr
884;940GZZDLCGT;883;940GZZDLEIN;dlr
884;940GZZDLCGT;886;940GZZDLRVC;dlr
884;940GZZDLCGT;887;940GZZDLCUS;dlr
884;940GZZDLCGT;888;940GZZDLPRE;dlr
884;940GZZDLCGT;889;940GZZDLSTL;dlr
884;940GZZDLCGT;890;940GZZDLRAL;dlr
884;940GZZDLCGT;891;940GZZDLBPK;dlr
884;940GZZDLCGT;893;940GZZDLCYP;dlr
884;940GZZDLCGT;894;940GZZDLGAL;dlr
884;940GZZDLCGT;895;940GZZDLBEC;dlr
884;940GZZDLCGT;897;940GZZDLDEP;dlr
884;940GZZDLCGT;898;940GZZDLELV;dlr
884;940GZZDLCGT;928;940GZZDLGRE;dlr
884;940GZZDLCGT;940;940GZZDLLEW;dlr
886;940GZZDLRVC;504;940GZZDLSIT;dlr
886;940GZZDLRVC;513;940GZZDLBNK;dlr
886;940GZZDLRVC;523;940GZZDLKGV;dlr
886;940GZZDLRVC;533;940GZZDLLCA;dlr
886;940GZZDLRVC;538;940GZZDLPDK;dlr
886;940GZZDLRVC;573;940GZZDLWLA;dlr
886;940GZZDLRVC;719;940GZZDLSTD;dlr
886;940GZZDLRVC;749;940GZZDLSHS;dlr
886;940GZZDLRVC;750;940GZZDLABR;dlr
886;940GZZDLRVC;757;940GZZDLWHM;dlr
886;940GZZDLRVC;842;940GZZDLCAN;dlr
886;940GZZDLRVC;850;940GZZDLALL;dlr
886;940GZZDLRVC;851;940GZZDLBOW;dlr
886;940GZZDLRVC;853;940GZZDLLDP;dlr
886;940GZZDLRVC;854;940GZZDLCLA;dlr
886;940GZZDLRVC;855;940GZZDLHEQ;dlr
886;940GZZDLRVC;856;940GZZDLISL;dlr
886;940GZZDLRVC;857;940GZZDLMUD;dlr
886;940GZZDLRVC;858;940GZZDLPOP;dlr
886;940GZZDLRVC;859;940GZZDLPUD;dlr
886;940GZZDLRVC;860;940GZZDLSHA;dlr
886;940GZZDLRVC;861;940GZZDLSOQ;dlr
886;940GZZDLRVC;862;940GZZDLLIM;dlr
886;940GZZDLRVC;864;940GZZDLTWG;dlr
886;940GZZDLRVC;865;940GZZDLWFE;dlr
886;940GZZDLRVC;866;940GZZDLWIQ;dlr
886;940GZZDLRVC;867;940GZZDLDEV;dlr
886;940GZZDLRVC;879;940GZZDLCUT;dlr
886;940GZZDLRVC;882;940GZZDLBLA;dlr
886;940GZZDLRVC;883;940GZZDLEIN;dlr
886;940GZZDLRVC;884;940GZZDLCGT;dlr
886;940GZZDLRVC;887;940GZZDLCUS;dlr
886;940GZZDLRVC;888;940GZZDLPRE;dlr
886;940GZZDLRVC;889;940GZZDLSTL;dlr
886;940GZZDLRVC;890;940GZZDLRAL;dlr
886;940GZZDLRVC;891;940GZZDLBPK;dlr
886;940GZZDLRVC;893;940GZZDLCYP;dlr
886;940GZZDLRVC;894;940GZZDLGAL;dlr
886;940GZZDLRVC;895;940GZZDLBEC;dlr
886;940GZZDLRVC;897;940GZZDLDEP;dlr
886;940GZZDLRVC;898;940GZZDLELV;dlr
886;940GZZDLRVC;928;940GZZDLGRE;dlr
886;940GZZDLRVC;940;940GZZDLLEW;dlr
887;940GZZDLCUS;504;940GZZDLSIT;dlr
887;940GZZDLCUS;513;940GZZDLBNK;dlr
887;940GZZDLCUS;523;940GZZDLKGV;dlr
887;940GZZDLCUS;533;940GZZDLLCA;dlr
887;940GZZDLCUS;538;940GZZDLPDK;dlr
887;940GZZDLCUS;573;940GZZDLWLA;dlr
887;940GZZDLCUS;719;940GZZDLSTD;dlr
887;940GZZDLCUS;749;940GZZDLSHS;dlr
887;940GZZDLCUS;757;940GZZDLWHM;dlr
887;940GZZDLCUS;842;940GZZDLCAN;dlr
887;940GZZDLCUS;850;940GZZDLALL;dlr
887;940GZZDLCUS;851;940GZZDLBOW;dlr
887;940GZZDLCUS;853;940GZZDLLDP;dlr
887;940GZZDLCUS;854;940GZZDLCLA;dlr
887;940GZZDLCUS;856;940GZZDLISL;dlr
887;940GZZDLCUS;857;940GZZDLMUD;dlr
887;940GZZDLCUS;858;940GZZDLPOP;dlr
887;940GZZDLCUS;859;940GZZDLPUD;dlr
887;940GZZDLCUS;860;940GZZDLSHA;dlr
887;940GZZDLCUS;861;940GZZDLSOQ;dlr
887;940GZZDLCUS;862;940GZZDLLIM;dlr
887;940GZZDLCUS;864;940GZZDLTWG;dlr
887;940GZZDLCUS;865;940GZZDLWFE;dlr
887;940GZZDLCUS;866;940GZZDLWIQ;dlr
887;940GZZDLCUS;867;940GZZDLDEV;dlr
887;940GZZDLCUS;879;940GZZDLCUT;dlr
887;940GZZDLCUS;882;940GZZDLBLA;dlr
887;940GZZDLCUS;883;940GZZDLEIN;dlr
887;940GZZDLCUS;884;940GZZDLCGT;dlr
887;940GZZDLCUS;886;940GZZDLRVC;dlr
887;940GZZDLCUS;888;940GZZDLPRE;dlr
887;940GZZDLCUS;889;940GZZDLSTL;dlr
887;940GZZDLCUS;890;940GZZDLRAL;dlr
887;940GZZDLCUS;891;940GZZDLBPK;dlr
887;940GZZDLCUS;893;940GZZDLCYP;dlr
887;940GZZDLCUS;894;940GZZDLGAL;dlr
887;940GZZDLCUS;895;940GZZDLBEC;dlr
887;940GZZDLCUS;897;940GZZDLDEP;dlr
887;940GZZDLCUS;898;940GZZDLELV;dlr
887;940GZZDLCUS;928;940GZZDLGRE;dlr
887;940GZZDLCUS;940;940GZZDLLEW;dlr
888;940GZZDLPRE;504;940GZZDLSIT;dlr
888;940GZZDLPRE;513;940GZZDLBNK;dlr
888;940GZZDLPRE;523;940GZZDLKGV;dlr
888;940GZZDLPRE;533;940GZZDLLCA;dlr
888;940GZZDLPRE;538;940GZZDLPDK;dlr
888;940GZZDLPRE;573;940GZZDLWLA;dlr
888;940GZZDLPRE;719;940GZZDLSTD;dlr
888;940GZZDLPRE;749;940GZZDLSHS;dlr
888;940GZZDLPRE;750;940GZZDLABR;dlr
888;940GZZDLPRE;757;940GZZDLWHM;dlr
888;940GZZDLPRE;842;940GZZDLCAN;dlr
888;940GZZDLPRE;850;940GZZDLALL;dlr
888;940GZZDLPRE;851;940GZZDLBOW;dlr
888;940GZZDLPRE;853;940GZZDLLDP;dlr
888;940GZZDLPRE;854;940GZZDLCLA;dlr
888;940GZZDLPRE;856;940GZZDLISL;dlr
888;940GZZDLPRE;857;940GZZDLMUD;dlr
888;940GZZDLPRE;858;940GZZDLPOP;dlr
888;940GZZDLPRE;859;940GZZDLPUD;dlr
888;940GZZDLPRE;860;940GZZDLSHA;dlr
888;940GZZDLPRE;861;940GZZDLSOQ;dlr
888;940GZZDLPRE;862;940GZZDLLIM;dlr
888;940GZZDLPRE;864;940GZZDLTWG;dlr
888;940GZZDLPRE;865;940GZZDLWFE;dlr
888;940GZZDLPRE;866;940GZZDLWIQ;dlr
888;940GZZDLPRE;867;940GZZDLDEV;dlr
888;940GZZDLPRE;879;940GZZDLCUT;dlr
888;940GZZDLPRE;882;940GZZDLBLA;dlr
888;940GZZDLPRE;883;940GZZDLEIN;dlr
888;940GZZDLPRE;884;940GZZDLCGT;dlr
888;940GZZDLPRE;886;940GZZDLRVC;dlr
888;940GZZDLPRE;887;940GZZDLCUS;dlr
888;940GZZDLPRE;889;940GZZDLSTL;dlr
888;940GZZDLPRE;890;940GZZDLRAL;dlr
888;940GZZDLPRE;891;940GZZDLBPK;dlr
888;940GZZDLPRE;893;940GZZDLCYP;dlr
888;940GZZDLPRE;894;940GZZDLGAL;dlr
888;940GZZDLPRE;895;940GZZDLBEC;dlr
888;940GZZDLPRE;897;940GZZDLDEP;dlr
888;940GZZDLPRE;898;940GZZDLELV;dlr
888;940GZZDLPRE;928;940GZZDLGRE;dlr
888;940GZZDLPRE;940;940GZZDLLEW;dlr
889;940GZZDLSTL;504;940GZZDLSIT;dlr
889;940GZZDLSTL;523;940GZZDLKGV;dlr
889;940GZZDLSTL;533;940GZZDLLCA;dlr
889;940GZZDLSTL;538;940GZZDLPDK;dlr
889;940GZZDLSTL;559;940GZZDLWSV;dlr
889;940GZZDLSTL;573;940GZZDLWLA;dlr
889;940GZZDLSTL;719;940GZZDLSTD;dlr
889;940GZZDLSTL;749;940GZZDLSHS;dlr
889;940GZZDLSTL;750;940GZZDLABR;dlr
889;940GZZDLSTL;757;940GZZDLWHM;dlr
889;940GZZDLSTL;853;940GZZDLLDP;dlr
889;940GZZDLSTL;858;940GZZDLPOP;dlr
889;940GZZDLSTL;860;940GZZDLSHA;dlr
889;940GZZDLSTL;862;940GZZDLLIM;dlr
889;940GZZDLSTL;864;940GZZDLTWG;dlr
889;940GZZDLSTL;865;940GZZDLWFE;dlr
889;940GZZDLSTL;879;940GZZDLCUT;dlr
889;940GZZDLSTL;883;940GZZDLEIN;dlr
889;940GZZDLSTL;884;940GZZDLCGT;dlr
889;940GZZDLSTL;886;940GZZDLRVC;dlr
889;940GZZDLSTL;887;940GZZDLCUS;dlr
889;940GZZDLSTL;888;940GZZDLPRE;dlr
889;940GZZDLSTL;890;940GZZDLRAL;dlr
889;940GZZDLSTL;893;940GZZDLCYP;dlr
889;940GZZDLSTL;894;940GZZDLGAL;dlr
889;940GZZDLSTL;895;940GZZDLBEC;dlr
889;940GZZDLSTL;940;940GZZDLLEW;dlr
890;940GZZDLRAL;504;940GZZDLSIT;dlr
890;940GZZDLRAL;513;940GZZDLBNK;dlr
890;940GZZDLRAL;533;940GZZDLLCA;dlr
890;940GZZDLRAL;538;940GZZDLPDK;dlr
890;940GZZDLRAL;573;940GZZDLWLA;dlr
890;940GZZDLRAL;719;940GZZDLSTD;dlr
890;940GZZDLRAL;749;940GZZDLSHS;dlr
890;940GZZDLRAL;757;940GZZDLWHM;dlr
890;940GZZDLRAL;842;940GZZDLCAN;dlr
890;940GZZDLRAL;851;940GZZDLBOW;dlr
890;940GZZDLRAL;854;940GZZDLCLA;dlr
890;940GZZDLRAL;856;940GZZDLISL;dlr
890;940GZZDLRAL;858;940GZZDLPOP;dlr
890;940GZZDLRAL;860;940GZZDLSHA;dlr
890;940GZZDLRAL;861;940GZZDLSOQ;dlr
890;940GZZDLRAL;862;940GZZDLLIM;dlr
890;940GZZDLRAL;864;940GZZDLTWG;dlr
890;940GZZDLRAL;865;940GZZDLWFE;dlr
890;940GZZDLRAL;866;940GZZDLWIQ;dlr
890;940GZZDLRAL;867;940GZZDLDEV;dlr
890;940GZZDLRAL;879;940GZZDLCUT;dlr
890;940GZZDLRAL;882;940GZZDLBLA;dlr
890;940GZZDLRAL;883;940GZZDLEIN;dlr
890;940GZZDLRAL;884;940GZZDLCGT;dlr
890;940GZZDLRAL;886;940GZZDLRVC;dlr
890;940GZZDLRAL;887;940GZZDLCUS;dlr
890;940GZZDLRAL;888;940GZZDLPRE;dlr
890;940GZZDLRAL;889;940GZZDLSTL;dlr
890;940GZZDLRAL;891;940GZZDLBPK;dlr
890;940GZZDLRAL;893;940GZZDLCYP;dlr
890;940GZZDLRAL;894;940GZZDLGAL;dlr
890;940GZZDLRAL;895;940GZZDLBEC;dlr
890;940GZZDLRAL;897;940GZZDLDEP;dlr
890;940GZZDLRAL;928;940GZZDLGRE;dlr
890;940GZZDLRAL;940;940GZZDLLEW;dlr
891;940GZZDLBPK;504;940GZZDLSIT;dlr
891;940GZZDLBPK;513;940GZZDLBNK;dlr
891;940GZZDLBPK;573;940GZZDLWLA;dlr
891;940GZZDLBPK;719;940GZZDLSTD;dlr
891;940GZZDLBPK;842;940GZZDLCAN;dlr
891;940GZZDLBPK;858;940GZZDLPOP;dlr
891;940GZZDLBPK;860;940GZZDLSHA;dlr
891;940GZZDLBPK;862;940GZZDLLIM;dlr
891;940GZZDLBPK;864;940GZZDLTWG;dlr
891;940GZZDLBPK;865;940GZZDLWFE;dlr
891;940GZZDLBPK;866;940GZZDLWIQ;dlr
891;940GZZDLBPK;879;940GZZDLCUT;dlr
891;940GZZDLBPK;883;940GZZDLEIN;dlr
891;940GZZDLBPK;884;940GZZDLCGT;dlr
891;940GZZDLBPK;886;940GZZDLRVC;dlr
891;940GZZDLBPK;887;940GZZDLCUS;dlr
891;940GZZDLBPK;888;940GZZDLPRE;dlr
891;940GZZDLBPK;890;940GZZDLRAL;dlr
891;940GZZDLBPK;894;940GZZDLGAL;dlr
891;940GZZDLBPK;895;940GZZDLBEC;dlr
891;940GZZDLBPK;897;940GZZDLDEP;dlr
891;940GZZDLBPK;940;940GZZDLLEW;dlr
893;940GZZDLCYP;504;940GZZDLSIT;dlr
893;940GZZDLCYP;513;940GZZDLBNK;dlr
893;940GZZDLCYP;573;940GZZDLWLA;dlr
893;940GZZDLCYP;719;940GZZDLSTD;dlr
893;940GZZDLCYP;749;940GZZDLSHS;dlr
893;940GZZDLCYP;757;940GZZDLWHM;dlr
893;940GZZDLCYP;842;940GZZDLCAN;dlr
893;940GZZDLCYP;850;940GZZDLALL;dlr
893;940GZZDLCYP;851;940GZZDLBOW;dlr
893;940GZZDLCYP;853;940GZZDLLDP;dlr
893;940GZZDLCYP;858;940GZZDLPOP;dlr
893;940GZZDLCYP;860;940GZZDLSHA;dlr
893;940GZZDLCYP;862;940GZZDLLIM;dlr
893;940GZZDLCYP;864;940GZZDLTWG;dlr
893;940GZZDLCYP;865;940GZZDLWFE;dlr
893;940GZZDLCYP;879;940GZZDLCUT;dlr
893;940GZZDLCYP;882;940GZZDLBLA;dlr
893;940GZZDLCYP;883;940GZZDLEIN;dlr
893;940GZZDLCYP;884;940GZZDLCGT;dlr
893;940GZZDLCYP;886;940GZZDLRVC;dlr
893;940GZZDLCYP;887;940GZZDLCUS;dlr
893;940GZZDLCYP;888;940GZZDLPRE;dlr
893;940GZZDLCYP;890;940GZZDLRAL;dlr
893;940GZZDLCYP;894;940GZZDLGAL;dlr
893;940GZZDLCYP;895;940GZZDLBEC;dlr
893;940GZZDLCYP;940;940GZZDLLEW;dlr
894;940GZZDLGAL;504;940GZZDLSIT;dlr
894;940GZZDLGAL;513;940GZZDLBNK;dlr
894;940GZZDLGAL;533;940GZZDLLCA;dlr
894;940GZZDLGAL;538;940GZZDLPDK;dlr
894;940GZZDLGAL;573;940GZZDLWLA;dlr
894;940GZZDLGAL;719;940GZZDLSTD;dlr
894;940GZZDLGAL;749;940GZZDLSHS;dlr
894;940GZZDLGAL;757;940GZZDLWHM;dlr
894;940GZZDLGAL;842;940GZZDLCAN;dlr
894;940GZZDLGAL;851;940GZZDLBOW;dlr
894;940GZZDLGAL;853;940GZZDLLDP;dlr
894;940GZZDLGAL;854;940GZZDLCLA;dlr
894;940GZZDLGAL;857;940GZZDLMUD;dlr
894;940GZZDLGAL;858;940GZZDLPOP;dlr
894;940GZZDLGAL;860;940GZZDLSHA;dlr
894;940GZZDLGAL;861;940GZZDLSOQ;dlr
894;940GZZDLGAL;862;940GZZDLLIM;dlr
894;940GZZDLGAL;864;940GZZDLTWG;dlr
894;940GZZDLGAL;865;940GZZDLWFE;dlr
894;940GZZDLGAL;866;940GZZDLWIQ;dlr
894;940GZZDLGAL;867;940GZZDLDEV;dlr
894;940GZZDLGAL;879;940GZZDLCUT;dlr
894;940GZZDLGAL;882;940GZZDLBLA;dlr
894;940GZZDLGAL;883;940GZZDLEIN;dlr
894;940GZZDLGAL;884;940GZZDLCGT;dlr
894;940GZZDLGAL;886;940GZZDLRVC;dlr
894;940GZZDLGAL;887;940GZZDLCUS;dlr
894;940GZZDLGAL;888;940GZZDLPRE;dlr
894;940GZZDLGAL;890;940GZZDLRAL;dlr
894;940GZZDLGAL;891;940GZZDLBPK;dlr
894;940GZZDLGAL;895;940GZZDLBEC;dlr
894;940GZZDLGAL;940;940GZZDLLEW;dlr
895;940GZZDLBEC;504;940GZZDLSIT;dlr
895;940GZZDLBEC;513;940GZZDLBNK;dlr
895;940GZZDLBEC;533;940GZZDLLCA;dlr
895;940GZZDLBEC;538;940GZZDLPDK;dlr
895;940GZZDLBEC;559;940GZZDLWSV;dlr
895;940GZZDLBEC;573;940GZZDLWLA;dlr
895;940GZZDLBEC;719;940GZZDLSTD;dlr
895;940GZZDLBEC;749;940GZZDLSHS;dlr
895;940GZZDLBEC;750;940GZZDLABR;dlr
895;940GZZDLBEC;757;940GZZDLWHM;dlr
895;940GZZDLBEC;842;940GZZDLCAN;dlr
895;940GZZDLBEC;850;940GZZDLALL;dlr
895;940GZZDLBEC;851;940GZZDLBOW;dlr
895;940GZZDLBEC;853;940GZZDLLDP;dlr
895;940GZZDLBEC;854;940GZZDLCLA;dlr
895;940GZZDLBEC;856;940GZZDLISL;dlr
895;940GZZDLBEC;858;940GZZDLPOP;dlr
895;940GZZDLBEC;860;940GZZDLSHA;dlr
895;940GZZDLBEC;861;940GZZDLSOQ;dlr
895;940GZZDLBEC;862;940GZZDLLIM;dlr
895;940GZZDLBEC;864;940GZZDLTWG;dlr
895;940GZZDLBEC;865;940GZZDLWFE;dlr
895;940GZZDLBEC;866;940GZZDLWIQ;dlr
895;940GZZDLBEC;867;940GZZDLDEV;dlr
895;940GZZDLBEC;879;940GZZDLCUT;dlr
895;940GZZDLBEC;882;940GZZDLBLA;dlr
895;940GZZDLBEC;883;940GZZDLEIN;dlr
895;940GZZDLBEC;884;940GZZDLCGT;dlr
895;940GZZDLBEC;886;940GZZDLRVC;dlr
895;940GZZDLBEC;887;940GZZDLCUS;dlr
895;940GZZDLBEC;888;940GZZDLPRE;dlr
895;940GZZDLBEC;889;940GZZDLSTL;dlr
895;940GZZDLBEC;890;940GZZDLRAL;dlr
895;940GZZDLBEC;891;940GZZDLBPK;dlr
895;940GZZDLBEC;893;940GZZDLCYP;dlr
895;940GZZDLBEC;894;940GZZDLGAL;dlr
895;940GZZDLBEC;897;940GZZDLDEP;dlr
895;940GZZDLBEC;928;940GZZDLGRE;dlr
895;940GZZDLBEC;940;940GZZDLLEW;dlr
897;940GZZDLDEP;504;940GZZDLSIT;dlr
897;940GZZDLDEP;513;940GZZDLBNK;dlr
897;940GZZDLDEP;533;940GZZDLLCA;dlr
897;940GZZDLDEP;538;940GZZDLPDK;dlr
897;940GZZDLDEP;559;940GZZDLWSV;dlr
897;940GZZDLDEP;719;940GZZDLSTD;dlr
897;940GZZDLDEP;842;940GZZDLCAN;dlr
897;940GZZDLDEP;850;940GZZDLALL;dlr
897;940GZZDLDEP;851;940GZZDLBOW;dlr
897;940GZZDLDEP;853;940GZZDLLDP;dlr
897;940GZZDLDEP;854;940GZZDLCLA;dlr
897;940GZZDLDEP;855;940GZZDLHEQ;dlr
897;940GZZDLDEP;856;940GZZDLISL;dlr
897;940GZZDLDEP;857;940GZZDLMUD;dlr
897;940GZZDLDEP;858;940GZZDLPOP;dlr
897;940GZZDLDEP;859;940GZZDLPUD;dlr
897;940GZZDLDEP;860;940GZZDLSHA;dlr
897;940GZZDLDEP;861;940GZZDLSOQ;dlr
897;940GZZDLDEP;862;940GZZDLLIM;dlr
897;940GZZDLDEP;864;940GZZDLTWG;dlr
897;940GZZDLDEP;865;940GZZDLWFE;dlr
897;940GZZDLDEP;866;940GZZDLWIQ;dlr
897;940GZZDLDEP;867;940GZZDLDEV;dlr
897;940GZZDLDEP;879;940GZZDLCUT;dlr
897;940GZZDLDEP;882;940GZZDLBLA;dlr
897;940GZZDLDEP;883;940GZZDLEIN;dlr
897;940GZZDLDEP;884;940GZZDLCGT;dlr
897;940GZZDLDEP;886;940GZZDLRVC;dlr
897;940GZZDLDEP;887;940GZZDLCUS;dlr
897;940GZZDLDEP;888;940GZZDLPRE;dlr
897;940GZZDLDEP;890;940GZZDLRAL;dlr
897;940GZZDLDEP;891;940GZZDLBPK;dlr
897;940GZZDLDEP;893;940GZZDLCYP;dlr
897;940GZZDLDEP;895;940GZZDLBEC;dlr
897;940GZZDLDEP;898;940GZZDLELV;dlr
897;940GZZDLDEP;928;940GZZDLGRE;dlr
897;940GZZDLDEP;940;940GZZDLLEW;dlr
898;940GZZDLELV;504;940GZZDLSIT;dlr
898;940GZZDLELV;513;940GZZDLBNK;dlr
898;940GZZDLELV;533;940GZZDLLCA;dlr
898;940GZZDLELV;719;940GZZDLSTD;dlr
898;940GZZDLELV;842;940GZZDLCAN;dlr
898;940GZZDLELV;850;940GZZDLALL;dlr
898;940GZZDLELV;851;940GZZDLBOW;dlr
898;940GZZDLELV;853;940GZZDLLDP;dlr
898;940GZZDLELV;854;940GZZDLCLA;dlr
898;940GZZDLELV;855;940GZZDLHEQ;dlr
898;940GZZDLELV;856;940GZZDLISL;dlr
898;940GZZDLELV;857;940GZZDLMUD;dlr
898;940GZZDLELV;859;940GZZDLPUD;dlr
898;940GZZDLELV;860;940GZZDLSHA;dlr
898;940GZZDLELV;861;940GZZDLSOQ;dlr
898;940GZZDLELV;862;940GZZDLLIM;dlr
898;940GZZDLELV;864;940GZZDLTWG;dlr
898;940GZZDLELV;865;940GZZDLWFE;dlr
898;940GZZDLELV;866;940GZZDLWIQ;dlr
898;940GZZDLELV;867;940GZZDLDEV;dlr
898;940GZZDLELV;879;940GZZDLCUT;dlr
898;940GZZDLELV;884;940GZZDLCGT;dlr
898;940GZZDLELV;886;940GZZDLRVC;dlr
898;940GZZDLELV;887;940GZZDLCUS;dlr
898;940GZZDLELV;888;940GZZDLPRE;dlr
898;940GZZDLELV;897;940GZZDLDEP;dlr
898;940GZZDLELV;928;940GZZDLGRE;dlr
898;940GZZDLELV;940;940GZZDLLEW;dlr
928;940GZZDLGRE;504;940GZZDLSIT;dlr
928;940GZZDLGRE;513;940GZZDLBNK;dlr
928;940GZZDLGRE;533;940GZZDLLCA;dlr
928;940GZZDLGRE;719;940GZZDLSTD;dlr
928;940GZZDLGRE;842;940GZZDLCAN;dlr
928;940GZZDLGRE;850;940GZZDLALL;dlr
928;940GZZDLGRE;851;940GZZDLBOW;dlr
928;940GZZDLGRE;853;940GZZDLLDP;dlr
928;940GZZDLGRE;854;940GZZDLCLA;dlr
928;940GZZDLGRE;855;940GZZDLHEQ;dlr
928;940GZZDLGRE;856;940GZZDLISL;dlr
928;940GZZDLGRE;857;940GZZDLMUD;dlr
928;940GZZDLGRE;858;940GZZDLPOP;dlr
928;940GZZDLGRE;859;940GZZDLPUD;dlr
928;940GZZDLGRE;860;940GZZDLSHA;dlr
928;940GZZDLGRE;861;940GZZDLSOQ;dlr
928;940GZZDLGRE;862;940GZZDLLIM;dlr
928;940GZZDLGRE;864;940GZZDLTWG;dlr
928;940GZZDLGRE;865;940GZZDLWFE;dlr
928;940GZZDLGRE;866;940GZZDLWIQ;dlr
928;940GZZDLGRE;867;940GZZDLDEV;dlr
928;940GZZDLGRE;879;940GZZDLCUT;dlr
928;940GZZDLGRE;883;940GZZDLEIN;dlr
928;940GZZDLGRE;884;940GZZDLCGT;dlr
928;940GZZDLGRE;886;940GZZDLRVC;dlr
928;940GZZDLGRE;887;940GZZDLCUS;dlr
928;940GZZDLGRE;888;940GZZDLPRE;dlr
928;940GZZDLGRE;890;940GZZDLRAL;dlr
928;940GZZDLGRE;895;940GZZDLBEC;dlr
928;940GZZDLGRE;897;940GZZDLDEP;dlr
928;940GZZDLGRE;898;940GZZDLELV;dlr
928;940GZZDLGRE;940;940GZZDLLEW;dlr
940;940GZZDLLEW;504;940GZZDLSIT;dlr
940;940GZZDLLEW;513;940GZZDLBNK;dlr
940;940GZZDLLEW;523;940GZZDLKGV;dlr
940;940GZZDLLEW;533;940GZZDLLCA;dlr
940;940GZZDLLEW;538;940GZZDLPDK;dlr
940;940GZZDLLEW;559;940GZZDLWSV;dlr
940;940GZZDLLEW;573;940GZZDLWLA;dlr
940;940GZZDLLEW;719;940GZZDLSTD;dlr
940;940GZZDLLEW;749;940GZZDLSHS;dlr
940;940GZZDLLEW;750;940GZZDLABR;dlr
940;940GZZDLLEW;842;940GZZDLCAN;dlr
940;940GZZDLLEW;850;940GZZDLALL;dlr
940;940GZZDLLEW;851;940GZZDLBOW;dlr
940;940GZZDLLEW;853;940GZZDLLDP;dlr
940;940GZZDLLEW;854;940GZZDLCLA;dlr
940;940GZZDLLEW;855;940GZZDLHEQ;dlr
940;940GZZDLLEW;856;940GZZDLISL;dlr
940;940GZZDLLEW;857;940GZZDLMUD;dlr
940;940GZZDLLEW;858;940GZZDLPOP;dlr
940;940GZZDLLEW;859;940GZZDLPUD;dlr
940;940GZZDLLEW;860;940GZZDLSHA;dlr
940;940GZZDLLEW;861;940GZZDLSOQ;dlr
940;940GZZDLLEW;862;940GZZDLLIM;dlr
940;940GZZDLLEW;864;940GZZDLTWG;dlr
940;940GZZDLLEW;865;940GZZDLWFE;dlr
940;940GZZDLLEW;866;940GZZDLWIQ;dlr
940;940GZZDLLEW;867;940GZZDLDEV;dlr
940;940GZZDLLEW;879;940GZZDLCUT;dlr
940;940GZZDLLEW;882;940GZZDLBLA;dlr
940;940GZZDLLEW;883;940GZZDLEIN;dlr
940;940GZZDLLEW;884;940GZZDLCGT;dlr
940;940GZZDLLEW;886;940GZZDLRVC;dlr
940;940GZZDLLEW;887;940GZZDLCUS;dlr
940;940GZZDLLEW;888;940GZZDLPRE;dlr
940;940GZZDLLEW;889;940GZZDLSTL;dlr
940;940GZZDLLEW;890;940GZZDLRAL;dlr
940;940GZZDLLEW;891;940GZZDLBPK;dlr
940;940GZZDLLEW;893;940GZZDLCYP;dlr
940;940GZZDLLEW;894;940GZZDLGAL;dlr
940;940GZZDLLEW;895;940GZZDLBEC;dlr
940;940GZZDLLEW;897;940GZZDLDEP;dlr
940;940GZZDLLEW;898;940GZZDLELV;dlr
940;940GZZDLLEW;928;940GZZDLGRE;dlr
504;940GZZDLSIT;898;940GZZDLELV;dlr
523;940GZZDLKGV;850;940GZZDLALL;dlr
523;940GZZDLKGV;854;940GZZDLCLA;dlr
523;940GZZDLKGV;856;940GZZDLISL;dlr
523;940GZZDLKGV;861;940GZZDLSOQ;dlr
523;940GZZDLKGV;866;940GZZDLWIQ;dlr
523;940GZZDLKGV;867;940GZZDLDEV;dlr
523;940GZZDLKGV;887;940GZZDLCUS;dlr
523;940GZZDLKGV;897;940GZZDLDEP;dlr
538;940GZZDLPDK;750;940GZZDLABR;dlr
538;940GZZDLPDK;850;940GZZDLALL;dlr
538;940GZZDLPDK;859;940GZZDLPUD;dlr
538;940GZZDLPDK;867;940GZZDLDEV;dlr
538;940GZZDLPDK;891;940GZZDLBPK;dlr
538;940GZZDLPDK;898;940GZZDLELV;dlr
559;940GZZDLWSV;857;940GZZDLMUD;dlr
559;940GZZDLWSV;859;940GZZDLPUD;dlr
559;940GZZDLWSV;861;940GZZDLSOQ;dlr
559;940GZZDLWSV;867;940GZZDLDEV;dlr
559;940GZZDLWSV;894;940GZZDLGAL;dlr
749;940GZZDLSHS;865;940GZZDLWFE;dlr
750;940GZZDLABR;538;940GZZDLPDK;dlr
750;940GZZDLABR;865;940GZZDLWFE;dlr
750;940GZZDLABR;886;940GZZDLRVC;dlr
750;940GZZDLABR;890;940GZZDLRAL;dlr
750;940GZZDLABR;895;940GZZDLBEC;dlr
757;940GZZDLWHM;860;940GZZDLSHA;dlr
850;940GZZDLALL;523;940GZZDLKGV;dlr
850;940GZZDLALL;891;940GZZDLBPK;dlr
851;940GZZDLBOW;889;940GZZDLSTL;dlr
851;940GZZDLBOW;891;940GZZDLBPK;dlr
853;940GZZDLLDP;523;940GZZDLKGV;dlr
853;940GZZDLLDP;890;940GZZDLRAL;dlr
853;940GZZDLLDP;891;940GZZDLBPK;dlr
854;940GZZDLCLA;523;940GZZDLKGV;dlr
854;940GZZDLCLA;749;940GZZDLSHS;dlr
854;940GZZDLCLA;882;940GZZDLBLA;dlr
855;940GZZDLHEQ;538;940GZZDLPDK;dlr
855;940GZZDLHEQ;882;940GZZDLBLA;dlr
855;940GZZDLHEQ;890;940GZZDLRAL;dlr
856;940GZZDLISL;523;940GZZDLKGV;dlr
856;940GZZDLISL;882;940GZZDLBLA;dlr
856;940GZZDLISL;894;940GZZDLGAL;dlr
857;940GZZDLMUD;890;940GZZDLRAL;dlr
859;940GZZDLPUD;538;940GZZDLPDK;dlr
859;940GZZDLPUD;757;940GZZDLWHM;dlr
859;940GZZDLPUD;883;940GZZDLEIN;dlr
859;940GZZDLPUD;888;940GZZDLPRE;dlr
859;940GZZDLPUD;895;940GZZDLBEC;dlr
861;940GZZDLSOQ;523;940GZZDLKGV;dlr
864;940GZZDLTWG;749;940GZZDLSHS;dlr
864;940GZZDLTWG;864;940GZZDLTWG;dlr
865;940GZZDLWFE;750;940GZZDLABR;dlr
867;940GZZDLDEV;559;940GZZDLWSV;dlr
867;940GZZDLDEV;893;940GZZDLCYP;dlr
882;940GZZDLBLA;523;940GZZDLKGV;dlr
882;940GZZDLBLA;853;940GZZDLLDP;dlr
882;940GZZDLBLA;854;940GZZDLCLA;dlr
882;940GZZDLBLA;856;940GZZDLISL;dlr
882;940GZZDLBLA;889;940GZZDLSTL;dlr
883;940GZZDLEIN;750;940GZZDLABR;dlr
883;940GZZDLEIN;898;940GZZDLELV;dlr
887;940GZZDLCUS;750;940GZZDLABR;dlr
887;940GZZDLCUS;855;940GZZDLHEQ;dlr
888;940GZZDLPRE;855;940GZZDLHEQ;dlr
889;940GZZDLSTL;842;940GZZDLCAN;dlr
889;940GZZDLSTL;851;940GZZDLBOW;dlr
889;940GZZDLSTL;854;940GZZDLCLA;dlr
889;940GZZDLSTL;859;940GZZDLPUD;dlr
890;940GZZDLRAL;559;940GZZDLWSV;dlr
890;940GZZDLRAL;853;940GZZDLLDP;dlr
890;940GZZDLRAL;855;940GZZDLHEQ;dlr
891;940GZZDLBPK;538;940GZZDLPDK;dlr
891;940GZZDLBPK;749;940GZZDLSHS;dlr
891;940GZZDLBPK;757;940GZZDLWHM;dlr
891;940GZZDLBPK;850;940GZZDLALL;dlr
891;940GZZDLBPK;851;940GZZDLBOW;dlr
891;940GZZDLBPK;854;940GZZDLCLA;dlr
891;940GZZDLBPK;861;940GZZDLSOQ;dlr
891;940GZZDLBPK;882;940GZZDLBLA;dlr
891;940GZZDLBPK;893;940GZZDLCYP;dlr
893;940GZZDLCYP;538;940GZZDLPDK;dlr
893;940GZZDLCYP;857;940GZZDLMUD;dlr
893;940GZZDLCYP;866;940GZZDLWIQ;dlr
893;940GZZDLCYP;867;940GZZDLDEV;dlr
893;940GZZDLCYP;889;940GZZDLSTL;dlr
893;940GZZDLCYP;897;940GZZDLDEP;dlr
894;940GZZDLGAL;559;940GZZDLWSV;dlr
894;940GZZDLGAL;850;940GZZDLALL;dlr
894;940GZZDLGAL;856;940GZZDLISL;dlr
894;940GZZDLGAL;859;940GZZDLPUD;dlr
894;940GZZDLGAL;889;940GZZDLSTL;dlr
894;940GZZDLGAL;893;940GZZDLCYP;dlr
894;940GZZDLGAL;897;940GZZDLDEP;dlr
894;940GZZDLGAL;928;940GZZDLGRE;dlr
895;940GZZDLBEC;523;940GZZDLKGV;dlr
895;940GZZDLBEC;855;940GZZDLHEQ;dlr
895;940GZZDLBEC;857;940GZZDLMUD;dlr
895;940GZZDLBEC;859;940GZZDLPUD;dlr
897;940GZZDLDEP;573;940GZZDLWLA;dlr
897;940GZZDLDEP;894;940GZZDLGAL;dlr
898;940GZZDLELV;538;940GZZDLPDK;dlr
898;940GZZDLELV;883;940GZZDLEIN;dlr
898;940GZZDLELV;889;940GZZDLSTL;dlr
898;940GZZDLELV;890;940GZZDLRAL;dlr
928;940GZZDLGRE;523;940GZZDLKGV;dlr
928;940GZZDLGRE;538;940GZZDLPDK;dlr
928;940GZZDLGRE;559;940GZZDLWSV;dlr
928;940GZZDLGRE;882;940GZZDLBLA;dlr
928;940GZZDLGRE;894;940GZZDLGAL;dlr
504;940GZZDLSIT;855;940GZZDLHEQ;dlr
513;940GZZDLBNK;504;940GZZDLSIT;dlr
513;940GZZDLBNK;749;940GZZDLSHS;dlr
513;940GZZDLBNK;750;940GZZDLABR;dlr
513;940GZZDLBNK;757;940GZZDLWHM;dlr
513;940GZZDLBNK;889;940GZZDLSTL;dlr
523;940GZZDLKGV;853;940GZZDLLDP;dlr
523;940GZZDLKGV;855;940GZZDLHEQ;dlr
523;940GZZDLKGV;859;940GZZDLPUD;dlr
523;940GZZDLKGV;890;940GZZDLRAL;dlr
538;940GZZDLPDK;855;940GZZDLHEQ;dlr
559;940GZZDLWSV;850;940GZZDLALL;dlr
559;940GZZDLWSV;855;940GZZDLHEQ;dlr
559;940GZZDLWSV;890;940GZZDLRAL;dlr
559;940GZZDLWSV;891;940GZZDLBPK;dlr
559;940GZZDLWSV;893;940GZZDLCYP;dlr
749;940GZZDLSHS;861;940GZZDLSOQ;dlr
749;940GZZDLSHS;891;940GZZDLBPK;dlr
750;940GZZDLABR;513;940GZZDLBNK;dlr
750;940GZZDLABR;842;940GZZDLCAN;dlr
750;940GZZDLABR;853;940GZZDLLDP;dlr
750;940GZZDLABR;856;940GZZDLISL;dlr
750;940GZZDLABR;858;940GZZDLPOP;dlr
750;940GZZDLABR;861;940GZZDLSOQ;dlr
750;940GZZDLABR;862;940GZZDLLIM;dlr
750;940GZZDLABR;882;940GZZDLBLA;dlr
750;940GZZDLABR;893;940GZZDLCYP;dlr
757;940GZZDLWHM;842;940GZZDLCAN;dlr
757;940GZZDLWHM;854;940GZZDLCLA;dlr
757;940GZZDLWHM;856;940GZZDLISL;dlr
757;940GZZDLWHM;857;940GZZDLMUD;dlr
757;940GZZDLWHM;858;940GZZDLPOP;dlr
757;940GZZDLWHM;861;940GZZDLSOQ;dlr
757;940GZZDLWHM;865;940GZZDLWFE;dlr
757;940GZZDLWHM;879;940GZZDLCUT;dlr
757;940GZZDLWHM;882;940GZZDLBLA;dlr
757;940GZZDLWHM;886;940GZZDLRVC;dlr
757;940GZZDLWHM;887;940GZZDLCUS;dlr
757;940GZZDLWHM;888;940GZZDLPRE;dlr
757;940GZZDLWHM;890;940GZZDLRAL;dlr
757;940GZZDLWHM;893;940GZZDLCYP;dlr
757;940GZZDLWHM;894;940GZZDLGAL;dlr
757;940GZZDLWHM;895;940GZZDLBEC;dlr
757;940GZZDLWHM;897;940GZZDLDEP;dlr
757;940GZZDLWHM;898;940GZZDLELV;dlr
757;940GZZDLWHM;928;940GZZDLGRE;dlr
757;940GZZDLWHM;940;940GZZDLLEW;dlr
842;940GZZDLCAN;749;940GZZDLSHS;dlr
842;940GZZDLCAN;750;940GZZDLABR;dlr
842;940GZZDLCAN;889;940GZZDLSTL;dlr
853;940GZZDLLDP;559;940GZZDLWSV;dlr
854;940GZZDLCLA;757;940GZZDLWHM;dlr
854;940GZZDLCLA;889;940GZZDLSTL;dlr
855;940GZZDLHEQ;504;940GZZDLSIT;dlr
855;940GZZDLHEQ;559;940GZZDLWSV;dlr
855;940GZZDLHEQ;858;940GZZDLPOP;dlr
855;940GZZDLHEQ;893;940GZZDLCYP;dlr
855;940GZZDLHEQ;894;940GZZDLGAL;dlr
856;940GZZDLISL;750;940GZZDLABR;dlr
856;940GZZDLISL;757;940GZZDLWHM;dlr
856;940GZZDLISL;889;940GZZDLSTL;dlr
856;940GZZDLISL;893;940GZZDLCYP;dlr
857;940GZZDLMUD;757;940GZZDLWHM;dlr
857;940GZZDLMUD;882;940GZZDLBLA;dlr
858;940GZZDLPOP;750;940GZZDLABR;dlr
858;940GZZDLPOP;855;940GZZDLHEQ;dlr
858;940GZZDLPOP;889;940GZZDLSTL;dlr
859;940GZZDLPUD;523;940GZZDLKGV;dlr
859;940GZZDLPUD;559;940GZZDLWSV;dlr
859;940GZZDLPUD;750;940GZZDLABR;dlr
859;940GZZDLPUD;893;940GZZDLCYP;dlr
861;940GZZDLSOQ;750;940GZZDLABR;dlr
861;940GZZDLSOQ;757;940GZZDLWHM;dlr
861;940GZZDLSOQ;889;940GZZDLSTL;dlr
861;940GZZDLSOQ;891;940GZZDLBPK;dlr
862;940GZZDLLIM;750;940GZZDLABR;dlr
864;940GZZDLTWG;750;940GZZDLABR;dlr
865;940GZZDLWFE;889;940GZZDLSTL;dlr
867;940GZZDLDEV;523;940GZZDLKGV;dlr
879;940GZZDLCUT;757;940GZZDLWHM;dlr
882;940GZZDLBLA;749;940GZZDLSHS;dlr
882;940GZZDLBLA;750;940GZZDLABR;dlr
888;940GZZDLPRE;559;940GZZDLWSV;dlr
889;940GZZDLSTL;513;940GZZDLBNK;dlr
889;940GZZDLSTL;856;940GZZDLISL;dlr
889;940GZZDLSTL;861;940GZZDLSOQ;dlr
889;940GZZDLSTL;882;940GZZDLBLA;dlr
889;940GZZDLSTL;891;940GZZDLBPK;dlr
889;940GZZDLSTL;897;940GZZDLDEP;dlr
889;940GZZDLSTL;898;940GZZDLELV;dlr
890;940GZZDLRAL;523;940GZZDLKGV;dlr
890;940GZZDLRAL;750;940GZZDLABR;dlr
891;940GZZDLBPK;559;940GZZDLWSV;dlr
891;940GZZDLBPK;889;940GZZDLSTL;dlr
893;940GZZDLCYP;523;940GZZDLKGV;dlr
893;940GZZDLCYP;559;940GZZDLWSV;dlr
893;940GZZDLCYP;750;940GZZDLABR;dlr
893;940GZZDLCYP;854;940GZZDLCLA;dlr
893;940GZZDLCYP;856;940GZZDLISL;dlr
893;940GZZDLCYP;859;940GZZDLPUD;dlr
893;940GZZDLCYP;861;940GZZDLSOQ;dlr
893;940GZZDLCYP;891;940GZZDLBPK;dlr
893;940GZZDLCYP;898;940GZZDLELV;dlr
893;940GZZDLCYP;928;940GZZDLGRE;dlr
894;940GZZDLGAL;750;940GZZDLABR;dlr
897;940GZZDLDEP;757;940GZZDLWHM;dlr
897;940GZZDLDEP;889;940GZZDLSTL;dlr
898;940GZZDLELV;559;940GZZDLWSV;dlr
898;940GZZDLELV;893;940GZZDLCYP;dlr
898;940GZZDLELV;895;940GZZDLBEC;dlr
928;940GZZDLGRE;757;940GZZDLWHM;dlr
928;940GZZDLGRE;893;940GZZDLCYP;dlr
940;940GZZDLLEW;757;940GZZDLWHM;dlr
504;940GZZDLSIT;513;940GZZDLBNK;dlr
891;940GZZDLBPK;928;940GZZDLGRE;dlr
